study_id,pid,file,bytes,sha256
E001,200507,slice_000.png,89511,3b4c007e3aa8a64cc126c36f56669005427ebecc29717caec7ae82aad7e3c2cd
E001,200507,slice_001.png,85491,0a8c55e8a331661d45df336a4391627a9bc8d2c1b60597c4265963dd767d55e0
E001,200507,slice_002.png,83413,05b1eeeba1c613a2367ee464d9786081152d041db4c9cfcc95bdce24de621974
E001,200507,slice_003.png,85041,7ee73c5f580570b7cbd8b69751e39bb4fa4f440fba8d2492aea99aa47be50792
E001,200507,slice_004.png,85516,ba9654a69b47e9a28dabfc45c762a3029e4dc3faf4ab1df106aec1e2fd52220d
E001,200507,slice_005.png,84170,6f3b38ea2c27b35759abdb08ffe09fa782c72f653384c21f7c5850f76a0af67a
E001,200507,slice_006.png,84448,adb7d171ab62956b2d2ae65d3bc3259e3a85d67e097c0e70e0224504c3c58238
E001,200507,slice_007.png,85856,56d74642a36157c06cb42067e2167d821cfa4b8ec79938a50d664072e0103aa6
E001,200507,slice_008.png,85274,575bb4faad3f809b74752f2029ee45bc0562d6d78cea0dd4c936bc4ca8b38594
E001,200507,slice_009.png,83320,bef80c0e78685c933312d1c2b1753afe35910857cf2de0e74548874a9b03986a
E001,200507,slice_010.png,83115,e02b489a2c837485f1391287a31d2b4770f5a74815b967abb86080cc2e7d95fb
E001,200507,slice_011.png,84311,094c271d812db8b0a7a902035f864c969cb75f09143c31922092d056be502c41
E001,200507,slice_012.png,83583,998d13633a1c551da57c3b86c8dbff55da579480f1e5324429031f141963b308
E001,200507,slice_013.png,81698,7845131629f82b5c9ce6054af5ba08e9e4fbfbef244e232dce52f2d141822d63
E001,200507,slice_014.png,81426,157ae634467c90835f175b20e16ad1e5f4dab05ba3e562913a91c389fbf46ccd
E001,200507,slice_015.png,82909,ce53afab1cb386fbcc4fdd7131f5630987e130ec504a14041484d3eb2f87983c
E001,200507,slice_016.png,82502,1553c99c6d390ca7cbd1e29d49a8dc534280d71c47aaecd77bb665bea1a1ad37
E001,200507,slice_017.png,81009,92c431556ac425748944d5a2b8d802f8d491f30c224ac78c1fe6410a44f8cb75
E001,200507,slice_018.png,81437,41617671fa282aa2a59fb299c2cdcf3c97d6f8f54bb1c6369fb032e62fc44245
E001,200507,slice_019.png,82733,168c74045f4c0b9206b2ba375e57885778c675c62887190c6fc881aeb75002b0
E001,200507,slice_020.png,82525,6ce2660e1fce23bbb70b6b203616b08aeb5a941303d8909b42fdc1f57b4a20c8
E001,200507,slice_021.png,80598,8388f694986b89a24dcf6bbff613faf8d9bf1bda1b40815063ed8d291b3298a3
E001,200507,slice_022.png,80435,98a7b373394d12bc9c1b08743568962c6d60c0191593b302e579231175338b65
E001,200507,slice_023.png,82301,731a9fde96563e01a57475b573d1f092ad26ed60dd076009d1d416eb503ef0ac
E001,200507,slice_024.png,82676,04c67bfeb47e3cb1c6dbf35da2a32844d212dbe41c41a5825efb88472e141ad8
E001,200507,slice_025.png,81387,51ca5df70e4a40d69a2c0d050140eadc10aa1859b90aeda1a1bdb0982dfd20e8
E001,200507,slice_026.png,81588,a97057379f4ae9ca65ffa0da5a2c2b505627be161a7e4e09922e68798e32aaa3
E001,200507,slice_027.png,82880,08fff84b49c1ac1c7278dc4673ca21ceb1f6bddb5c063bdee83fd565c6c8e31e
E001,200507,slice_028.png,83021,22cf7e9cd445f911401171828bd08fbd8f075509ab5780786bf0e4ab136b832b
E001,200507,slice_029.png,81731,c126222b3d15b0d5f64c0356e3ae209254061599fc7f8e42716add455c081325
E001,200507,slice_030.png,81581,3767613c2033a6d6fe4f7817f966ae248c0c52fd58fbca05dc63cb5f84f83b60
E001,200507,slice_031.png,82840,7d13b3dd7cc313f2e40feff6f46636df83d3fc31205aeac52328b09c6a19ee51
E001,200507,slice_032.png,82601,142ee61c73cf07d4573068e28e19b45c33c5933796b7dac0f1565f0d1a9d6bd5
E001,200507,slice_033.png,81053,c4a1789a0c93458ec4526e13e56ebd4f773d942cab3898f34138d294c1f21d2c
E001,200507,slice_034.png,81450,589b7dd48abb7e9107a802dd8796cda128d1aa9074098b7bdc22f95af04cae6b
E001,200507,slice_035.png,82342,952c56e1ce26b1d68b10abc4107a0ef71bef2d02729a74ab6bda28df6048f0b4
E001,200507,slice_036.png,82446,bd8b78a13b0ae3e5c5f4daa4a05fc932bba495e73cd6b58511e716f34309a3ae
E001,200507,slice_037.png,81045,236c531aba978bb44aa34f0b00d3797c158c23a279c1c52978f7066675a1b6e6
E001,200507,slice_038.png,81057,63c39bc73415496c4c5fcbff1e32d8f2036a35344217d30c0a6f821fea0a7aae
E001,200507,slice_039.png,82894,feefa9437ff2c4a4dc3ea3467cf4151bc71fa8fe309eff1bb95605cb88591b69
E001,200507,slice_040.png,83017,78a53671bdcb22b631ca28a457bf2268c5d69f13433b617fa6b16dc4699f6a7d
E001,200507,slice_041.png,81417,3e91b459976685933d744f3ea50708796487e5e7dc03b9aca5eac5ed34f3f7b8
E001,200507,slice_042.png,81047,2c3a7bf97d2a4c4e5f8912c1ca40e8a9352479573876f79f5065e3ce09ed038e
E001,200507,slice_043.png,82090,32c85589e2471ec3fe00789abc4f0b637859c70762eb0581bafafd716228f670
E001,200507,slice_044.png,82209,7a83c4f0ff3b752cc644ee5df5f7eeef8f7941251b92e7e8c5cdbc49cff66c2e
E001,200507,slice_045.png,81084,26b3e671ae7c2369ca273a21eaddbe296f8f291921de9d02744e968130e4e34d
E001,200507,slice_046.png,81020,ca0d320bfc4f82b2a7004869bf12a0c5328342499efd236c7e0b3d18f0bf0bc6
E001,200507,slice_047.png,82452,9cbfcad88fb0c4839cb5cde888dd5486fc0f3c3955755423f254f821da98b1d7
E001,200507,slice_048.png,82868,176b16f65898022638d2c9fd11456c226aef0050bfc870e307bfc1614370d2f8
E001,200507,slice_049.png,81614,088bfd2aaac87a90f6d96877e49255be91038e735258158d8fb0ebd42552b4af
E001,200507,slice_050.png,82084,f0483b4312b4c28092949a8b22bc66099882ad4678807a0ca87154daf520dd6a
E001,200507,slice_051.png,83816,c9bfaa08101920838caebf039c9ded573d7773c18011e152fdcdceb52abbca29
E001,200507,slice_052.png,84247,3afeb02e992dc9aa78f673c101074281caddf20d297f8ce72a8072684e3a578a
E001,200507,slice_053.png,83525,5139468ffa8a1d2db9dc58c8ac87275d43370e9f5044da7a2613743c0a5077ad
E001,200507,slice_054.png,83869,1ebc21427975df9e0b9ef2f915ba0a61eafa159228aaa5e9da8d8376dd4e6357
E001,200507,slice_055.png,85505,c27cc881d2ff750ec23c639d9702f7112e3c8d8f3ffc268133697123b3b739f2
E001,200507,slice_056.png,85927,75c537ee50384e190dd89c8e793a17774f3dcbc1543474f249e48ece7fc2f3d8
E001,200507,slice_057.png,85147,1a4980f3efc447817afce698deece0f634bb2f5fe4e2aa3c27023ae808ba0b2a
E001,200507,slice_058.png,85915,39f8854cc6a22481761871a0dfb1311c22c859cada5d0a41dbd7bbdf11664708
E001,200507,slice_059.png,88356,40b1db0f966e16c97c637d4cf4c7cbeddc2c05289dcb119a9c10c3a0c4d3856b
E001,200507,slice_060.png,88994,d31d2d14d7550e9bbacf91907dfbb4cc39d4120ada9b9a7f62a6349efb4b617e
E001,200507,slice_061.png,88403,929c3678186dfd49766ef3db6ee75abf3eab7eaa3c89345da88aa2a766312e95
E001,200507,slice_062.png,89354,341124e7c022636b785f65863683b35b61bc67a100be5e51d4f9a91be873c07e
E002,214753,slice_000.png,88627,dd9df5164fb01bc65994ebb8aa967e583f3cae70c4580327d8924ffb8433d0df
E002,214753,slice_001.png,86769,ec27326bcd9eef8c54b4f644fd3606f8401215df70b95701a88bedeb2b99e1d8
E002,214753,slice_002.png,85248,40be68cc749ceb3557e7095f6bd71b5df4d1378926c2d33da89d42a2a6245455
E002,214753,slice_003.png,83846,d3e625522fd65e7cfbabbdfcf61c997a75b638f8115c1ef82d57843a48c4f692
E002,214753,slice_004.png,82353,9cbf738fc8d706595ba573c98498afb777c780863cbb6f416c3299a09e005520
E002,214753,slice_005.png,81973,e3f799fd48282350d14a3e82586fae9c67d9c0634e1dbfd2cd71811707cda3a0
E002,214753,slice_006.png,81268,deabb0deac4f023f059eddcc511138b9e5a4f31de3b55f2877551acc9cee4985
E002,214753,slice_007.png,80955,767237a30eed798a41d5255a6b843a2e22b9df8ac9664a199d0c281b9b87c168
E002,214753,slice_008.png,80398,66d5ff70f2afd0e5f9c37a1974373ef80476270c9744dd243e400f12f61c3f82
E002,214753,slice_009.png,80575,5b2d362b1e074ef2673982b6915ac74e4e677da7119a2cc4c11fe9086bd4e140
E002,214753,slice_010.png,79939,0b16cf5aa202f27523ea82cb0ffc6e242a9664bbbcef9ff5a2c06496fa06a7dc
E002,214753,slice_011.png,79388,b8fb5ab2086456d7f129ee19d4adf453573e894ad00bd160a6da61c0094a1e19
E002,214753,slice_012.png,78259,20ea08a1d0b27207e265040a3825f4e0181cf22681e91fd13691a3f4d59c4415
E002,214753,slice_013.png,76713,25645aa7d1a1b96adb1e2d757a011c31ac804aa64d59c90425c441aaa9363985
E002,214753,slice_014.png,76546,b96130a84805ebef9c199236ffa1cebc42e527faa86fec632becebcf4eb4a8eb
E002,214753,slice_015.png,77013,f33526874005a02c648f6e803fbcc7d1792a451f10831a219b9449f53f1977eb
E002,214753,slice_016.png,76585,ebad6b014125684f0ead827643395f9d01052ce48df5a4b175b51ec5d98668e1
E002,214753,slice_017.png,77116,ecf56085b3161580da69ed796a0813e108493fd272a78e1362fa2a99872fff06
E002,214753,slice_018.png,77705,45a243d2f5ac8d449ecee2f8a0fc79466baf4a310e9d75f95f0e085c253b21b9
E002,214753,slice_019.png,77986,6e0b7eec477faf0452d6a5666a2070d1559836e8b2c133d72099bb30c1961e9f
E002,214753,slice_020.png,78311,d9193fa3b8a2b7104fa669b3cba8cf39ba4b997ac587d816d03cefc1c76bd1a9
E002,214753,slice_021.png,78705,ea3a6aa9722743fc34157fec5535fa8f1d7ce7d225c2df8e6b2f9a603bb5a39b
E002,214753,slice_022.png,78235,68a78b375312a1464bf6c63353e0dc939b9f5bf8d0fcec5d8b723a7558fdd561
E002,214753,slice_023.png,77515,79da85ae46001ee8a8fa1de20ff9c6a13d25cdaa70ebe926489e038c6a29309f
E002,214753,slice_024.png,77928,25bf1cb31d3ed3a4fe732d3aae0f8fcfd9960b04212f7dd89fb99fb7f7a9164d
E002,214753,slice_025.png,77267,59331765ad263bbf013660dd963305a75ee455d1c693349a9ef60d0e28af8eda
E002,214753,slice_026.png,77905,2d5772bd62f66f2709fb2f120e1913e5f60511203b4dfee6435c3208002185e3
E002,214753,slice_027.png,77993,b4f3bcfa22e8b3c7fe3b1b21f098fa2dc412ee47a0d5bd01e316c8366c284c9e
E002,214753,slice_028.png,77497,5721e83f367d21b4129a6cbf7fa1cf08d08849c022b1764b1fc0268fe55094f4
E002,214753,slice_029.png,76785,4521afc7c5337608be6c84a28e13f4bc431fb95ecbb75550c259042402d8e490
E002,214753,slice_030.png,76441,80eb164016918645f5a86a7ac8bc8ccef7ba93123383725bcc241329287339bb
E002,214753,slice_031.png,76453,e6d0ee31b92ad37596c6708b01ea0459beaceb62ca6e01c9a1f5820be9de5ddf
E002,214753,slice_032.png,75964,8a54ee18c0954d2abb9117741384240ef4713637d8eba2c1d8ba99f582446f22
E002,214753,slice_033.png,76157,d14fedb877d5d7a4fb9e7d981f88d2595589921e848e6d18737c576e5e90301a
E002,214753,slice_034.png,75181,8912de77e68361e15439035de7d3d28579a0557978d5db040a3a0e9ed1a93b7f
E002,214753,slice_035.png,75951,b762106b4a234c20cb4929ac1ea310e0b0b66fecb2ff2c9bd7308261d0890826
E002,214753,slice_036.png,76301,df58d7e083d4912ef011fc7f7171ba40ceb3efa75d639745351daebb42431c47
E002,214753,slice_037.png,75979,7869dcbb5280037b92b87d7c3fbbb7028d384a906f5f7c766b601efaef9c796d
E002,214753,slice_038.png,75994,6714de95c4e1a1bd74e53b5c4e03848572e86e444893b9495ff4e2b57b155249
E002,214753,slice_039.png,76008,93daf8ca1cac514f490e01fab381bbb0f0ce092a4303d81403748b092d0b444f
E002,214753,slice_040.png,76278,49c78f587b0a91b13e32f8d7100120ba77e57130f59fac328bd0a8664d07bece
E002,214753,slice_041.png,76087,f3c99c5f3ac364c62ae38f23d495b5a5730e7553648c53393a1cdd6c45b63dcb
E002,214753,slice_042.png,76184,046c551fe48c9e6eefca717b580685bb4c3ef3ae061b60ca587a31ef71f44bf0
E002,214753,slice_043.png,76411,2be897dbf8815e598e7349b4cf81321bab02e73839afef291da33b9bb7a9cc67
E002,214753,slice_044.png,76974,43ca353a20c473ceb587c456419ac639081299faeede38a3e6127cd5b1ac0fd9
E002,214753,slice_045.png,77289,5ab3bceeea43bddd4228f07de5ee4b8e6151cc0bb2d15e52a15e48ec0c835e7f
E002,214753,slice_046.png,77404,6d450a5deed9f3e915b8e78690645a13e12225e40ee4eef5485dfd10d813bd62
E002,214753,slice_047.png,77096,0ddfa262c46b0cdb1d3743de2011a53c7fa78a66bd64114c4e00d77c87687466
E002,214753,slice_048.png,77360,dbffad129c19fe6b30e842ce5d35f480f741b3f2c40aab4af9f4b952ff630a09
E002,214753,slice_049.png,77214,4cec35240fcb2fd87fece172bee01bd2cbfd2992d3372598642ac508ea0aa526
E002,214753,slice_050.png,77275,2934b55facea38420def172d06af9c03876ef8965de7b77ae3bb945bb896db2f
E002,214753,slice_051.png,76826,28f6ce31a41c85a54c25bef1e8844777210df0d2412fe4925fe535af438bcdfd
E002,214753,slice_052.png,77051,e969f287f64eccddb46f1d6dee199470186c98c506c5d59250dbe3f37c230157
E002,214753,slice_053.png,77237,11ed95d5960577e6789a1d3af78850af12c2afb041e0cd0c01e0887bd8e00945
E002,214753,slice_054.png,78264,e06d5ff4edf36bc37bd3ff44f322e98f344d849b7456376d1a014c1a6100d2f1
E002,214753,slice_055.png,78841,03b1279f409987119d08d1ccebde5898db5b6551cabd2bc339de66c886a7a751
E002,214753,slice_056.png,79529,730c5128129b947f33881bf0d3803990fbbef60740cd93cf52af64b73a0e79f7
E002,214753,slice_057.png,79940,af8627d70ba3fa8b9aa892596ea24410cb7c3d8ac1cbeefcdf138e23b58a5578
E002,214753,slice_058.png,79335,6739141b23a073b66e110659c7b6e0163629aadd9c3627294c93f8134a8e50f5
E002,214753,slice_059.png,79351,d04050f2ccd6febc65ff5cf9382a06544e891047ab8be364de5dd3171839598d
E002,214753,slice_060.png,79013,03cfe0a8124cccac164b8bb661d01aa166ebe09aa26649061dc997e48f8b841d
E002,214753,slice_061.png,79036,254fd20bd3f6b2abcd843fd40094832cb753eab7985dd34dd5bbc32ad8c336ab
E002,214753,slice_062.png,79381,f98c2cb4fe990c8259717f2bc70b6bcfef89b344ef8ce94a38ad41b45afba0fd
E002,214753,slice_063.png,79574,35784d32230b0953849e57fe644d2b43369c12361e1ab47690f423196d693ebc
E002,214753,slice_064.png,79686,a0178ef53d8dceda1c56a139903061b288991a7f57bd83c47740b0a944f43c53
E002,214753,slice_065.png,79805,6d59d4429f817962d942a01d0324d8c72af29f977a75aba116b961cbe0ce5d88
E002,214753,slice_066.png,80127,131e48a2f3bc3a4883c363b8b4d40ee2befcb5e6aa6a1ee172c61a30c56d14a1
E002,214753,slice_067.png,80087,e84acfd89fb54702e32b0f88df9a65a95a7973d5a917a8aa2ff8446846a7f916
E002,214753,slice_068.png,80101,5dc635cbce7e7fe592ce7d3a75638272e9ec9b96ae4d913ac3f0a339944a29cb
E002,214753,slice_069.png,80722,b6921d49df712b514cb098ead547b1966a298f87c9d194c5d399048521951f32
E002,214753,slice_070.png,80719,8a2715da770641c25be06557301b364a6d891ca4ee96e86184e53e7b2ab4bf0d
E002,214753,slice_071.png,81190,ea689471fe13db924e10167829354e22cec8366d8040cbf9316743f528f67ed8
E002,214753,slice_072.png,84673,99bbbf80836eeac95790e495aac044ea6b78711281ae6290768ea2949ddcb9d3
E003,209920,slice_000.png,65727,7a57e6d3dbe6d96f0fe034104e03660a54dd0753ef07fdfd1355c48e27cac0dd
E003,209920,slice_001.png,65282,fa3db80ae5cafa8a5b7b968430c5869d7585340afc1b3e5833c1e3047ff50888
E003,209920,slice_002.png,66317,56528358a37cf72e6a627aaa4008fe093d7e79312e247e1a7b52168189107912
E003,209920,slice_003.png,66998,3eda6dc4123af4816d03c2a0190dd8ec459a6e8713d69ba85cb5942b89b26feb
E003,209920,slice_004.png,67134,a53d7a1907c826427eff25d583e80c5cba37714fcb8acd71f6d30bcb24fc66a3
E003,209920,slice_005.png,66682,67795f6b81b9287c636f9e7d2d3a67fd3e180346221a6274a444500b06ac4ddb
E003,209920,slice_006.png,66246,fe00efcedd36d715e75ea7c46a9f92ee1568352a96ca53efb3036ae8d4756169
E003,209920,slice_007.png,66799,163a122a044eff4b30f8f82e0298d0ea78ecc9ca9ee5bdaaf3f0114ec41d1fae
E003,209920,slice_008.png,67331,454672b4600b16bb4f720a321dc4863b84e150c8a44608dc9cf645bf4fbde06a
E003,209920,slice_009.png,67696,07e954441ef4283c2de3b43a975a124253623d4619bfe1f27b04ba66d23ee2db
E003,209920,slice_010.png,68835,0486700d7beee4447fdfd2affed1cf933c09357b8711954305906fd534c76bd1
E003,209920,slice_011.png,69983,1bc8da2af6c1dbdde6dd2d6ec4daca2811020cf42c9ccdc55e8f1872b5ea3d89
E003,209920,slice_012.png,70773,984d7d2d348a5b61c701f5d1a9922096a8494a162ee1eab9aebc4683a5e39db7
E003,209920,slice_013.png,71776,3346e059235e37bc7c3a9366c2f4108c2ab877b034de5da366324e13abb85ac0
E003,209920,slice_014.png,72067,ea2e59acbd48e25a0b622a13473b9d80f2093ea9a0b356a88fffb3a675c78759
E003,209920,slice_015.png,71314,b0758e7c3df4ad7335bc1bee3688bcef2c1fde5295794d992927c0725a2ef0ef
E003,209920,slice_016.png,71495,1cbbf6cab9802c7910426959486c4a6b9d630dba29a9c11f5a95a19751558b18
E003,209920,slice_017.png,72098,a4822ff964a50f52e64a5056332471ced2710e6b3806b4306968831e4dced5c6
E003,209920,slice_018.png,72229,32f77ec1e287ec3e4592dd7f6482027c0944fc22f659ef3ddff6975110355dd2
E003,209920,slice_019.png,72795,7b8f92db3a5676752f017844dfafc0c274eef45aca5f6b738fb8b0b6a94ea721
E003,209920,slice_020.png,72879,4a5a89044e1aa2e2bc3ede65bf81999224a1424faa7cdcb12bd98b00a4fa7d10
E003,209920,slice_021.png,73281,ebb8d7edd1316b8848182e5b37523b49d755956e4b1f16b4015d3e280bc80fca
E003,209920,slice_022.png,73472,ec26fad0ceaa1dc8166846dbf61c8b1ccdcb14db0c383f23a1b0cfd4dca618d3
E003,209920,slice_023.png,73190,0f173006d0c1ebb75f6b5e23df321c9712bc63c915bbbfb0b675c91206840791
E003,209920,slice_024.png,72834,9f6b5d6931c44d771d0d84aa377c3c79c351440b0d718f91063845febe74ef8d
E003,209920,slice_025.png,73157,3f234005696e4655064dc6d1a6eb909776d8a56ba218fb68c5f5796fef4c14d6
E003,209920,slice_026.png,73599,69850995e6e1bfc87d3897ce09ef278bae5074860c92622adc976e3c247fed18
E003,209920,slice_027.png,73855,2ab956ad63573a0e98c797ce4788e3d579a59675f10a7fb6c88e90b4ff486545
E003,209920,slice_028.png,73843,ba69f8ce58bb1b8c8d96757afde6ae8a3ebc2bc28b11d617d762ee7c78055e86
E003,209920,slice_029.png,73604,956e6bdeec4d17b03f34e623a46742235b7d7ad726c79ceab6b11079f82baa3d
E003,209920,slice_030.png,73605,0526030fd9f77b7eb3fc42f2b788a927fb92c0f15eba51273347606b5e586a46
E003,209920,slice_031.png,73748,5782dd856315ddc39f37606aba60fd6b049cf8308e0e9c41a86eac7d8262ea64
E003,209920,slice_032.png,73497,8cc43576d77f133e7d195c3689092870cf1ec322d493892a3d1ad2db005a82fe
E003,209920,slice_033.png,72906,760f832ff11f99b39795e302434648d71fb24d13e9a86fa731d9971a827ba5f0
E003,209920,slice_034.png,73201,9887b6a114557bf2f7730874109bf3062c08f6c7fb49d668fe57d2979079f082
E003,209920,slice_035.png,73081,a6535de124676dda1d3fa0b5b48c68f8fb236a3ebfcf8d940fcf22fb8274867a
E003,209920,slice_036.png,72941,ee1cf1ad8bfa784eeea1468f342833d532517157e69be1715c5fbf43382f6474
E003,209920,slice_037.png,73064,28510588cf0bc9f08177bbbb054eae3f7947a04e1a10a00d7a7b63cec44696aa
E003,209920,slice_038.png,71811,02b16f734b94b387663a090fd73d6a949d26ec9eada27dbbeef91bd85f4f9b34
E003,209920,slice_039.png,71007,dbde96c4513d608a0b3affa0489dc7bcf7d3d2ee91b02b9fd9627c68934d66f0
E003,209920,slice_040.png,70540,c8f108269db178de6e3159e6f60ec546803cbcd91176bbb15344baf033b1f261
E003,209920,slice_041.png,70305,0d784d2fcfee04e81974ec24423fac336a08885350b5f6ec2404cb8517e88079
E003,209920,slice_042.png,70037,0c5bc947379f7270bc041f1eed427035bf547f052ba76ac9c7e6d91e8034b5bd
E003,209920,slice_043.png,70210,9f7d9c35ef5e061a3a966c65f91975a3f2f46c99b970d9f54172796c44ccb159
E003,209920,slice_044.png,70839,d4df3cceb7f55e4effd9d44b97227765fcd28fa7a07f211b70b259c475d5e53a
E003,209920,slice_045.png,70590,4f7ca521e3f3bcc732f9411a08da72097486ba896103d33582ab9a6249bffddd
E003,209920,slice_046.png,70469,282d1ac327f059ce18ab3859e3bbd909a41744e859c17873a3686c16c413aa59
E003,209920,slice_047.png,70581,7b9c2f75d62eaef7ce20ced7979159d2a0333d98ec55459dde6473bf78addd29
E003,209920,slice_048.png,70945,59281c461cca5af37aa82c03a6fcff9181be15b38d14634b65f9e14199ab5e0a
E003,209920,slice_049.png,70844,ea4a3f84ae6156886b5dd4c683eebb7dce13344e42798d9e01dac501a501c5be
E003,209920,slice_050.png,70739,aa05f7ff9d1610440b5a4a1446678bc378b12eb2b8992228ac145ac7cee95a0f
E003,209920,slice_051.png,70730,f3107b817a970c35a050e5ee289c24d734a0328b0592311eef6bc79810792ac0
E003,209920,slice_052.png,69738,77bb69e8f491dfafbc05f36f497a0400e882da2fec617a2ed154a6ccb2d87731
E003,209920,slice_053.png,69872,f2114223d2188cdb4adf5c611b9f35f51e8818611d4707a68685eb9792b6fa39
E003,209920,slice_054.png,69720,52d268eafea3405b56c40c14e3ef33e14dfca99133e2c1e73812c71be87895be
E003,209920,slice_055.png,69334,9c7a9df4fd8580e5edb44cbc9bc9e573f5a83281385fd212aa9bbdc27de55f2c
E003,209920,slice_056.png,69796,554ca516894f191c4d8b7b33c71bf7b535f2e6e0f04f4a4dffdc769e136b9ace
E003,209920,slice_057.png,70689,779c6429ad1de22be9ffc419bb0f8be7df88dae27e78e2e0880af27490800a33
E003,209920,slice_058.png,70937,cfc35899ca6a241aec492b8be9d75c780b0b6e17f8b04a85b09859b845a26c77
E003,209920,slice_059.png,71072,5bc5e9863ed7908a93d09a7099c32eccfcef24d1dc63b1ada9e017bbd8390b5f
E003,209920,slice_060.png,71396,2d57d2ca5b8c3b606da0177bdaf88655aa61f5e080c4e507bb97ee753bd09104
E003,209920,slice_061.png,72130,9fed55285d4fe6c7943d700e3761d24f4db6f00269cfe91f8996c3a7f0e52c4d
E003,209920,slice_062.png,73336,e2fd1afa12730b49ec61798bd9bd70a91155455e67ba52a790eeef63fe4872b0
E003,209920,slice_063.png,73162,bc4d27a2216f00cc1a5f0c1455f0a501578c2beab17968f2179906e21b9277c7
E003,209920,slice_064.png,73510,ae2e8e4d0ee4aa46422a7f5e258b3fbe788b56294e68b8784581320214156647
E003,209920,slice_065.png,76239,a6e5dc05e934f2f516bd738707a18e62b6c3c05a35d50414992cfdd61ff49f62
E004,104092,slice_000.png,75962,4636286e0edb67e44ac4f41b205e65b83597f76c85384038a042409d61dd50c1
E004,104092,slice_001.png,76004,1723221c3bf10045532916373f82dc27c883a3bf8a374742f0fa8773b9e0b633
E004,104092,slice_002.png,76577,d9de5e064b1f4d4ec8937953612d7e6b2d8f623079baadf57b010ad83208dc6d
E004,104092,slice_003.png,77399,4af80f2c96c52cd6fc25297288fb95be83fed7f22465c88f1d25780609a98e37
E004,104092,slice_004.png,77534,8706547725e20bef37d2b789535b0f0c8c25fa2db334e4f17b64c3d9dd1e54c8
E004,104092,slice_005.png,77476,7e50f89d0915d32b4ef296a2da910a39f1900eca03cb1d4cdd0271521e71e749
E004,104092,slice_006.png,77960,dc2e858a889a0911eefdc12824b0a0d5e9249d4a3de79f9d336e6d41c3a42ed4
E004,104092,slice_007.png,78392,9f6eb92e58550942f807715144966ae3645aaef0f13ac485232b8f7c4f00fed9
E004,104092,slice_008.png,78546,009cde62e3608b30ef36da7f6e9c986623f2549b9463e719196538be39dcab0c
E004,104092,slice_009.png,79933,c426701fb4ead7f84a083c043164976ac8f40c703bffffd088bc382e8a23aeee
E004,104092,slice_010.png,80364,b96d3721ee87f2e89014f9159b3536bd2d50e01f2cda769d15214006a597adde
E004,104092,slice_011.png,80211,8200a7ebafc8bef60427cdc7931bf529923e911613395544b194ff32c1fb3078
E004,104092,slice_012.png,80054,77b589c96098acd594bd8d7b138e93493add61d5126915e88d4f8c11370fe509
E004,104092,slice_013.png,79550,15f6d481103e6a91dcd5001a7e0005e3132908350f0cccef66167389171e154a
E004,104092,slice_014.png,77680,ece79d93c46c5d4ebed4ae239fe9406bd34cfa277c19f5617970f78fbdc65a0a
E004,104092,slice_015.png,78604,0bd8158ed2467f155ed7d91561fc6bdaf2200e200e45f2db76f4e45d2a66fc79
E004,104092,slice_016.png,79511,c7504b137b1e275ad8530c4eff13e1035f2961d43447c42c0d37b81bfa1c4a16
E004,104092,slice_017.png,78531,9a8ff16989fa7ce2f733796b274016b4d3055d34c481ba2f0eaab04b30aff277
E004,104092,slice_018.png,80358,94a19cfe74e8e74302e94053a8dd8516d718a823ae31719e53d9496e3ebb6d28
E004,104092,slice_019.png,79869,37a68790df7bbb499bd5d53e61dbc3d3ea981590647525f318eb9f956e2d4cd1
E004,104092,slice_020.png,79361,3f1d943e004be043695b1f2064d26afb5b998ba8aa492537f9ec23deff7ff9d4
E004,104092,slice_021.png,79146,6ab419ade377a5110496680e148b79a6f2f44988e31b0f35b4afe10c48284d95
E004,104092,slice_022.png,78603,ee5c39a88d2d96a3bd8f13bb472218f49bb01fba3cb9c368ee6b3861f4981cc7
E004,104092,slice_023.png,77842,9961c8ee03897fd039e07f2b56bff72a0b08486ffad2730fefa9de469c18b83b
E004,104092,slice_024.png,77717,1f3d3e17eef91690efee90d55540561019801c6260fe016950e38163b77279b8
E004,104092,slice_025.png,78004,428ba98357eae76729d5764d6711a6781d9a677f396e89792391fe060320b158
E004,104092,slice_026.png,77736,36a320254279bb386329f572618272c62083161762044d1e0183a88b203eaa5d
E004,104092,slice_027.png,79359,4bd73843923cdc8c2c6b4e9a59b12585af700c1a563ff723888ff367c10c0ebb
E004,104092,slice_028.png,79383,77d0bad92d143d4007833c04b52c00bcc2fcf9187dba212df2d9e54a4a716f55
E004,104092,slice_029.png,78927,022f00d31dd0632a5e6a3613f95b52386b7940480ca9c3461a00b581b13008b9
E004,104092,slice_030.png,78641,d88b15154fdba7bd4c44243e3a898937a2cddda6f98a3828484c0cd048c29aec
E004,104092,slice_031.png,77788,979f9db3caa7f935a86a6d8283122915059f0e1608dda22f771d48a0126e7eeb
E004,104092,slice_032.png,77451,9d7ff8644efa3faf85dd0f50ecf6c5860569be3dd31f2e867484527a88324ac8
E004,104092,slice_033.png,76888,8feef8cfc39d96b06e56476d80164d72f74bf64bf1ead073b6a0f883024e6566
E004,104092,slice_034.png,77087,9ed6ef7ff2566dc34f557ea4fceb477181f9cc5d4c02c791e4cd0cd9f642514f
E004,104092,slice_035.png,77303,25f86be30724b27a5bf86e107fefeecb2c8150db2b62831983ca2015da303cae
E004,104092,slice_036.png,78326,d04e12f885adef825aecf1e1e2e24a75769ec198953babe3341ba3a8cb1ecb62
E004,104092,slice_037.png,78526,a85425d8723f104ab51726f5adb6e4909767b642e64e54e7627a006edf30b3c0
E004,104092,slice_038.png,78976,18280a7c59b6b3b5911383ec699670140a73f3c10ee4b5bdb247208ef1b3c763
E004,104092,slice_039.png,78917,47509c163ba4bd75b4958f1809bc426bf655a76f23950c68102b225999944896
E004,104092,slice_040.png,78450,ae9ca55b3d10f7ef4089c58f7708e341fe1529e67c6af4f277726c514585ccfe
E004,104092,slice_041.png,77892,0d09cefa8996018c89503f4bb535b2cc41a3579f3c2ef112f313d2cdfd167cbc
E004,104092,slice_042.png,77806,ba480f4a074a87c96a070b19ddb55c5a17b56d6bf6213e35c909a46b1db81eba
E004,104092,slice_043.png,78192,1fe272fd901e3cc80bcc278b2481942097825742e3ddcd93b9cd45b7a252f91a
E004,104092,slice_044.png,79380,ff5dccc24936c05a2deb59a2521b3119455a44161aca25dfdec2ef85816049a0
E004,104092,slice_045.png,80218,8e344a509fd3306498421564e624fdafa28e84ab976d1959c790fd7ece51967c
E004,104092,slice_046.png,80550,aa096d148f0a2630d294c5c84d7ef08528418cab46ea9dfd58b4aead40640664
E004,104092,slice_047.png,80161,087a5b97a25950c3a14f35042f76cf70be1a2f68549dcc6017f2c831904e9887
E004,104092,slice_048.png,80901,3cd1d19c2c4fe825958869bcd57d9545f4df0a2aea8b8dbe5f4cf3e6719e56be
E004,104092,slice_049.png,81704,b6e0c602453480276d848985c5b494eba6b156022e2eea0220f19f37cc25b5e1
E004,104092,slice_050.png,81695,f49694afa3cc2c539286363f42d047505b6e57d5dd2273b2479c551b35087528
E004,104092,slice_051.png,82222,338eb109b8b98007bca22e21296e2f92ac38194cfa9c30dbd94fff1025cc6c95
E004,104092,slice_052.png,82645,3172a9b715e2b2f2767af44020b4ec63165391f8b5aec684989fcf43a5fbfbe7
E004,104092,slice_053.png,81749,1205e21ab270ed06efe5904cb2bfce6920282a4ca110b013458ddf16d19ffbc7
E004,104092,slice_054.png,82013,8d0129eb33348f2b62ff0dc6f7ca13d054b7205ac5a0e3062552ad24362a479d
E004,104092,slice_055.png,83241,03b0f49a0e11b12c269be7ec064c41c63ac45dcd024d5aca1dacf50e87db9c1f
E004,104092,slice_056.png,84376,aecdc98c9583468e0c687b3ac83ee877497fb4bc3a28985635408a79039f6ee5
E004,104092,slice_057.png,85861,fbb8edf20dc318bd3e233d2bd90ea4b796249de758d7a80a06258dc54565eff4
E004,104092,slice_058.png,87265,cbf6a3171cace4f276c56de65d52bd8139fee5911affeb1332c43fe9e7edac7b
E004,104092,slice_059.png,87057,91b2d2c96b374956c8651c16f11967ee186c36207c90b36fbf4b18891ba13521
E004,104092,slice_060.png,88087,ec5ef60d792af1cd0b0d342cad182e7069d4f0662cf60ff0d9ec60ec3bf643d9
E004,104092,slice_061.png,89199,7a35c3a1c817a42b7fd5df94226d4ca26173e420f5a2bb3ad7f3a2460e043f28
E005,129654,slice_000.png,132354,046001a2c5c7b85d14fc7469472af33fbb478045d1586eae10c87ba7d90068eb
E005,129654,slice_001.png,126113,e27a72614af8fdc0af6cc3286521f57525eac840ad9cd888cbb5156176a27739
E005,129654,slice_002.png,120362,1817c978c398ffbc2a5d1735c2e9eea1d1f511e855ed22cba4d466874e2de164
E005,129654,slice_003.png,115900,74394177d7cecb9722eccf3bfbb7f81f4e853a470d544efbd0f2b4291b82d854
E005,129654,slice_004.png,110326,a45d45c6972904141ca23b58e44ff248d5815e06e727b843c2856d36cbb0ef9e
E005,129654,slice_005.png,104836,b82e557079d744554abc816bb0bcdeaa34b811111fd68b0609f5482224214e01
E005,129654,slice_006.png,100164,5728cab90cfec23b1a084d82b83518ef9e2fcfbeb04ae39fb6b87edc14faf81e
E005,129654,slice_007.png,95805,4e761e633c8dea3232331a230fade876bb97940d4529bb44a14deb7e5cedf60a
E005,129654,slice_008.png,91868,7a2c1327c5ce7e1b400bf59adc4c98c7a489aa78add9cea256106f6f8c81fae2
E005,129654,slice_009.png,90062,cb32ac5777f920832c92fd109fef608547ace8b6d69be25ff1792d8f38408144
E005,129654,slice_010.png,86860,7a3232fa7e7031f19141d081eb6980935337d100041da8e36a36abd504159905
E005,129654,slice_011.png,86578,7e29e317c05be6fc6730b72bb9f355dc1eccae58e85e8764f3df82ca709edc0f
E005,129654,slice_012.png,87642,452997ecab7fef1d11b41f72af9e72056cbda6dc48524c817c78fc900665a560
E005,129654,slice_013.png,88279,14bc780bd4c67f085c89ad4e9ee176bb704a985e153ca1bba3000441c26195b1
E005,129654,slice_014.png,90301,cff05e019ef81c0019ce1dbf1985a4204d85e5b74dd76b4f77785d1e68bcaa50
E005,129654,slice_015.png,93291,200cf77df79293f9ac01df483eca187022d409091a8fbd9dd9474d39034e580d
E005,129654,slice_016.png,94908,8a78f0ef6b38c90bdefe25be3adf3821e548bd18f2b78e0166f44cf487add687
E005,129654,slice_017.png,96679,3486bee4ce71f55ef90cc10f84c93337d35002afe797c72f9d43e1038381df50
E005,129654,slice_018.png,98110,e0573da9042e76feb05806cbc8ce8df5cbb55facd23ff80a8866046dc00e4d0e
E005,129654,slice_019.png,99835,57403a85020b9801dadf3149104d5ae76f616c0fa137f8b140142eb66dbff830
E005,129654,slice_020.png,101289,1b3af0f7aade9512a51437ebefcc64e43ad82728d8231527c357c9d6d38e6730
E005,129654,slice_021.png,102169,ba3fee8a83e5634a1f267c97bcead4c3bd10ac05b7bc1e480de4a6de15f74115
E005,129654,slice_022.png,103275,c8404885b253ee95fce9a4835505a8ceb11e8bc234b4a904b4b3ec09218184f8
E005,129654,slice_023.png,103725,db8d224970f73f0efe72bb8d0b1b385a553537c650b28e1c4fd887c875490154
E005,129654,slice_024.png,103554,adb33e5da1167a75bae675ca9c2290e49ac8555d6a7b951848cb8c279e4ad8f7
E005,129654,slice_025.png,103750,a6b8465ae7c253d4451832e5f667a739a56bdba6313db89b38b60d95be555e2d
E005,129654,slice_026.png,104521,02cbf50ed9ed8969a968bba8513d059552ce148af7eb20093dbf0048e15c479c
E005,129654,slice_027.png,104864,de04e7d19ce14160db94a90aef5e06cca12426a68fa489304b175ec91d0a797b
E005,129654,slice_028.png,104450,adda1da6e1bc94276423c6118c83a995f0465a92174db6abfab3b2f683a9a16d
E005,129654,slice_029.png,103294,3e2b4246c1f17d4283a018fbb9131b0ad8d0761652e0fb25642e5f936105ab68
E005,129654,slice_030.png,103141,e75a8e3bcb0fbbb61f795f7450ed3fcc6e3fbb3438c5f883ff7d76cd01851082
E005,129654,slice_031.png,103446,78e94ddbe82876a2084b53e926eabadf1db21654e1a75b9c8b51d9c31ff0cf6c
E005,129654,slice_032.png,102102,06157832fc9f88af159ea27c3e10a4724a871bfa46b3510b79a103505b86cc60
E005,129654,slice_033.png,101330,d79275138c30a5c3681f039159f89441547a24aec891e24c5b3d55ba2dc44102
E005,129654,slice_034.png,101931,e4ba0e3abb603be94ae18f25e34c5a05b6e00f39e44a6fb571324d6f5e2adc86
E005,129654,slice_035.png,101584,6b2c87ce2464d77e5d22ae111d6341fcccb4fc575ff481392065b1d5dc5bf91d
E005,129654,slice_036.png,100003,54d540c8afeb909581066a9aa2f5a4891aef76e0ac630e896cc8ba7a565403f5
E005,129654,slice_037.png,99272,d8544e76b6ebf72c45fe7d7120e253841987b0c5262458e0c38094f2d600215a
E005,129654,slice_038.png,99089,f5000f38b060341241b18f834387a9e1395bfdfa8c5dfd88e9532166bcae26d4
E005,129654,slice_039.png,98850,57dd540f8a38b611049f15de4a07a624889be3d8b87c0ba92f79fa867fa32ca1
E005,129654,slice_040.png,98082,2291623eb4eba20afd245b97264acc40104a8dce40332746007c9c86db4f7600
E005,129654,slice_041.png,98014,57a9a9746999b4946f51022f9892972f0cfd556f1f1f15b2989f944cc01f6315
E005,129654,slice_042.png,98609,99082cf9a7dcbb7ca765b3d5ee03e7cd7d133c9b93be3fb9a0fa3f5b1a256601
E005,129654,slice_043.png,98702,90ea97d9c5dd58443f0e65c243ffd30e80cd089c3174ccb9111361e9afb000c1
E005,129654,slice_044.png,98547,394d9cc1b9e22685f4e9e2b0a8365d49235f87d705775f34796eb4dfc0405b4b
E005,129654,slice_045.png,98109,555b9e5b264926a81cbd89ec1d35d792ea23dfa1d9df32980abc38144eb197dd
E005,129654,slice_046.png,97974,b29c258c86c3e77ba702291610f5ffc7a3ae7ead09f006d866c32276c3862c45
E005,129654,slice_047.png,98397,dfc95c3599f82cbda8c5404391a565deacca4d65e3911e6a55570373dfbd1b3b
E005,129654,slice_048.png,96629,f58cc1464125271a2b3d7c6e8b819abbf8cfb48dbe48aaf42d8a74aa8494ee88
E005,129654,slice_049.png,95476,5ea510d10863fd613cd6f44030bd0ee244d539433c2736a6e968b4cf14dfc23a
E005,129654,slice_050.png,95750,82bf746593aacb06835b978f8fe84166cd4da3c20eb3b3bf9fcf05f4b22d8c88
E005,129654,slice_051.png,95961,0d59071265e550b43f402af9751d2f8c2a8b446b409e8ec8a7c521f01443069e
E005,129654,slice_052.png,96072,57523ba7c8148ed0944a735b0f34e718384358bf0c122c258b98dd857b70cbe0
E005,129654,slice_053.png,95991,5e974023ee3af96ac82b6a5907beda9af1010e432abf2cabb95240ac0ffaf65f
E005,129654,slice_054.png,96536,ca3aa719d8917117f3e5e590c051306f38263129426b9fef582e4f1a8040a853
E005,129654,slice_055.png,96776,7616e1f89a86fff4e069b88de4c4ccc238bcbfd35ca3f91212fbc933237d3dca
E005,129654,slice_056.png,95904,e07f35057b0632f6b39408b20c4366d63d183e88da3dc053bd16c0e09d58dd22
E005,129654,slice_057.png,95094,ca2a9f3b296c9c885ceb9c2c491828471a7a9f2adabe201a3c569e364a5dda4a
E005,129654,slice_058.png,94922,1cb5e635bebbeb2ddf4244004ab3b9fd402fd45bdbcb0d7bab82c93ecf2ed3be
E005,129654,slice_059.png,96007,16970219e1e1d1ba492853ba48cb67da80b36d223cb8447ec0d546109eec73f1
E005,129654,slice_060.png,95165,89ae9e6d41ed21713e2e02bcf53d0bad66db0555aca07ae693bd77ab847a0263
E005,129654,slice_061.png,95628,83db9d445a0da6a4d86c2fa77cd96c144c8e6c5006d25cb2599ac8f4ef2808a5
E005,129654,slice_062.png,96091,2a11aeb39b0c1e581a51471a69dd1951548304f785fb21cbb00fa14147674758
E005,129654,slice_063.png,96404,fe7a7d7f0b4d0d4e26da09e064bf0efddec91343711a7f731206c31028502f82
E005,129654,slice_064.png,95618,fe172c41a0e0ed34d212fce3eb749ce96ea66921deabdb3330292bc0d7ec4139
E005,129654,slice_065.png,95262,f5265842b4382ccb8afe5495b05f545a69536ff2c5aeabf9b4373cf4d4044bee
E005,129654,slice_066.png,95438,9a7ace587060d5f5cfbb419991c4b9a318db858e0919df3a89d16eecef7793ba
E005,129654,slice_067.png,95873,5e253c32ca7cc669267ebaa8eb7702227fb9a28c46c0a613ace24e8e0783f0b4
E005,129654,slice_068.png,96487,339c0ad4caab0faf47cce1c8bdda8420b366bbbf833f5e060c95e0f944f8a39c
E005,129654,slice_069.png,96896,7271cf18e46895ea682007aece3a0a6b01065fa29e784da549bdd5c954d66539
E005,129654,slice_070.png,97963,d0ac912c418d18f264af480a6f73e0cb0f7006e1abe3aa6916a82a8508395254
E005,129654,slice_071.png,99027,e2dfb9b82af4177a6ebdf56b465cf98dc09178b362d8ad50f776e2f66c1099e9
E005,129654,slice_072.png,98115,66820376f0c15e5d54bbb10712e4ee207bcba34270d2de40bf23a6df10190069
E005,129654,slice_073.png,99540,27db8e60d18e53d3f49d6d7392e0f71ee4d00a93279bcc9217b4b64b59f60430
E006,114177,slice_000.png,88619,eac3191ada7981bfbf7518dacaf6dede650dfd770a5ba1ea6a17e1f665ed7796
E006,114177,slice_001.png,82879,5c7826d159da6cf77bbfb52911f9027ab61575c996bee89ea14c692df18853cd
E006,114177,slice_002.png,77616,c4c0a13fd70051df97eca1234f80377cef79f410010f1e697dd32e9e227df28c
E006,114177,slice_003.png,76099,ede2ba2eb778cd91ab1e30d1f04069a0c95c9eec2fa6bc249ab2189189efb7e7
E006,114177,slice_004.png,73737,ba066f1de08776edfa5959a7247066dfc81c21f29c3735867c3e599284ef1a7f
E006,114177,slice_005.png,69334,b853a860880b2b0741750769f2a7f80e0f1fcc06ee066174e06b576896a4b3e0
E006,114177,slice_006.png,68429,01f5274a87f7f8a6f8d804789bb73e7b9cc3f290ac219b967115f3131da04f1e
E006,114177,slice_007.png,69998,5cd4e4a74021cac66075e3a85def3c202ebb150f5ec3a448b70efdc2fca023a1
E006,114177,slice_008.png,70321,37ab61818c90653c1c11477963f1c2f2d597aef7756ba4a4760c67cb495054af
E006,114177,slice_009.png,69397,3e00e3e4228c980790de7b9e1f2996e5c3e5ef1f8fa4d9561b3a2b739e51d3f4
E006,114177,slice_010.png,70205,be1a94580e34b292165e42601be82bc860b40e98515ffbac85e8b10e6041d683
E006,114177,slice_011.png,71832,b0593b3f206810734b14ff9d5c6f36ec7e447260811c6e3a340f28c9aab1c7b0
E006,114177,slice_012.png,72418,de9d65363a021598443430d4eca98cdee82e2e52aa87d3d45d2dfc79f0f83fd3
E006,114177,slice_013.png,71132,4ffd82dd6fda21884d4b4032ecd8289163f54961b8620e1a734989449fdde9e7
E006,114177,slice_014.png,70903,46f5d9363394bf68c0455f3e76289290708f72089a58996a03a58e8061c4d334
E006,114177,slice_015.png,73192,2f50d2c9e6be5cbd907d9cb8439350610705b42144201baaae4fd4c990ba7834
E006,114177,slice_016.png,72514,0ea5e2f3eee1f9c4bd019d22469688cd3916881fcc8828bc6ac9c571ab9f6bb3
E006,114177,slice_017.png,71973,2448650920ced166602386ba5f1bf661088a3936a0b8d025876b024a9b2595bc
E006,114177,slice_018.png,73368,e238dcd24b3b2f73902ea05fb56b3e05207f5fbf6d991ef524921b8b6530c709
E006,114177,slice_019.png,74974,ae17aea43ec74723dcc563d6f7cfa80b9ffb6a00de367aa62461432fcf139aeb
E006,114177,slice_020.png,75088,db666fe1dd20f46e38b1701dc84b7d2f9fa5f30a828940483962373fe80be513
E006,114177,slice_021.png,74295,129b75e8c1e9e6675d6179908df59df1a8963a3faed3a470e9d9a83ecaa3e091
E006,114177,slice_022.png,75083,4ccaeb4e37cf464f86691989e796da2944d3fe16d3779ed94728d3777dcd5336
E006,114177,slice_023.png,76214,04a0f557808d52c0af8c5742c8e9faa663f1c5ca1ed5c63d4e64f1dc458753fc
E006,114177,slice_024.png,75986,866e5821c4e53a6f7e627e395135f7ced06eb9980cf9bc59aef93e28d76815af
E006,114177,slice_025.png,74568,4d92b21b07be557c26d494905771e51dfe509b2435bff1d6b6d89d5b83ac7d5f
E006,114177,slice_026.png,74613,5c35fba211670df2434b8bbc42a19c74f904f774ea3b9a8d66f42de18acc6701
E006,114177,slice_027.png,75664,8ab3b3f715e3b86cab0dafafee58e63cb6f3d668e89fd6848e4ddc6a9e858678
E006,114177,slice_028.png,76241,48a0b8e19f0773a0e2fbcf3fdcfe6d8cbb91d5dd34982d58001178a1be77bc7b
E006,114177,slice_029.png,74626,1dfe2849453849ac8feb660e9512fe62c01c14a9252796dc4a6d6143875a14af
E006,114177,slice_030.png,74435,fc6de356645b6154d4ee285d440c0592eeec2dd1f2aa66a7670bb66474a98118
E006,114177,slice_031.png,75347,cdb739ac4d6106930f6c5118a022a8639e44e344571dd0a4731c42a1e8e4b075
E006,114177,slice_032.png,75042,4be36c3672abc5178b72cfcd46a9c767395980b2f67fc9c8e0fc99c640143b53
E006,114177,slice_033.png,73725,af9edd949d2ec93f1118d1b04cb8a6f4f52b144f9efe2573e2c5e5fa5fe39158
E006,114177,slice_034.png,73599,2a07b6bfcfab551f59acd908431f04bcaeb9443578b9183e65431f7866b1b4b9
E006,114177,slice_035.png,74143,2de6282e21c8077d5860d849ff5a62393dcbb986e5cdcfe9cbde9b49f523a58f
E006,114177,slice_036.png,74483,32961fca81d14f23c6cb7dec6034655c4cd67af735b4c23d33de0d63f963d0a7
E006,114177,slice_037.png,72433,4f6973d86b67be1e63b66dfd20358c543f539eaaa998ea6da4c921396be7aec7
E006,114177,slice_038.png,72477,a55817ceaf580860369301353855bfc9bb664ce06cd753581ff42d953ef4a1db
E006,114177,slice_039.png,74262,c9543f05b2f8075a09d2312ddb1e236deb9facc036f6350e94bce6214f5c9060
E006,114177,slice_040.png,74408,3dcd5a50f0aafc74e2da4a206abf3f434388b187b2c989354920978ba20281af
E006,114177,slice_041.png,72602,4a7a8ffce4be9ed813b00977a2cd870cc54205152f22cf99fcca36bb5bae6908
E006,114177,slice_042.png,72915,a5c141195c804340d6f4bbf975bccec7429adff22b6117e438d4e2557c08fa06
E006,114177,slice_043.png,73885,bd7f25f413bd78a9ad52b3d0b4969a0f0c4e095d2bba2de3103045727a6f9932
E006,114177,slice_044.png,73543,f35a4f9289673ffa200f6143ccfb696b956bcb7f039e6e2275f702e46260f79f
E006,114177,slice_045.png,71394,4efe2a437c455b6468b82a5dead9501578e6bff27748ddef3e3c7485aaea3c3f
E006,114177,slice_046.png,72097,ce9b38697cbb73dd29b8292ef1320416c93db872171fd1300280ad3454f96e60
E006,114177,slice_047.png,74170,ff2e6510c304a6810e36ca4d9512166bfc85d38d379a51c6ef100116ae106229
E006,114177,slice_048.png,74821,109b32c1c5317318f866d82874ce0c7e77ac9dab63d494af5094b39b18539ed1
E006,114177,slice_049.png,73683,f3900cb70f618e6e1561f9742a13b224c4981f0437ca5e6fce35f7f201ed5fef
E006,114177,slice_050.png,73271,725ee76e997d3961de5fa6cffc5ff1cd7ac0334cddab1ddc5f53de090146c543
E006,114177,slice_051.png,74882,a8ea482577b4d6b4fe42e43fc43d3d124fbee1ceb7aa3ba616e8762474ff82a1
E006,114177,slice_052.png,75150,5a804185ee86bee3747e085f618dce04eb55a821bae708474eb8a73deda9cedc
E006,114177,slice_053.png,74185,c9131ddf40b872e31ecbda6e5d585c1555a4116145954653b65cdf4f6594fec3
E006,114177,slice_054.png,74265,bc95cf0f27f64e5283d7e81e2e49dd9282a1a1c9005146efc925ce8c41f636ca
E006,114177,slice_055.png,75235,9d22342afbcc126a4ca90d391c680ed58e579bc7ffde531ad4182b784cd8b2d6
E006,114177,slice_056.png,74834,df1d40faac2029a7e65f467b95807955334a810f1c5960341fb2b5cfac468022
E006,114177,slice_057.png,74245,4036c9e270e8cf362d25254fbdf8b12fa7a2f5002b7b3abc9b560cf7ccaf27d9
E006,114177,slice_058.png,75104,29eca1c974b9e370d053c941c003dde20dd56d426e4780fd4e866c1c51ac37ec
E006,114177,slice_059.png,76489,ecc63b5d560eb2338af1f74060a968e8a1ef04b05a86e970fee3a736c350a7e8
E006,114177,slice_060.png,77079,0db8498fbd69b9942c9ed5c92efb5568f38a53a3f21a021917243c9e9b34a267
E006,114177,slice_061.png,76188,c90408466f338ad5e91d85b679ea3687100ebe2611bcaef9765b9258d1c28693
E006,114177,slice_062.png,75994,f75ccdf022672a6c60f6ad1552107accaea4ede46a737d6d7ca97aada435494a
E006,114177,slice_063.png,77487,163abffbb1cb6d522ddca615badfad63aef473f6e482ef179636f8ec670d5f89
E006,114177,slice_064.png,77714,1e6d161e3b845805b9363574f72ef5b5718066eb09126a0b4f1b39b09e57f008
E006,114177,slice_065.png,76563,43cf82120eb7da638a2340a18afce7a9ceb89942937d5d5a168dc2b8f7d81d4a
E006,114177,slice_066.png,77150,007cc0e3ac9f2511361050b37378f1adbe23db31b58d08979065c8f431fc9a09
E006,114177,slice_067.png,79562,c551de2ce3e5a7af986f1f2951ad1622a86ed92eba63ca6998701fc4f457bd38
E006,114177,slice_068.png,80310,f70b1e50f304b131cba5961a11f4dcf00e41b5165df81ddae4f1f978b6e95ce7
E006,114177,slice_069.png,79284,dfe82f7581cdd8b5c78e00ed7f08872e412bb376e818f0e143d41adbe91c67b7
E006,114177,slice_070.png,79877,c537df26e6411d51b5101768fe3d19aed80af14c3e63cd2ece46b8d6224bf62b
E006,114177,slice_071.png,81850,2949227f2620508550992090a8d7b4efb571e626bceaece4beb588d518571c20
E006,114177,slice_072.png,82711,5389e1903af0be83dc9fd59e120f3aa72ca5b635b22d9b980c28520736b3a533
E006,114177,slice_073.png,81748,3779942506c97dfd840784c6c9bd0150ac8345678a80c3338d684a33efc54d5c
E006,114177,slice_074.png,81943,4de9c090a69104eca9c26b5ed608110e8527cf4c06d096c975b254b6e1e7edf5
E006,114177,slice_075.png,84300,556536ef57ab5ed4d7841f6e6055bdd5de10efc187701b98ac172ae3d409d63d
E006,114177,slice_076.png,84510,a9be209d9212758476fef53b6672def2843a23fdce5c14dfbec3649df2e6ed7e
E006,114177,slice_077.png,82626,ed0ac8f59b3f3a1d2d7f5f02d63a0caa92eb5f567302b46b8b07edebcaac0634
E006,114177,slice_078.png,83824,e46154072f327ce4e3de3073a28db2dcb5fd0e3630cd23ed46264056b35148ea
E006,114177,slice_079.png,85655,e404c5939c9e2e5394e61076fa7097422477ea5803ddbf8a731c6c684ecdd725
E006,114177,slice_080.png,85875,57fcd00224029be892586c6dd3608272bbcf6e424f6c643af15508e1d599fa05
E006,114177,slice_081.png,83530,8aef2cba8889ae079012ae3261578beae5eb6b11e168bc8e93052844e60579f2
E007,200887,slice_000.png,106488,61180a1d764d29ac7c915c171dda3cffa58d4a7a7e7c27de606dfade53e0daf2
E007,200887,slice_001.png,102557,95d88e2028685ed529c5e3395b76d14571b00c32ab8beb12c967001d22614f9a
E007,200887,slice_002.png,100474,8be6b197046e54301dc47c40f2ff891f72ed78e923622468189cf3ef78d990d5
E007,200887,slice_003.png,99204,a6ff0d1d716b4f2c7cf569daed38c5e9874b4d3b7e69536f68d7ec5325dda68e
E007,200887,slice_004.png,97094,081bd2cc2bb8a341d99a07969f09e6a3c56f706e82253695459253dc6d2929c3
E007,200887,slice_005.png,96535,b204a55299498233cbe6d6a873d54cbef326166db33105f6266b1ce1891d9eea
E007,200887,slice_006.png,93934,042abc6e7af322572f2f045d696faad5155a46e35bde1e453f5eeb68b0ed59ff
E007,200887,slice_007.png,90659,69f392157b7964d336e6ce3551ebee064b7df3e985f539cff41b77166fb3d34b
E007,200887,slice_008.png,90044,5e771def3b7cd06d53cec1e36181550b702f7da2f1263df6ceb55a2141f05500
E007,200887,slice_009.png,87253,615721075169b28dba0faf081fa213167ebd56c9792642d3ec84176364299914
E007,200887,slice_010.png,84128,4cb418e52798ab2925b30af931c6a7a7f946bd929c9ac3501ffb04faf1bd3e82
E007,200887,slice_011.png,81473,d9fe88d63f06f6246174546bc3c3318d78a39b83a794e175a18a8fe488bc733c
E007,200887,slice_012.png,80936,b2dbd5ace1a11b192386cb2ea0d7835ebd2b5816d359fc5d1dc30795d1a062a2
E007,200887,slice_013.png,79545,77bb8749f01ff5012c41738f6cb89f0a7f78621d1819a5f9957cabb3495b98d1
E007,200887,slice_014.png,78795,5756588b0196fd53139bb18d78c4f66426c28369f0ddda582d139925f63a3c5b
E007,200887,slice_015.png,77870,cf8e9558ce25522df347b584ef162a2c6e25810eccd77010ea65c9c5e029e541
E007,200887,slice_016.png,78360,de0a062cdc3a9c6d808c10712ba4e0604ac31466e8940930568200102bca2b1b
E007,200887,slice_017.png,79420,deaa1c6568cfc16ce6bbfe75c6ad3bd564c6ee3ba740d26b665539ea9129c878
E007,200887,slice_018.png,77846,f02a1b6e1d1b094f0162963cb16b9a1b415699031b8c4209dcf61049658a4de2
E007,200887,slice_019.png,77243,493a51659f8ebd25cc4a26233cf5d102e4434e9607b370cc277f650fe18bbeb5
E007,200887,slice_020.png,77534,b6d19697c2de05e721397a07d3e68228ad7d8c09ac660bb90588351b7784beb0
E007,200887,slice_021.png,76930,f3aa1fe909a2f06f5af759f5bfa8907ebddd58b168e93dc3eb67290630a12853
E007,200887,slice_022.png,76414,a0c4cdcd285cf3b889aeab69b08c09974adde6c9b236df38d754323a1cc4afda
E007,200887,slice_023.png,76508,6b20f45ff99cf200319f85745979ec45c54269a9a42bc60ebaeafb0ba552a4e2
E007,200887,slice_024.png,76435,d5cf4db5b8694282602c5b6a592bd115a4b6eaca92ce6623288aec635951e897
E007,200887,slice_025.png,75903,75b8e280546d59559e64a0ad630e04110949946ea3630fa60ddc00622698717b
E007,200887,slice_026.png,75487,3f3fd0703e38dab1ffc0795269424e0424bdcc0630be3a892d5fae301deaf636
E007,200887,slice_027.png,75527,d46ff32fba4fc7c903864462648e6d9330e0e8acf8c291a364a298bf70ea19fa
E007,200887,slice_028.png,75451,707783f7111ae0adddd8a954c49eedb459d8d224c812f9602a3082dd3537370f
E007,200887,slice_029.png,74956,9dc21e2f598c1ca6bdfc50a6cedb351c0d2054634bb3355413866222446a164a
E007,200887,slice_030.png,75562,c38a5b9f0ca080ceb2adb3dbf4a56878846b76e5d34455139ba84e86c2fe8884
E007,200887,slice_031.png,75320,4d3ac6f755301e6fa5e8d1aeffb858d0a949352539ac003ff21ce09f457c93c2
E007,200887,slice_032.png,74710,019bd0a99cb673eaf6554f315d88e3bf938578401b421915e6a0b38d2a0a96b5
E007,200887,slice_033.png,74669,9959b9046434c5c797cbee21c2a201140ba48f2fc81f61113d08a9adb223dc10
E007,200887,slice_034.png,75389,abbee2239b8612c3c5af6b8279773186e2d78790007421ead2a77917198963ed
E007,200887,slice_035.png,75535,4c9e212d9f82cc1d43e02f2766a8f0018a0d8ffbe2d84278c57075f97869efe4
E007,200887,slice_036.png,75266,d2b1608c2349a3cefa2b7216a4ff8d75552f8305cf3c480866722cf78e3349b3
E007,200887,slice_037.png,74963,eae66116f2adbd47c4b0228bd63a041556d5fbc1319f98ffa46bd740f166e865
E007,200887,slice_038.png,73985,2e2b84935ec2804dfc460ec25770639e9e63f4a402fa225cd0f673d31eb359fb
E007,200887,slice_039.png,74132,9acb9e1cdb786eef54bac1fc8fac0f76f0ea33a6d2025c3549d68b9802c7b971
E007,200887,slice_040.png,74719,d4ec96f668881a55f255c1507a369933dda0890f936d31d7ad8cb35e9eddfc97
E007,200887,slice_041.png,74428,5c3a3ddcd042494a6e2a94a0726acb455e2c0f67c9fb059342f30d9b42da8f85
E007,200887,slice_042.png,74051,51519092018cb822beb9a2dbde4a7458eeadbb3140a7606cdb74bb91d6adb9ae
E007,200887,slice_043.png,74237,e77a50b8e7b726f8580cf902fa0306356e0994ac302d093086e450154db1ad21
E007,200887,slice_044.png,74252,e3da66924b8132861c7ac911530218bc0dee4de5d900f4dcf2a0d607d3f42a42
E007,200887,slice_045.png,73553,aad2b17f23bf5b21cdc7c6f7ce61492095927fee69567e47729eb555aa83159e
E007,200887,slice_046.png,72593,c050f749c2008d750062cf115218b77c56660834b77d62ab3c91b6dc4fb3cfc7
E007,200887,slice_047.png,73274,d794e41e29e10bad89972f1d2f59c469daf8083d6fed93fa68e11184995fb3d1
E007,200887,slice_048.png,73261,b2dae5a47a4456af6735a728e3e8bd23d46c02e634e645e6cf113f57656e2a94
E007,200887,slice_049.png,73051,dbdcf42369fa6308aab90ccd1c51c52bf6f04037194d93cee096304fcd99b398
E007,200887,slice_050.png,73656,e6fe3476ed1046738cd9db80462ad22ab983ea749f94d7309759566fdbd0904c
E007,200887,slice_051.png,73489,afb581ee4c022c5407279517c0b796d1fb2019287003aac089f286618c4c34af
E007,200887,slice_052.png,73237,87dc7117bd442af75b8de65c9cf19fda83be92c41f45a15cbad4ceebb49723c1
E007,200887,slice_053.png,74017,892cbdd3c4af2a82960be510afdafc626095cd9141048e3d5d81d9960048af29
E007,200887,slice_054.png,73191,20d4ea584ae39b48eddf65907986cee02fc9c6cfffb7c2e1811a4144695b3051
E007,200887,slice_055.png,72698,fd0a7a86c6d544e71c4d311980c5f79c97ee01e4b466cc772c6dce0bb4900997
E007,200887,slice_056.png,72933,2792f133c213541dd48cbda46eae68f910b68d0ef492fa264520697d49c3957a
E007,200887,slice_057.png,72499,511ccabe2b6fd1d1a6ed919f4542ad48f3c7cdaef7256a2f804f6de53132ce41
E007,200887,slice_058.png,72147,378310d9da99245f6527b19905015702608b7d6839c62491d0309d8bb4e33d4d
E007,200887,slice_059.png,71835,34a46bed8d387f176985b7823f56ac659d255cc702136b350aa683eabe94692b
E007,200887,slice_060.png,72297,ea04a22b50859cb474c674c5d74254af4c75dd29b52b9f317bbfd62659705f56
E007,200887,slice_061.png,72657,40d73855e57d265b269dd98af3f5568a51a88eb3d978c76b240adc409cf3f79b
E007,200887,slice_062.png,72559,181d7e95d3dd61fe232af66eb674540453c1f526a36c924bbe93aeed41299cac
E007,200887,slice_063.png,72887,0dfbe340beaf1025f065498702a2475f0dd82d27e2364e52b424a3547780277c
E007,200887,slice_064.png,73030,66ac50b2803c2a3476f4a28e179ba4d8541fe08813a85a9a9c7f5feb07d7856b
E007,200887,slice_065.png,71968,71c011a0dedf1fd75c7f45673d8ea4076294b10ab0d5bc7e273c9b06488ed782
E007,200887,slice_066.png,72199,c0fcb1ed7a5654ec01b2c7b5e1b006ff59cdc15eacabc9d0f41d96122a969602
E007,200887,slice_067.png,71294,e4db0b1e0079a066fb295056dbe8948c0f4c9951a1ce4bdf624bcf60099d8a41
E007,200887,slice_068.png,71290,7a43d1c6d8a3ecec9b4ce41af47eb342df1ceb16eaf0c6d194ed2a5788ccbd40
E007,200887,slice_069.png,71971,9b00b006a2e2863ecf20240eef01ca86d312da3b06360c20f771fca571237ad5
E007,200887,slice_070.png,72148,5ad981bdb8a7c5d241eb123f593c3f5b132f8c12b56c4a1d128815f3bdc10645
E007,200887,slice_071.png,73122,fee139d01fbafbce3f133b2cccc1cd347ff6ec1c345044e0c4660c0ed6051437
E007,200887,slice_072.png,74143,de5e267d78977400d3b50cb1583a00252e87c2e2dca5d9960a060dacbbac432e
E007,200887,slice_073.png,73612,30909c631689bc15ef0aefe7c4fbe11abc79923d4f8beea9d1a5a15650634150
E007,200887,slice_074.png,74226,e88b6a1a7bedbcf3f869012b211fa89f7993265998b7d93e03b2b15e0b4e86b0
E007,200887,slice_075.png,74543,7203f05c481398fbcd300eff51e8b4d6cf064340cbe46ce2ed985564c219da08
E007,200887,slice_076.png,74226,c23a732bf12b897ad82e81aef831251c67870e87a718050078c70f94037dac25
E008,125009,slice_000.png,91181,9bd8b6b56079df182ffbce9b88ab0381a4898f5cb923e47147b62b704859068b
E008,125009,slice_001.png,87507,e3623aa6ce272d77efd219890270e70f0c2364cc4778bc2f1e6d1356bf17c792
E008,125009,slice_002.png,85034,1e8c81d2310ffe8f030c53bfae4991b2f31e0913a00cec261e9a3ac585fe29ae
E008,125009,slice_003.png,84184,29bc8900d7ff0a11b9e7cf76b1c1487f9169eba5d94cbe92f85a1b5a0dfb81ba
E008,125009,slice_004.png,82551,fd2c6d3a45ed7e0f8bf75b867ac9aaf11b9ce7ec3126ac954fa203ed843966e7
E008,125009,slice_005.png,79929,930e5cdb4563b0aa5b0d6f769792f245d3ca2a99ce7ee09d69d04dab048d9d5e
E008,125009,slice_006.png,81054,c830e101f6b9a05214ba1269b43e71a3581f4e9a1b2f92795a49e7f1b13ec867
E008,125009,slice_007.png,83160,19ca0499935e77cbed733ddd44b18852e753d62c484708d6fd68e09f3fb2c6a1
E008,125009,slice_008.png,84970,cb525d06aa0ca2a3c06a1af30e55b7f129218e22f652307c2c13eda308a49338
E008,125009,slice_009.png,84131,0c5d5382e9de9704f53a5d9f436ae24926dff593bf61944644372547c263d3f7
E008,125009,slice_010.png,84413,f9f3464b8211368bfd377d1a8f9e5757c133efc0b87cf6c4f139ebdd8f75f5fe
E008,125009,slice_011.png,87324,c646cd269c02bafff6e073f923f5f8c534fbbe0a29e7084cf8cec4d10333dd66
E008,125009,slice_012.png,88283,04aee349b3170f1b8bf4d5f5b1ce2ac44368f9476046a952a15a9e1ba3c3d19c
E008,125009,slice_013.png,87552,39b431816ee73da84f9fe76983ae2e464de6950d450114c5f4270c3b61d3b67a
E008,125009,slice_014.png,87277,20b045cdd4e9626f194a8a435017ceac8900ef6c508995beb8cac1e5feee556c
E008,125009,slice_015.png,89199,e61a9a3e3aca1c4da65ec9ac60d174bcfadd8a5442c0bf9c248f2c8443251ead
E008,125009,slice_016.png,90560,4a5ef037220b5edbcb26bbf9a1ac77c7f9e5679e39326b5135e2467a2f1188ba
E008,125009,slice_017.png,89887,09346f5e079b1eb9a48df1c18da2e9a22b5a96f4b54a1f062db79c5db4888be2
E008,125009,slice_018.png,90027,bdb03ddca4aad5d4b23debc408401a88c5975746462ee9bc682f057c8c722d95
E008,125009,slice_019.png,91946,65f0ac8e61fa857512decce53433eff5855dd9ad9ae28a6f3d209a30a3114375
E008,125009,slice_020.png,91995,2014daed36893b64156e1fda50347bcd66297b07d8faa7db2bcdfb67010d3523
E008,125009,slice_021.png,90387,2915a6b4283222f0a1e3295be0fe78b79b5705c4317c2c600a8aa1a555c2f14d
E008,125009,slice_022.png,89917,a0dd70100727d67199354a58f1e97ddb51c2d3f2cc9dc387d736e4754466b471
E008,125009,slice_023.png,90537,30463bfb4e09f4d59037a43e21b522e762b7ed23c4fa40be0cf8cccc504e619c
E008,125009,slice_024.png,90171,908564cbe1b72fcf41277b399c5ae8872f1de0fff345beb84f41a6fbf2b5e39c
E008,125009,slice_025.png,88507,8fc9efe4e498b865a31e18d3335affcf4f0e27c06505f4fc9392f75ff9535769
E008,125009,slice_026.png,89064,88305d8e0120f103ae028f2419ec898d54a3fcbfcb0f31c1d365ebf4ca094cdf
E008,125009,slice_027.png,91083,cf4fe26b743bca285fea4a7874fcf44c04a7ed32fd952099334d5e47e6d286e9
E008,125009,slice_028.png,91312,20be75112c0c32617b668421f5e0644a9ba8e4cfb717d20df48be38f3aec0def
E008,125009,slice_029.png,90015,2c76583a172b66f856f874d700dc52ef1fa709a9b4ca23045f9c493fb8431742
E008,125009,slice_030.png,89486,1863a8650f4f645613a80b68243127f5c5ebf7f58b1287a795bb5cec2e1bb139
E008,125009,slice_031.png,90285,7a4e736ebe05323e11b452b56914a7ec352f18d7a3218384fe58a0d9a2c2dac0
E008,125009,slice_032.png,88812,3eaca254e0f8911eb71a99876132cd9de07a1620f0a9f79d8d18a50e81d5ba7d
E008,125009,slice_033.png,87947,7d46502362a8d18197976962c2a3075faa2c3d9001887494b187ce850abd5d26
E008,125009,slice_034.png,87957,6fccd167e5ca8ee9e52fee2554d202cb7ef8b0f60b099e4a2e341525d158c3f7
E008,125009,slice_035.png,88504,733dcce7bef154ef42c56ab98a428243eef899f0279364a748253fea37d90696
E008,125009,slice_036.png,89126,869cd1df628d14c81c96f2e3726b2c9113fb71c443785ad05a785a59c856c130
E008,125009,slice_037.png,87394,f05549a8005e586575513c38a7c5b4439c2396ae619d3de7c0b0370ff7129bc6
E008,125009,slice_038.png,87709,b95e655c893d56b82d7aa2170070aa65ec4977c332827598c6d23c68572cca29
E008,125009,slice_039.png,89068,f9f798196589fcca006a2c901b30cfca0ed6a0502b6817162c1a15335a606842
E008,125009,slice_040.png,88113,12419e4b0cac6d84522003719f8a48529ab27505cc4fa09fb35d8fc8a855ea08
E008,125009,slice_041.png,86609,2e04687ec1f401faadd29858f2e51e754623fce5138b1069237092bf55eddb71
E008,125009,slice_042.png,86433,c484f8be050ae62014e55b0243d047db5fa8ab6f77b91edc6c808d6a1eb8a4c0
E008,125009,slice_043.png,88257,e19695813120fc58fa4e4635323d7397db959cfeab6ef612421ef0de41bcbd12
E008,125009,slice_044.png,88305,8ed4470ef406a91fc76410af1283ca41bafb280c1c3be6b3b93ff403394ba54f
E008,125009,slice_045.png,86887,1dca8c99ff022392e59cf7b46a1b0ece86ec6360c6f5a720aa971603f7d53beb
E008,125009,slice_046.png,87257,1408d113016b0edf5654f141db7fdba1d1dd5c076fec6b075156136eba5e0e76
E008,125009,slice_047.png,88650,bcf37de1c935b8c1b27cdf0145f9f4f1380dd8b39853f345f78aa096f195e8a3
E008,125009,slice_048.png,87973,a643a5ac746f27916deea63fa0d5c9768d0eeb86d46fdd0797a1c5e49fd2a64d
E008,125009,slice_049.png,86973,9385064888d869df143f05f29cee0091a433b5f0dc11c60d413ce98b2fe238bd
E008,125009,slice_050.png,86719,5660bfad51e77e495011fd85ec0a756d5366bfc327e38390efdb6a9fc481d9d4
E008,125009,slice_051.png,87490,2b035e142f1ce3934a0f525df9a64820402cc536368c0851b31b6f7481423699
E008,125009,slice_052.png,88327,e4821f71f9af7006b2bc83573c4df1761a2d7bee7b75cc8fb5c36e7e53a06fe1
E008,125009,slice_053.png,86375,4f66190667d30c807d26655ef821800373f6d7711da28ee453dde06c65ed2d03
E008,125009,slice_054.png,85399,2dbce8e1bf7df61eff1b57f55ccf92c630630d9164274550d9c4cbb1a2ff7d07
E008,125009,slice_055.png,87561,c921c021646f87efa4338cdf7d75fc5659a6b79d7ae13cde8429ee76d3656c74
E008,125009,slice_056.png,87124,52728231a1bdd80f4efccf4730106049d08e96151fe5f762946215ecad367a9c
E008,125009,slice_057.png,86523,866a135a4151432bd7ec6282d977857cc6d099d5f3548442145cfe39c6dde13c
E008,125009,slice_058.png,86762,739997d619f6bf1f364f4329cc39491580d7ae523afe3a04bad2180cc1d15178
E008,125009,slice_059.png,87777,8d6ea7bfa5afc7803ba101ec2b2e13368c1156e6396cca39e5ea3b4873632a48
E008,125009,slice_060.png,89003,b7ecb479334220d78c23644059e442b5fa3267fca91e9bee1a500a8185470086
E008,125009,slice_061.png,87493,e8b97b9f1d45099b11edac89929a069e50458adee1e822674f7f4afcf9e777cf
E008,125009,slice_062.png,87813,64f501f141065bf724804491ba0213e4a07cb215a680bfa88ced903070e19b97
E008,125009,slice_063.png,90485,c9f9cc61e0c08c3275650632fd78783a2ec6035d33c479aedf3438202a55796c
E008,125009,slice_064.png,92357,47b305f600fbf827c3af66cc20118dba3148bac54b12f1adac291aee99433f72
E009,212729,slice_000.png,86946,cc56a5ed0f9613abc8526e0baaf038bbcb5342fda71c0130e437a318650b0fa7
E009,212729,slice_001.png,83789,fb57131fcde3b37519610293893bc918478f417510773310a66acb0fe481c8f5
E009,212729,slice_002.png,81400,907a78016bee9a5cddcbb75ce5b021ba706da106b10b2006c765a216a64cefcd
E009,212729,slice_003.png,78520,dc9418ff92a908e23a3a71b22a400504f18332116ce6dbdda016aa05be33fbd4
E009,212729,slice_004.png,75407,40b09961b27a11e1683879f7e7f862864ada2ebe8bf7a64de38a2f1e02764aed
E009,212729,slice_005.png,74965,f71d825573ff19466a74f9874a0bdc744fff320fa337c1ac04b6a2640896037d
E009,212729,slice_006.png,74257,4d53319d0104c5753dca5afa2c0c446a0ed06f10b04607a6d0cfa39db073295a
E009,212729,slice_007.png,73847,19e48a37943bd93f471dc6b8abfbe4d1297a75f472d1771d9777cc0ce0e9e442
E009,212729,slice_008.png,73589,9696d94193fba245cd77f4fd32751f07f528ccf03e2188c2c0d37278b6e54ccf
E009,212729,slice_009.png,73366,b53c15458530a69d1c625d234e0c949cb592aae6e247cbe019aabfe3b0c5a116
E009,212729,slice_010.png,73171,7bb543db3ad5c4132d4ba7f673434cb8791d5d0f545cf635f9f224af9d3fc88e
E009,212729,slice_011.png,72769,202700395c28d901c824983352da0f351e795ae67a8e8e0f64bae539f2790b14
E009,212729,slice_012.png,72649,102b8d07c0c063648e23ef9abdc6c0372dcc127e3b0f308d1cbb2b2a4d6e4243
E009,212729,slice_013.png,72203,fe310e3a8206f540164c747933bab09d44f67aae7f538b199685f243b0d558c5
E009,212729,slice_014.png,72195,ebaedc5d9f569db961fe28f98028c7a11b399d8cf55bd30ea6578d4d630d9918
E009,212729,slice_015.png,72918,554e1c8827e309e201a2501ac84364c89a0ded9a8bfa023bc88d4a3dd860449e
E009,212729,slice_016.png,73597,f935df42d79a1d507a8925a7fb288bb43a4e2c28ecd8e71200490c2a721e60c9
E009,212729,slice_017.png,73477,4728a5b52f336b686fc6cdb1919326a2dbf1ce90c98aa2e25305d1a946a218e0
E009,212729,slice_018.png,73305,885c7c43e52e9f958a314bc1e92903cd0be1856af33df04d616b1c4343f8c897
E009,212729,slice_019.png,73377,9747a66b6509a09c9d8b731ba16f77dc3b0cd83da09f7f8f89e231573d0f1e60
E009,212729,slice_020.png,74213,c6a161f0dd6dde45aef61a1f9db0229362449311db864dc49c3de9a8bcc90272
E009,212729,slice_021.png,74308,e00a17befeb2816e1b65381b5a5e73745dd85cc5e9e60cc1a43d0c4dfeda7d28
E009,212729,slice_022.png,75235,92084f616f14fdb57bbacf5809f305570f08457d508b103e3cfee211ae89b5e4
E009,212729,slice_023.png,76235,78f263c4385e4b514ae9a3cff0f3993546aa7fcdf7b63a7327177a7bf96fb355
E009,212729,slice_024.png,77745,8fb802b1967d12178930788242262ff3ca5a294f3e44730f1b75a6609bb9ebe4
E009,212729,slice_025.png,78736,18c428f2da7694272a0c0627bfa97f9eeac3ba869e442e893211bc38e9c9d5fe
E009,212729,slice_026.png,78797,e16be7b68774e9a3899ee343b7816b27f93bc3fc4df1b9ae006debe172072d18
E009,212729,slice_027.png,79045,dfd53a401c0cc04b26e03cde269a9ec2172e14d80a1a60045b3fed9f9982e42f
E009,212729,slice_028.png,79260,130dfd0004181735f430bc364377cc43b1f5f56b60c3f17889cabe8fa836a9f8
E009,212729,slice_029.png,79328,5a811b3a235dc627bd2ca3f1774cf838a31c2f1d5d7ef779ab76a809254fa325
E009,212729,slice_030.png,79480,a6c730df79639b44b8d3c07f9d5cb602673cfe8ba083f538e84187a6c0561fcb
E009,212729,slice_031.png,79888,a2f8114e086628238923dc1e842ab30ac60f7b050cb3a940970a5a94b064b248
E009,212729,slice_032.png,79432,41fcbd1288b77d496c2a03704c581adf9bdaa2907ef749a9c37e31ddcdab0a32
E009,212729,slice_033.png,80294,1a1281731a7e82bd50bafef671695600dbdd0deb0035cce28566d95208846b9c
E009,212729,slice_034.png,80131,fa41efb81f15850bba8c166dc9a1bf723d6673dc26843342752cd9260090d741
E009,212729,slice_035.png,80410,52a09b09cf63a8d7f22412f4a25062aba0962a1e39caa4de9c9c699f42535e5d
E009,212729,slice_036.png,80818,88577ba690624e612c7dd72c4ba9cec459c864ff965e0c904c92f1746eb6d8fb
E009,212729,slice_037.png,81447,dcdac3fdd18a7ffe2cda2c514b21e66e0450fb676a301445f3d51986e5b73542
E009,212729,slice_038.png,81801,cfb05372e91ff256076a282b3f862fe10ecbb8b2f2b65f68e68c99f65d56f70c
E009,212729,slice_039.png,81525,3862221f62cf7ff2562260e057dadc91471f93b89dfa05de12c969882f779e15
E009,212729,slice_040.png,81693,3da88070e05d180891640874cbb8f63d45bd1644463b84d6ec7ab9cb04bb786b
E009,212729,slice_041.png,82145,2c3498dccad485dfc06d41c12c08fd7be9b16dbf287913cdea8dd30ebda8bdfd
E009,212729,slice_042.png,81864,8f79d9abc5f907f704f7d4fbdf5a565fe072c669b7eeffd93ea90ebf81d01165
E009,212729,slice_043.png,82159,6b49ebd5ff9fbf05afecbb1cdd0e4ebb367227b099fc5940ad5464faa606f613
E009,212729,slice_044.png,82362,2e29f5029db58279cd6f3021b9fc2a79191cc1d24383d1d6d5e1ca568cfc79d4
E009,212729,slice_045.png,82218,8d8719674388e012002ce5012fdf51440d48ced096c75cd5cb352153c2a950f3
E009,212729,slice_046.png,82530,b5ca1f04620a9773cabdec51714590a82e6d44a1361cba3d9486937f75e2e36e
E009,212729,slice_047.png,82799,07a58390d8313ac4ebf4d9a24ca532b251039d06a70fdbb6f3bf56b3936cefcf
E009,212729,slice_048.png,83519,f17f73368da901b73c41b0c71f48e1bf49ff196721416c4b44de35da443c6635
E009,212729,slice_049.png,83986,1c192cd638f11d480b968d2219f5819be3f51c6c1f4275646c151ea272e65c6d
E009,212729,slice_050.png,83832,0abc7f0e215b8d4094aa6eafc749ad936f8058f32f3f8908a8f6f10c67ee3ada
E009,212729,slice_051.png,83673,a3c832dad2ef0f92c7494c3e882271f43cbc03c7a01beeba4dba5f596346a9ec
E009,212729,slice_052.png,83728,0702a5f71b5c8d611dc481dcb06e86dcee99cd8a9e7ac2461db20d2a07438795
E009,212729,slice_053.png,83766,26213e14ea651742255f0dbe422a1e6d2cafce47a596a147e6f4ae843beb2768
E009,212729,slice_054.png,84013,4768018922ddbcc0c7a0b598e3b8aee5ae58dd6dc06b99875e4eab59e9105163
E009,212729,slice_055.png,83847,1a65ef9e6988a0f5e4c2a9786462339a924aca17fab859cb92212f4c745beda3
E009,212729,slice_056.png,83616,f327895d50b7b77dbb8a37044e0d3665760dd97f08f7cc915919fdd1619e1ec0
E009,212729,slice_057.png,83677,6fe1145ef77672b6121c4dcbab1dfcec29abe87f4b5f14a9511d3b798d8ebf17
E009,212729,slice_058.png,84032,f28771e0848b10d752ce575a11f4a08a8dbc5dca8341acddfea0da44b16a6a08
E009,212729,slice_059.png,84105,54d85d94af59829eb9ad260501b59fb113d688fd11a6a9eecef9feeb531a5707
E009,212729,slice_060.png,84632,3f69a9ee0ed917b2162bcb1aa71389a1d088ce80c76f812e1ba9336d887d9788
E009,212729,slice_061.png,85077,dc2056515f3c022c8f129baa011752a1c52213ff7e4342551c2919c6573e04f4
E009,212729,slice_062.png,86160,a18e832cd326920c99dd62e50139343fc766e9bb0655b289e7cdf17d1fe0ba12
E009,212729,slice_063.png,86855,6dd77e59705e58d6de31bbd75a23037dd68d8ee92754e58f3a15da0264e08a9b
E009,212729,slice_064.png,87924,16218490b34af44e7ef7baf0e534ee23156d59397abc5d7f5322364c626001b5
E009,212729,slice_065.png,89433,6de4580d9e62c1265c7bfe84e4688ce07411ce985356f2c5907cccb5a1cd7a6f
E009,212729,slice_066.png,92305,2ccfe59872232813191da8ef963538c6ba4bfda8d2db95c427ba8e3eae66da8d
E010,112936,slice_000.png,101321,edd0e405d7aba8ade398632b2402a90483204bc28ca9b469b53c1b1a5eab67dc
E010,112936,slice_001.png,96525,74e7445b98e0877f1b87c32cc752a139c78324b4c762db8ea83f6be5ebbfc8d6
E010,112936,slice_002.png,90351,234858f8a9f7df47e9428612d224e2c6e55542ec566ee6adcc58f149f298d8d8
E010,112936,slice_003.png,86721,bf006034832965a9daa720ef33e5558479f6230f24e4d6ce7e8968ec33ec8928
E010,112936,slice_004.png,84932,258ce5044cbe36abbdd7e37441eda83e5ab43a321608ae5a51eb8bb88e0a0094
E010,112936,slice_005.png,84438,8e29b62cf905ad5c9f81a39f0215a58a235e59119d7526857366660b7d7fd055
E010,112936,slice_006.png,82887,5234dddbb191c45c8be77fa79bcc613a7a92afdbf0c7e491320d0935290a7331
E010,112936,slice_007.png,81011,153d44c8b6687b4490e8b96b0a688ca3e9a5fd8c9065a3978f126ff324a55528
E010,112936,slice_008.png,79266,3ecec617064d2ba039e396571751dc74fa8da341cba995012ceebb42e52653bf
E010,112936,slice_009.png,77520,bd3ff447a543410acea9c79f45ad21fa66dc4697b92b70426922923ccc38e0ba
E010,112936,slice_010.png,75058,262fa1b87e84d15f9063c459c1387513fbc0763adb703cbe520bb1f502150852
E010,112936,slice_011.png,72613,58c4f7d644f81675143e82f7310ff621d7b8e64d837cbcfcaab4c8c4155b3d75
E010,112936,slice_012.png,71194,ae6d1c2396daedc1d5a9f206bcb53263bd0a04735eb0cbaeddcb099287131a39
E010,112936,slice_013.png,70962,32feef557f05cbb1e87a3391db4bee1cad0430363b9b80fde8ef2c38c52110ab
E010,112936,slice_014.png,71564,f4adcc7c92dddfb5b130c075ef569c244b53a05fd2fba6b307774a7b5e7dc0eb
E010,112936,slice_015.png,71760,e113d76bc17aa500709e7f588275f4e91d3a1f2a2854f1c31321b9873e70194d
E010,112936,slice_016.png,71497,2d00ca087dd9d0455b4aabc5bb2b561eadbb82c4d3225c0a3448737047d76f12
E010,112936,slice_017.png,71362,68f0f39115e44a807d416a5e1325ecfdfa9a00c3bdac9cc7363fa7d7fc1285d9
E010,112936,slice_018.png,71246,a744fc52b25339ae9f0fd82d7331d9e5f7fd68ffe0d126da0d25a6a67be4a971
E010,112936,slice_019.png,71427,bbf16c033d3b34c90cbdd2b28bc1c12add9d6bca78a195801637db0dcea9348f
E010,112936,slice_020.png,71576,7b40ddcc1a34b914e30aeb011e2ca817a949fd5c80d608799812d43caf365c80
E010,112936,slice_021.png,73042,df67460ea7f3292081ab66c5872e5a293eec331e6903f1423bbc000ce9420c91
E010,112936,slice_022.png,73417,87af6a2dfe8d121e7eed7f010d1bf4202d480bfa2daf2d125bdfa37cbb3315d8
E010,112936,slice_023.png,73844,33864ba7d8a3381431df2b4e93b5033d4d5bca0aadab2b3bc52f36215bf2c89e
E010,112936,slice_024.png,74204,314400b0b16c493e84effb1164307ac69258fb9ed6f0db5421d15a5c45c29860
E010,112936,slice_025.png,74451,d37d34937b90beab556e1558d43d989960855fc50e1d5fae0bb6468e0341f03b
E010,112936,slice_026.png,74447,80668f4f8c6ddf3e0ac2adf6c1c0f4735955fb4aaa017c93e3c2001ecbd8ebec
E010,112936,slice_027.png,73746,1d81619b998ba98038fc397a9ec7f2cedb8ff417b4bbb383a6741530f133e7b2
E010,112936,slice_028.png,72938,23f444277a313d4ab2d78d2beaf8d093c1f87fde7cccd402ff20f4e46ab61189
E010,112936,slice_029.png,72587,f3ccbc907449cdfe61ca92470f064c0cf5431fe3bb83c9f923fabe244dae755a
E010,112936,slice_030.png,72862,7e7d6b3eeb190f4c3f37c50b3bdac929553e17882c5aa5c9013d8040b6064cdf
E010,112936,slice_031.png,73852,75b8312aedfaaa341d47b0b3cb8ce55c549382b32693d19f93018b846e9b3c4c
E010,112936,slice_032.png,73915,0be9e1891f49f241fa4ad92eec3fe19e67c18c5e31260cd0f51f7550558a7ecd
E010,112936,slice_033.png,74254,80bed20f1bb038b0522ee0c2143244ee240a2e6b18daf5ae18323596db06c734
E010,112936,slice_034.png,74283,fafb47cd91151ee5f22854ae10066a0bcaad869eb3d15679054748ead62c3e82
E010,112936,slice_035.png,74731,8a0ec1e35bb35213139948fdf0abf91b0e46b705c4ca36df2b1771b40299fc43
E010,112936,slice_036.png,75035,01ee755256070233522ea549e2f12051985411b14326ce384f1883549319364f
E010,112936,slice_037.png,74822,e5523021af525013025cfe7b68611cc657cc3174e77976e13505b23e9f4567c8
E010,112936,slice_038.png,74926,a8de89d671c424a41488d49923d0c2c263df4a0dce675c43c487b3d1afc3e551
E010,112936,slice_039.png,74032,8f3486e75c91816659a11f993434415c7bb6e5e62bf5f99b9d1e6d705dbe30d5
E010,112936,slice_040.png,74392,f088d3b95d846005f782b6a4c67c8581f1832d4e82eadcd93b2278a415e723ca
E010,112936,slice_041.png,74588,4688074a84589880a2674ca9853fb144fbfeeac34b13673701d74d3fa26d3e30
E010,112936,slice_042.png,75555,148262c07e084ee2a6e374f3187679f8f4fc4495ec90d3e6b62b8f36b8c36cfc
E010,112936,slice_043.png,75628,04397f0f5271e02508371b61136badf811cce76944c88252222ba63b19f5b253
E010,112936,slice_044.png,75510,09870a6febecc81969886f91f6631bdc321c6dc1fc9605946504e48f9addd228
E010,112936,slice_045.png,75350,4f3aa14950f3acb2d9352a37005dac78cf97bd65b0070db426ecc81610231aa9
E010,112936,slice_046.png,75062,6cc45e876dd2c70b81ad5337355f8925d893ba2a72ffd2d88d463d7c82e72c9a
E010,112936,slice_047.png,74965,3c66348472d36317d9032670866e5633a41d83c8851f50221215a54fd5dffcec
E010,112936,slice_048.png,74566,7af50b8bc9c315246de95072808fbe127fe246d1774e4c9faf242adf39c54458
E010,112936,slice_049.png,74451,91b025022edb704bad006b247dd88e30f1b302d84424ad6296c915ef15e59243
E010,112936,slice_050.png,73865,4cf573156b0c21d3786c86617f5d5704d5bcdd590d70009d1c265f9f7eb202cf
E010,112936,slice_051.png,74353,ba3dc4afe1091bc763db7814a5fd6ef70318605df0f31f45ef2c8d677bfea08f
E010,112936,slice_052.png,75187,e7d66d12a0d33c5f9148f02e66f59d960b146c9ee69dcda79bf51767c29f47e6
E010,112936,slice_053.png,76157,2e926b5d3b6db3a067a638e16ad447a5c27aa042d7677a539b1ccda827c51a8d
E010,112936,slice_054.png,76318,942af7cd7ea193facb82dd4bdd44ba4e8312305bd6e599fdf12925fbea6644a0
E010,112936,slice_055.png,76391,da3fe6ef6ac4e1ffe301152a037d6df223acb112c96aa1158b5c442aa5b8a667
E010,112936,slice_056.png,75864,2a7eee04b8b23839b0b0ac1f7be9e49ed8a6b9a784fa5858ea50e78696a57780
E010,112936,slice_057.png,75804,27f1fbb1e48ede85175d8d90ebbe3d431ecd351b84db81dff27e2996649d2297
E010,112936,slice_058.png,75834,34d71e1fff9afbde128df8080205f2586f90f435870c9bbebdc199bcbcb9c7bd
E010,112936,slice_059.png,75864,b07350917bd792640917297b0c9a6d57cced94c3a2564e3c3a666d351f474353
E010,112936,slice_060.png,76224,0a52cefcc41c7bb98c3c25dbcda51a17daa2ece8324c3902663b60581d93cae2
E010,112936,slice_061.png,76149,1f24c5584c0a4f6628d03e6e9e1e0045c862928cee387561adc8aa09d648b11c
E010,112936,slice_062.png,76956,c6d80013a8e0ff14478c7123b4ac5b39ffd6ef6dce8a9861eb677fb7cb058c50
E010,112936,slice_063.png,77552,973563a3c8c2c0f9211cf005b8015c408266abd759ab92178deb89908556eed4
E010,112936,slice_064.png,77998,4411e5bac907a489ab8b0212a1d4418fae5fa2b106ad442703f9f84d6a568e07
E010,112936,slice_065.png,78644,a6e992dbb6768136d25fa5f08adbb32f833605a3ab5003918f0940b30d44aef7
E010,112936,slice_066.png,79051,3faeadec314d00bb7284fd1d433d86f255acd06918a7078cbb8f526d6a97d26f
E010,112936,slice_067.png,79887,55e200d69e0e9815ad0eb6265818529f9f7f8ae4e1b589badcffa3f046042976
E010,112936,slice_068.png,80978,0f4069dd1f4c7121f4d5beb3ab24b79534ac80152d416364e7e3206511db38d8
E010,112936,slice_069.png,81948,679a72a2db49adbf1e9ad630bd069a5adf209352eaba67e83491d1dfd83df948
E010,112936,slice_070.png,82905,2e9dc9f684690402717e34209550abadf8b73b4dd0a0f2fc0865f7d893424f4f
E011,212637,slice_000.png,48988,1365f172f0f99a0c435c05833390570e9a55c7825574e9d8e8648348def77862
E011,212637,slice_001.png,48544,441853c09267270194480b73058cea672a980bb92bc89c6110cd13132de75ab3
E011,212637,slice_002.png,48672,75a9979851cb204fb5d5e072e97df00bd5974b8e7d3a35c766f84c3884c89a0a
E011,212637,slice_003.png,48409,45aacb48b0b2d12f1c69b4364b17ef20e14dadda2c7f1dd40adbaeb7b6f4d469
E011,212637,slice_004.png,48846,70581eb1de0e54200d03db28c9ac7157fafd2e9fbca61688b1e47105123c6a29
E011,212637,slice_005.png,49355,e99ad35ff2dcbf0137db20e10b8106e943309871e0176e77ecd28f2d643482fa
E011,212637,slice_006.png,50584,81329b149d7b4261a7ecc2e5f3ac05b929aef4e388589c3bc3501b7a66dc1c08
E011,212637,slice_007.png,51837,44a5c4b1b1b6010394b5e61c7ec7b9c53ea71b5ecacce041e2fef1a28bd1a1a9
E011,212637,slice_008.png,52762,dbf1330d58d33e599e1b80c5ca9d1455edd777112b7f23f8d3594053f590793f
E011,212637,slice_009.png,53649,9f8b4a1053a690ed17463ff1bfbde5778150c62e6052ada45aea2473f208d261
E011,212637,slice_010.png,54726,0466eec833603b5ab9500eccc8a1093cba6c2a429774d5ccb001b5b1333594c1
E011,212637,slice_011.png,55285,893a924fedaca452589170b892c7da676bf6b3d348bb5b604b194f34ceba9aaa
E011,212637,slice_012.png,56349,d659da7046cb12cde47766063c053309c5c934972a0197f56cdf6bc0564807c5
E011,212637,slice_013.png,57731,5d8b6be8626653dc8e022363c2d0fadd0e3212881cd897166083136c71dac5c4
E011,212637,slice_014.png,58562,eff0c00e3ff15545a368b9f7b6a30d603fe7c0672eb369b9225e2eaa62a5cff1
E011,212637,slice_015.png,59266,58da43a9e0ce94b1b83cc9089e2e89dee00b7cbb8cb96fb6a72803fe44938425
E011,212637,slice_016.png,59273,2933e8bdcf7a7199858379d6e7ce1a80065c3c41fb86c325174f276bf9e8fef1
E011,212637,slice_017.png,58849,968227fe1509bce4d0a9efe78db47556eaca8fb35fc6e1ec1f30951708c958f8
E011,212637,slice_018.png,59194,d6992c3b94d6fae848361463a3733a9fbb137716cb7ab0cc9ad5709bbf7a2199
E011,212637,slice_019.png,58722,b98115032a654389572d917915a44a7f73e6870361fa0fa19cb512542057e4ac
E011,212637,slice_020.png,58345,ebd7b416e7eb0166e3d89ba0e6e033dd400dea0987176bc18e3ddaef82648b5f
E011,212637,slice_021.png,58800,f5317d4f75b6cdc76295f509ecfabc0806bc2fc75c341cf0dee4bed18b801159
E011,212637,slice_022.png,59123,01da789d3060a2e715c9a95bda95a9ec9d9c2b094e462161b9616273b02d1051
E011,212637,slice_023.png,59622,30731e7ebe2b9639e9cac55bbcad8f15f2c15ec3a91c12fa48887d2bafc2bd52
E011,212637,slice_024.png,59518,89165431f450bd0fb6288e2b67c3fe4aa9ab497e134cf9c0fb9a749175c3bdf2
E011,212637,slice_025.png,59158,64fa186397aafa9d615d23b05c1e0e935417e022120febc71c8a3aa2bba54fbd
E011,212637,slice_026.png,59459,1e69848cb8e3bf933e63d047963771741045f7758b345a52f6cccffeafbcd545
E011,212637,slice_027.png,59433,1985b87a267c546021cd744d43a4280ae466f0f6d4d0a9be725c178513db60b3
E011,212637,slice_028.png,59082,4a751ad7d4430c57936bb741165e2329d3d8a3a80a6da65ae68fd505e85805dc
E011,212637,slice_029.png,59378,ccd8073a2b85be303c8811bd452adaf55931998851e3f23d5e3816d9be1cadb5
E011,212637,slice_030.png,59268,43d585298ae623138a5e979e696c3013c5f1457c1de55c3ab08b93ccacd57764
E011,212637,slice_031.png,59653,4db030c51a091b6effdf454fa79aed4c63c9e368d8288a80b155a8fdfbd94d08
E011,212637,slice_032.png,59612,cfd7d5c5d1e90f27c14234deec051a3a032646794e25c530185dc9e661827cf0
E011,212637,slice_033.png,59523,7ece07d4874cd7248259cf83e4a2d53d92f30a4ab30bfb6785b5fb9cf4407fce
E011,212637,slice_034.png,58925,86def3aa8bc08cbec836041a4bed78264ccb00e46764b295dacd109984e46131
E011,212637,slice_035.png,58063,eb160b3f616632639bc2ce3a1b044c17e4b7b53e75f40a65ac174e2924a0ebb3
E011,212637,slice_036.png,57216,8ef4a1f151e05c4d4f66c06093e237129d5863369708a80c5a3beaecc3bded27
E011,212637,slice_037.png,57102,2d17b0d6b8ade87bcee615a2cba5075b965c0b928cf14fb842ce62def451e645
E011,212637,slice_038.png,57049,113529d9df67e4b0faae347998034b23d811d37cbb6e6d5df4b2c393e1f43a02
E011,212637,slice_039.png,57166,5213449a420b2099f84065bd7ebc5ad5e1d698f9cd62c086610ad5c08e956324
E011,212637,slice_040.png,57078,95a10c5a43a827d036f514ab52e018554dbb470595009e7ea80db80357b223b6
E011,212637,slice_041.png,57088,ba34c697a3d3944918af2560053f1cda172d991a36f303101551251c5f7c0b66
E011,212637,slice_042.png,57073,e3c397c3da426964ca1a51931466b091fbae3e374077635845130f0cd6d7f868
E011,212637,slice_043.png,56580,e52f444c620419522753e79eb8f25c724d1bfef8563df9fcde1a0ab924a511a3
E011,212637,slice_044.png,56068,653a4b7041c5759132583616c780b4e3f4eead453976c86d75c968c5e2ef7ffc
E011,212637,slice_045.png,56457,bd71a20a078fbe2bf398affe9e7737840008b0ec48ea58dcb6f3879f381d1954
E011,212637,slice_046.png,56723,957a011d2fd50a11b5ae881c1b3d2d636bb39bb7997f07aee8ac5f85cf842bc5
E011,212637,slice_047.png,56864,c88e2379331fbd78b324eae15829bfff89b8b60e0f245b7dfcdfe22ecd41df9a
E011,212637,slice_048.png,57388,8d6dca7e8dc89882d3e83af6527b90b6cd3911a51861ff40932f63fa0a072a7d
E011,212637,slice_049.png,57633,daf6d5e9698d1ed7e34561fd4464e96705b32141033f1805be9252cf0aa45133
E011,212637,slice_050.png,58551,365ada1e4357e609842e06f93ccb5b38847a7088d7f66b9377c6933cbf861156
E011,212637,slice_051.png,58842,376b2b0119eb2d7ee90756529a26cc4fa323d1aff7422b6f23845ffc5c4c4b20
E011,212637,slice_052.png,59508,b17797440809aa40ca8937394792fe9ee007a505449b44bd20688093f96d0271
E011,212637,slice_053.png,59495,cfa6ae6b1e26d273c81148957b48f77f9e5b35d9a758bd0efd18081646279906
E011,212637,slice_054.png,59752,aea37f03b95ac7969c5f272a436144479902b00acc9125be57d0d883d6efeb73
E011,212637,slice_055.png,59872,14a786dc4804d3f879c83d170438c046fc0996c3ad33652a5b50c0e383634404
E011,212637,slice_056.png,60662,d5ec9797f0bfa4c5886db0f3756d30624318f57aa6dc5b78e33f32eda6e1e55f
E011,212637,slice_057.png,61837,818a0e218ebaa379998cd30ed4699bcb7e33e4c88ca1871f0681bf468fc1bbc8
E011,212637,slice_058.png,63008,8520cb83c870e44bbbfdd9c21c0eb90e1c8a8e450cf5c6ba3beb2385c9a8e5b5
E011,212637,slice_059.png,65294,80bcf3423e87337994f1e2611f1890eeb6d89063ac4684113693b4d598bb2f20
E012,208410,slice_000.png,135039,82ba144988baea85084b0689b88de2209de81fdd961d01b065b001d9e03cac76
E012,208410,slice_001.png,129376,2695df023f22bf8aea5cd21ede8e5526ce2ae2d74ece3ba1d8c6b44184cd6bf9
E012,208410,slice_002.png,124806,545a4b9e8ea347a12fd0f39237a89211565da93e9e347c824eedb99fc622b3ad
E012,208410,slice_003.png,121627,ec221aeb7f1fa93b701501d2c0ae2311016355427150e47ffa1eb0008a3206e6
E012,208410,slice_004.png,115457,162b00660394ba1d6f6050f54856596915a2c930a2a28887aa0729998987d7ed
E012,208410,slice_005.png,110602,5246eff431f25e1a15af70a245fffa75b82fe4e11814e7a17e707bc491d3b496
E012,208410,slice_006.png,105128,f8dce4c0db35a8d500c5e368fda1d6e0716abad33cf921291d5dc62f59f36668
E012,208410,slice_007.png,103021,e0e70ac40154f757eeee13c8780a067bc75b6e03638c7ba50e6e7cbe216e4c4b
E012,208410,slice_008.png,100940,1b0c86b109dcde76ecfa659ef6ec65c176af907ac605f44a19b7a2d7b7f158a3
E012,208410,slice_009.png,100241,62e39edb788f2618137318a54037220dcb3c2809c8ed589410f68f5bbe155cd1
E012,208410,slice_010.png,98322,d4e6f52a98cba9f0a4b6f75efb4c5343aa3ca662b593e35e88679f4f410a2650
E012,208410,slice_011.png,96363,e6a0ce019346571ae313f2c0cff87821836c0f90ef5716ddc4b55ee4d85e826e
E012,208410,slice_012.png,92626,f65a1812f16f5b65b137fdf4e4122703f526391d38809b90408f23f413af921d
E012,208410,slice_013.png,90858,9a6effe44c996d2559072b693533e58302db62caf33c2ec8f2c12166f3489ca4
E012,208410,slice_014.png,88302,1d26f77eaad57b82fae38ac45f1b14c49d249f7f86bc519614cd7270a6e71bfb
E012,208410,slice_015.png,87752,d8a6754446ce6ab874eb752ce96b329d2780a61392f0c7c99a6a339b5c04d35e
E012,208410,slice_016.png,87383,7469819a6c6dbd191ca721d34a3d64688e0c37e5786baa4a3448d218bb8d6edd
E012,208410,slice_017.png,87174,8d6e82bb8d0e5edbf34dcbbb57d0ffab8da8d1f04d5938ac3c25a35b4b87b784
E012,208410,slice_018.png,86930,9e64b0912a1d7801d2d34c4adafca27772c0dfa6b7ad8a1321dcdb1545587684
E012,208410,slice_019.png,88193,a2fcd8190de18d38dd83c01f8104e3d097db832ac18fd1ceecfa3b49e86c8dcf
E012,208410,slice_020.png,88994,1b9e9b8172668394787186d90f90a594b116369c501c5e3d7e566a470a4f824e
E012,208410,slice_021.png,89255,6319cdbaf031e1728e8e3280d2f080083d3a69847e717bb5cfc60bf2e54ed15e
E012,208410,slice_022.png,88426,7a99c08ed3b56e1f1ab6efc64606afcbdaa02b3d35db68b1782f9f65df34f19e
E012,208410,slice_023.png,87465,89df00c0561eddf3b4e6db326c0bdf27da819350aa99941f7bb56acdd28d3afd
E012,208410,slice_024.png,86258,4ccf13cabbbc6f84adf591923ee9a8648bb8486c29f011a81e25eadb24292c93
E012,208410,slice_025.png,85114,400ac260b0c3fe9f3177974dbfa52e97a762f6339cd3cd235aee5c43e757ad81
E012,208410,slice_026.png,84487,1947df3c7c97cad09801084192be7506661f7c3cc25a4afe27805191077a32e5
E012,208410,slice_027.png,84441,57b1a70f0127df037cf322972cd179d0514b37d0d3d45fcdb406f5ffc31024bd
E012,208410,slice_028.png,82915,f65ed0756274087faa5c71864d6565f4c6eb27617e333f3aea42e58e6889518c
E012,208410,slice_029.png,82831,f220bbf01dbf5afdedf657cd25521550251b130b81de8ac8cbb0f6c3c33e5a2d
E012,208410,slice_030.png,83368,0f5d8dd11f48d53047b96de35a7473a34f66def9e674ae4fb19998c95d4c44e9
E012,208410,slice_031.png,84374,5ac998b9810ec75a4d39fb089586fac1b78bfa6b07de0db027e6cf13b68c2a67
E012,208410,slice_032.png,84398,746f53add3aa7efc7af1ac81ac4044bb1481a313bab24261dec1bcff88062c1c
E012,208410,slice_033.png,84410,b186eecff280f77594355663484494e73e9f152fdc691255681e5b1da41de680
E012,208410,slice_034.png,82490,8586ee3a83c3f6ab8689bf1f69eb7ffbf9610bccc5bc3983d09ebaa7ad0d0cf5
E012,208410,slice_035.png,82723,68ad80a226180764f47f62ebd13583e91f789dabe76255245bcc283368484364
E012,208410,slice_036.png,82814,d38e7dde5ac5319a45b1c01a84a7c6f5ba59fde22879147aabe0e8563f16af15
E012,208410,slice_037.png,82135,389f13829bacce3d938c4994b6caa1a7a56dac8718bac5bb1fb8c0f4f694f7ed
E012,208410,slice_038.png,81546,64d24f73e82a763069a48df572ebe3b6e97b72bb38046c402752264760954491
E012,208410,slice_039.png,81883,043d27adff417a41089d14375e92fb7fb90a4b5af90c643b700e04f8839a3f57
E012,208410,slice_040.png,81640,ed141add4d46f540661dab21bef54b1d65f72701e262eb7278f9f6ea21d51fec
E012,208410,slice_041.png,83207,ccad02a6ebb793a8f59d6f0ff8018aaa4d2e012bb74aa2c8ef54999df1d46550
E012,208410,slice_042.png,83350,7af1904a8df56dbfc2204bdb6c6e4ef9a8a3a77f020574e6c1fbd8f80ccc03bf
E012,208410,slice_043.png,84135,8edd69cb67cbb32c4f56bebf5ca4dcb0fb6d903a73f717243c46899ab1cf8721
E012,208410,slice_044.png,84767,c44be9a5da4d64ffbf01ac349fe829e2590989964b2b4c242dfff28f87569b26
E012,208410,slice_045.png,85085,34d77d39c8cc7b7458b0a4820f61c2ebaa9d85c2207badd5f2782517d5d3b0be
E012,208410,slice_046.png,83671,edc45b3e996cb030e3267b0f24a1813a694487943c3dddf09159b191092c33bc
E012,208410,slice_047.png,83156,14592014ddac9e077a81e7d42db9a9c3340e4f2fa5b5ecdac839bb01947b3325
E012,208410,slice_048.png,83065,c0778e79f4a6a082764f4634910d1596f03a2fb11a7d79a4e5253a8d350de634
E012,208410,slice_049.png,83528,27fad9ef623cd9426c54e4c45145f47f88c020c17148cbbda210d953e228bdc0
E012,208410,slice_050.png,83750,a3ae6c6db036be00dce529ccb283cc5b000772d7641e17a70d6a2cba6c0cb717
E012,208410,slice_051.png,84739,9797cbb0c792e80c285d535b060375e32ccd1583541bd328f1bc4fe71906682f
E012,208410,slice_052.png,84336,3586a885a5575b893642e2ee29e5f3f34b767db43b1cfae1df8bb9b2c8be6f1f
E012,208410,slice_053.png,83806,595eb5e62eb8a8420ff5dd9ca74aa845a79d3124cb354195489235511f73f95c
E012,208410,slice_054.png,82990,e9e5c339fd565ef5aacc3ed22bf6d0708680d94e4d4518c56a303c98e2b652f3
E012,208410,slice_055.png,83514,8db34a85ed50c38f56f38bf493366827f4fe556ff5f4068d13c77125e2555bb5
E012,208410,slice_056.png,82939,68e113629f648c41a2f813b47fe309484e9cfa07d87d9612b16ad986c11daebe
E012,208410,slice_057.png,84067,253238ef6aeb119913dc1f5584a3a66cfa328cdb03b26db2ab80c36dbfa1fe56
E012,208410,slice_058.png,84376,fd7172415a2c51b3cc7659b1a211212cf8913776713674eccf6166fc49ae3535
E012,208410,slice_059.png,84961,b7587d0518c1a934e721a63f082416107f997f75f7838bb43f0e20bd9968a780
E012,208410,slice_060.png,85410,d3e83df670943d9e49b08911c109cf675a2f98409f23f9ff43493ae83db41e7d
E012,208410,slice_061.png,86258,d055367d2c543f4f58efd42469401efda6bb5381bb69127ef436a017cbe2b91b
E012,208410,slice_062.png,86813,2177bf692c3df98ba1e9734068ba9c5388a6a54d5a5bc150d60dbadd9843669d
E012,208410,slice_063.png,87859,76c8f9fdd7617f727f567a7dd6f89ce50bbd6c18f4906675d14f33add02ccf7e
E012,208410,slice_064.png,88564,99518ad279485686015fd8d997447ff4a7d2cc1692c1ba174dc1480dcc765f49
E012,208410,slice_065.png,89002,52b3135b7e29d96f5d0bf2773c8b9ee33c1241556e58cb690dc4da5c54797a8d
E012,208410,slice_066.png,89876,6e94bddeeb5a52a1e3fbb671b9fbffc276f6704e928da5857be28bd15a64f62a
E012,208410,slice_067.png,91035,42ae0dcb94d889946d181e0292d655ff633ba418d81999a45a18c98d00bad1cf
E012,208410,slice_068.png,91277,adb96841286e686fc160a764acc6db08302628208c0c8cba73dcb3adf16135cd
E012,208410,slice_069.png,92452,6499e4bb124065990f8c770458346b6610d13628a96abdbbf85137f2e3544f41
E012,208410,slice_070.png,91084,dda894fed8c5ccb41db6a328684759d31ae7acdf6f17088a7304bddfdb7d0623
E012,208410,slice_071.png,91122,6a220ae3d389e7db606b3c3f8dd0e057dccb0cfef6cea4b33f5902c95e610c9c
E012,208410,slice_072.png,92067,ab74a1e4612c197962a0d267088859786752d6f02ea7fd2a3d19aae6b68a1978
E013,216569,slice_000.png,56625,753c599d2a942a8b4acd32c9ed5758e6176cbfe4bddb09af78ce775f505d1fc0
E013,216569,slice_001.png,56711,12bc1037d48563f9d8c87738c0531e6a7ec2db533988ce9215f61b5105114368
E013,216569,slice_002.png,56411,89e68262abab227eb0ca8929da5c57b165c621c8e372d237632adca4d460db89
E013,216569,slice_003.png,57202,1fcc78ffb4a89711e0ed19a5ef3c0993af778572eb0e5938100605e19c15c98f
E013,216569,slice_004.png,57415,4ebacfaf2b49abe89c7b5f9d173fef6f2b2c7cabf10539b97f26b7d240614f34
E013,216569,slice_005.png,57375,e9bf76968195cebdb4a7fa879d4673676c6b090337bfd07c587a348a96f88293
E013,216569,slice_006.png,58438,063533ed4d7a0cd884954aa06b79c00483fc4549d70776c6a9b31527f9af6a24
E013,216569,slice_007.png,59083,14071534468dfe7f87ad9a99ee67c637777046327060c939392ccf4fe660caa5
E013,216569,slice_008.png,59595,7e98818068fd04b36f2976742f4bd320d4c8f16cc17d3470898ec1236be67fda
E013,216569,slice_009.png,60845,d08d30f4ce114055c18738fd1b0b85f82ee4fcda39782ec853ecaeae5926c394
E013,216569,slice_010.png,61206,4909af2ff0baf4d726aa9e0b81143c858af3b49d440c1daa0d7ca58b534f38dc
E013,216569,slice_011.png,62582,0f8c7dcca33ad4dea06a3f206a8e244a9800566d6a1cea31a7f5f5dd56f6405c
E013,216569,slice_012.png,62535,171e737b2fca6b8f4c30325c6595bd8b8f2ca4bda8ed9021d9242cffea777755
E013,216569,slice_013.png,63755,d042ac939519277d6e1093093a06b46891796c6d9bb062d3ce317df27067554f
E013,216569,slice_014.png,63255,d265cf7e57f1f0294ca4b72b3b23975b40ef4ec5071a3f6bf401e983bbafe732
E013,216569,slice_015.png,62852,27119c72effcd283b7aee30d3bf3952f4be6300d619c1e7dd4319420b6ed38e7
E013,216569,slice_016.png,63442,bd6633dbf474dd4cea581d55260388f0387d1a0daf63e57a582844e38d107d79
E013,216569,slice_017.png,63520,cbf4a7b425877a030b1cbbc8cd381442358d1521612bcf7a67e520cd9d6c5788
E013,216569,slice_018.png,62807,6b13c4050c0a08f2052fc79b3a5da88f2dc8d6cc15a037eef0321764d960a9fb
E013,216569,slice_019.png,62468,34bb017758ea7d0dbe913c9e5dce6acc0473bbbe5b4a7d2d5caab372dc7c7bfa
E013,216569,slice_020.png,61791,73807f5dcd67f0ad348f187a4e86b3904a129ab755e39b074c7430d17dbb7534
E013,216569,slice_021.png,61230,5ad1521004575a20d2d3f05b86ef2ae87ff097c5e04cee57c23a17767bcbf3f4
E013,216569,slice_022.png,61490,e25f3e96e2958274580963fa0fe082bd53e949945129eaea5bb82c54242fc5dd
E013,216569,slice_023.png,61646,c77877b5006ee58445d372a58ed8b6a97210d9222f438fff783a377edc4a3fb7
E013,216569,slice_024.png,60956,fc0f481d2aae44e18d0b956cc9afa01f9be0f2a2d8fee8d8a9a4d930447390c1
E013,216569,slice_025.png,62121,df00a7e6743e5fb5946692ed2c759332824fe946ac53e8d43f148e07d2844176
E013,216569,slice_026.png,61980,cc6ee261d2d72b3a5d79df1f2e4d67a16ef08e50c94cae0bcb745937945cffd1
E013,216569,slice_027.png,62285,a90e096755c2093f5c50ac6986a5a7edeb2bc2479171391bd3334a423c7c9adf
E013,216569,slice_028.png,62193,fae3a197593e6cf9233f08ba848488240d942a554462330bbbee348feb58d70f
E013,216569,slice_029.png,61792,c4b96e6c3b877b4e7d062058897447178a4adf5447cb5c8d1b9be384c035cd49
E013,216569,slice_030.png,60882,c89e6b40d7a6941e9cb52e364aca01b3ccad07a844fe0e2162295c490c9d2436
E013,216569,slice_031.png,61369,966928918e29e1126889551957e36b859ff66071b3fec1e322a63b8b171bbb9d
E013,216569,slice_032.png,60774,3c70b156b2e88d766dfa022ef7d13d2119da409103642463bf982f06c0fb6929
E013,216569,slice_033.png,61151,3f2529352e4b2d6df8634b4f6de3749c84be94dee89211f386cf3d04d2a5dc7b
E013,216569,slice_034.png,61831,6c3ab3b3f737e93e940d6aea669ff44dfd1d577149ae58e9883f34e380b02c66
E013,216569,slice_035.png,62133,1511c03e8e0253a08323c8611aaef29d164bdfb67a8b878f0dc5d4ea3484056d
E013,216569,slice_036.png,62390,60c589d6a3a82984234154b8e553942430e340c35dc9c3c8dee56ad3d50519ed
E013,216569,slice_037.png,62589,7caef58d663e8a7edddf9d8459d4bcc8ecc05017b292e52dc1c00331a86f5518
E013,216569,slice_038.png,62348,b2e95912cc4092c33eb522e19f25c405dcafc78a73391f5127ffefa57c75cc1b
E013,216569,slice_039.png,61974,7ea53660b312b7149a481bd4cd4e031e929213fd67d26951887046245c52e489
E013,216569,slice_040.png,61289,9cfb5a0d04345fa5e1b28364e94025eba0329e97194333bb4eb5790465c3cd2f
E013,216569,slice_041.png,61292,375304f4f48f380f70544a7365f09986b9858c1e8b1239b1895b030a4d543070
E013,216569,slice_042.png,61036,d53f0170f0cc456d7224936d034376b4c9f58180ecf3dbd367d7de3eee1f68b8
E013,216569,slice_043.png,61140,8e8aa614ac5d6243dd7a71020a0944650511defa1ea424e4f6d3010db4d74f5b
E013,216569,slice_044.png,61236,7943cdef9a57c27c6a0bb9fe4fbd79653b74726bd306786d0ae72bd740ac984d
E013,216569,slice_045.png,61497,4b345b948ceb21b0b87cd3804cbb0c5db765c454714c9f19cbe3426d4b794c66
E013,216569,slice_046.png,61152,b88c1a6684d1bcb8f6a1b3b21351b945d2ae5f62aa1d9c0525fe3a0429dbbfce
E013,216569,slice_047.png,61526,4e9effde120544ffe81174aed1f9819487b40e9a9c45d9279ce21ae3c15151e0
E013,216569,slice_048.png,61454,fa5bf5d39f7a5aae9fc966a9bd429e338abb9f7b0f40e192fc02b6d693381524
E013,216569,slice_049.png,61849,c62ba513c13f976dc72ac970b5de754eec3ddf5903765214df2eaaef3016e1ba
E013,216569,slice_050.png,62100,c5c53c2aaa7b21c5453b69e4d17af3315fc15554c89bcf744002c0c878b2a442
E013,216569,slice_051.png,62885,97bd4c52266a51f059d14dc0d9d2b081b3d94b7adcbf055c16509743d9a838f6
E013,216569,slice_052.png,63509,a7d6734041d2eadcbd7de1a21a6b3429529752a730b2488e379f78033cdc10d2
E013,216569,slice_053.png,64010,fafd860042c3f8981322c775317abdb8efd6b2fd7617752ed39fbc3aa4fc3f81
E013,216569,slice_054.png,63798,41c0dc65459f1cbda6cfab364922a4b76ff135550ff33df02cba39acf6559a75
E013,216569,slice_055.png,64243,1110e9264e903d14f79007d01a9f133dce09a6b1fd86b05e07add121080e55bf
E013,216569,slice_056.png,63932,2219ade27ad9e82c93b9c3608827a90d95f0d1497aeff0a6c609b682e2775ad5
E013,216569,slice_057.png,64908,5e7b4a29e370948e921699d59f1f9cce09e985d30ceac49e380675941eea53a7
E013,216569,slice_058.png,65549,e5924295dac8af84980e16082f1b75a456b239db4e9a8424d2d9ac9f5b069617
E013,216569,slice_059.png,67010,6ee7fe9193a16e4caa0cfbe94bfed41cb8d7e58100d3bb50c548f1a93e036cc1
E013,216569,slice_060.png,67617,75e320370b9201ca47eff6c79d433044b056192c9a11fe8df9413c8607f0529a
E013,216569,slice_061.png,68736,890b71c57f7f5ea39c46042e098537d876df8239099a7f83607f1608a2ef9f44
E013,216569,slice_062.png,69140,2a3aeeab76a41da41dceab9ee121fc91180c700ce7c7e184828c7ee07e8645ba
E013,216569,slice_063.png,69953,83fc0f77648b16e26fcc2125effbc8c306f3e03b6c5cc4af85f56420eb98fdaa
E013,216569,slice_064.png,70731,f0967a05f4925c0746519952d9029ff36773e15410a997ca3949872903baefc5
E013,216569,slice_065.png,72332,5395b2ce9fa0a7138760873e20e9087f03bf0b40f6dda8a1287db3089ee18094
E013,216569,slice_066.png,74579,2c973a9962e3fcd495b7a35dece8f459201b768d0ed69f4b82641cc99b72b8c9
E014,218103,slice_000.png,96866,6abed672cfb3c6fa17adf2162d190edda8ff8f96c7f27ffc9446ca791642afd1
E014,218103,slice_001.png,91806,78bf508801e8c8c46f8f300147d56a2cc192d3c8b7c3df57f98d461b883f59a0
E014,218103,slice_002.png,88172,8d4937cd0775d84b4c5874030465964a3b421af91b36f68bb273b04951456911
E014,218103,slice_003.png,86750,adca72256ead2a23db341c5396dd7a55cad0fea466c7d3261d5a1f90bc351d7a
E014,218103,slice_004.png,84717,f68c9c92ee445cb13c84f6833f66ccdc39f7ffcf09ce5fe0c14425a2765bff40
E014,218103,slice_005.png,85827,73baa81470b9a96783cb4f4f1eb243f22d7977514bf3495dd3f9787971ee2051
E014,218103,slice_006.png,85713,eb14263f4e50954ce0a9fb923b1a9c450bcfbfe6fff3d4cb14c1c3fc42976307
E014,218103,slice_007.png,85943,a20260ca40ff52a1a6397222aee83500eefc598825adbc68dd14523b5e88316b
E014,218103,slice_008.png,85685,8e0c5312f12fdea5283768315521e5cbbe4b6199e088c93f39df85be22e355d1
E014,218103,slice_009.png,86411,a1797de89fce697d4dde9d4a9f2a21fcdd15370fa6dc3d0f2ef8f3609a822a63
E014,218103,slice_010.png,86012,8e330c19aa57eaf4ae744621416aaccd9c32929a2bda2b6baa244869f0caf450
E014,218103,slice_011.png,86294,9f908a3095312443a48feed13efbd016accf31d191f12b5dec4331ba8dcbef8e
E014,218103,slice_012.png,86128,e0aa4df1900abf288dd10d35cffa0e5def499654ec712312fbdebaa86ce663be
E014,218103,slice_013.png,84724,0cc0bd22e03f4cf8b9cd72a7298e78835618b9bd7821d50c381d01f1a3eac1cc
E014,218103,slice_014.png,84544,d9025b6a09675906f02219602fa365fcdde9867aae3a320d85ce6da77b83e71c
E014,218103,slice_015.png,85482,28a8e856078efa1245c9fa6c8e72f3c64a0b86af90c9026c63f7cbf142ede9f1
E014,218103,slice_016.png,85985,238b9fc66167c62b1cfd82122c7b7d3a9810f6c3487a33d3f89c6882cc9c7235
E014,218103,slice_017.png,86445,1bc328ab2ff13a69a1ad49d31e08279b41c0ee24855f82bab79c824fe7b32596
E014,218103,slice_018.png,85885,84f94448d943e21e97ba7eb31c9c56d51d335ad3ac42f53e61a2cbf3476029e0
E014,218103,slice_019.png,84952,9409c3a2ace5f7db2574b324e52d04c98490b87645f53e33406d0e7a7bf03e49
E014,218103,slice_020.png,85047,f3788263bf4000e637718b1d5ad7a99a9c981e85a2618226d05c697f5154f57d
E014,218103,slice_021.png,84670,3c9f6cddfef4fc970381a2752b6534ff5bd260b422c80d93bcb746ec9b3b5fa0
E014,218103,slice_022.png,83826,daf7c011cd3f560f5da4b3d78596517d76c3f0956d0eaa84e214be5e9d689ca4
E014,218103,slice_023.png,84061,d1eb626adbcef3a2f2ac0733462f8c9b9b748230bc32c30257d68a4d4497dd40
E014,218103,slice_024.png,83238,58a8b469d4a8d38cf843c16e1d8a2be86f05eae1930607ce47b5b1355ea1ea0a
E014,218103,slice_025.png,82797,2cd010a811843e4ae9fe47e1d886e54ef750e34e9349cec3bd4c13101e4ff220
E014,218103,slice_026.png,82460,c24b6ef19eed7c78814c1f3b42cdaa53e0a4df95c5133b6eee9cc4375443c3d2
E014,218103,slice_027.png,82852,f87085484eda2899ff92fc946ed83ce92c7049b724fb61cc8c0a8d6e0d809fcb
E014,218103,slice_028.png,82279,342186ba8fb07e98149f35cba13e866bd0962958187d17a2b8dfc551e2a9e90a
E014,218103,slice_029.png,83095,691f0dd6a0fb6479ad2eed60e64d99c05a8a25e051c3073e7b6591bbf60a6ab8
E014,218103,slice_030.png,82531,0f9a83d5fdf9db89245b3da2f7dc2a758e657845e6d4e1dae8d2d17e2957e306
E014,218103,slice_031.png,82865,0d229022b16c5e1efcd4afbcfd79394749eaaa6e571639e0f4ccdf2202530b6a
E014,218103,slice_032.png,82922,2c7fbb9724395f2be2028461786b3c72290eb50e46f46b4300413357e50c4471
E014,218103,slice_033.png,83014,f577c5ca81ad817118d4b0324738bcb62fc216e35102ac515da79e974a98db41
E014,218103,slice_034.png,82480,783e49900a2583d6b14519f1f09246ac048ce9f338082147ae39adeded47c53a
E014,218103,slice_035.png,82525,11cbd527a4af1cd1e3eb8cb491884dc23d56f753da61a41d09dca2e859f48f74
E014,218103,slice_036.png,82054,12efd1b0a41c06af97a9b2ae1a80b7afb0e6ef835a3c709218d95c25e591430e
E014,218103,slice_037.png,82378,d6b21d854d290b0cc6819d840c3475c8ff1a1a295af8bf34cf688cb79e2d5dd4
E014,218103,slice_038.png,82098,da4c247ee09514f2c5764319b3cb8bb3129ed03e85b7c9bc2595ee5b7aed330b
E014,218103,slice_039.png,82833,f0c7b43656562ab95ad46e82b08e9332da3a1cc1a48f2feb2f68ab4604a5da2c
E014,218103,slice_040.png,82738,fabd307e4f0e28c0deac0d34d0444a90455fdb6734eb44a81755bcf4e3f401d0
E014,218103,slice_041.png,82868,e3921f7f8f0f2f87fd2ceec0edd758867e5900a7de82e53e7502f0079f71e937
E014,218103,slice_042.png,82276,92fe34788cfffead9cf17d87c2cb08bd5d393dd66510046f6fa8426a565ba2f3
E014,218103,slice_043.png,82464,d650530f2b5e5a3a44713f5f635d87b19d0be8050ae9d53a9aa7accf96e1ee6d
E014,218103,slice_044.png,82159,67a72e013477a7dbf6a40ae9d41e63f9edef36e6f243d427b3c62803289f6c53
E014,218103,slice_045.png,82484,c40298597efb7edbeffb43300ed5803e20d236f311d6a6e30ee1422882585fff
E014,218103,slice_046.png,82398,632d78da0e877c47677d9a9ff95f7029f27d03a481c0d0f9b5f7c6e407668fce
E014,218103,slice_047.png,83311,85b725bac543708cd131f22684a1a592b0a7df931ca02c80acac7308f5f4cba6
E014,218103,slice_048.png,83415,c8d262e86798adbd6e56f3ec8b956c499bff142424cc5da7a5d01ebc3c6a745a
E014,218103,slice_049.png,83745,62739d674c8460dae31fe0eed75466b49e2bd03907d571f1da13d09a843912fa
E014,218103,slice_050.png,83903,f0f9395b86920a64f52b7ac811417659d7cc44f411afa32e27ecf52c97caf641
E014,218103,slice_051.png,85498,17245cce5a74dcb3ff9a42c99f66c8ca996eb107a61f549d1a44719a00055255
E014,218103,slice_052.png,85780,00ee679c79ff19abe1b80fd7ae966e1bab1a2bdc74ddf506720fa23c0aeea004
E014,218103,slice_053.png,85759,30ff2dc3b52669cd1354b73f0ad39fb3a8a069201628d19317669b0c8ce870b2
E014,218103,slice_054.png,84894,e3d3722119197a04dd1becc5b5bf22a573ec71ca5a8a5977a933da44c86c2dcf
E014,218103,slice_055.png,86295,d88ac7a9ce07f1c4160487c310f5d16605b4e89961e0f36d39dfdfb4973bb597
E014,218103,slice_056.png,87025,8c371200699baad27b8020f9593828e17f903406ca4b2d854cf68ae95e2b8b78
E014,218103,slice_057.png,87794,4fd5d28a7fa578e98aed2ec68805739f261b392575db7b227acad6939b578e2e
E014,218103,slice_058.png,87524,aa2875769161ae61fe3f9983273b50d132c067b630f631108d43d4900b4720e1
E014,218103,slice_059.png,88036,625a74c8cf2e707f707d0285ae600e92e7d383aa678ddae50cd809e249145ca5
E015,206021,slice_000.png,72909,eb44ab02dc6b5293ac76f326e7296cbbb7b4d78fee59594f23e5aa61d227b0a3
E015,206021,slice_001.png,72703,3672497263a63bc5531cd27d0bc6bb3207f93a2e137da304d4d83e84c2bf84e3
E015,206021,slice_002.png,72996,aff0e6861f5c7b5113cfc3e12714c2709e999d23b684dcfcf206bbdd52a7fe32
E015,206021,slice_003.png,73373,46813a8ea13d0db8daef141a08efd24d7638ebaa0cc79c59a6af076b2557b3c2
E015,206021,slice_004.png,74771,f99e1237bece1e393900f0d4a8f66881d48046d5fda51d0a72b07c911de7aa7f
E015,206021,slice_005.png,75510,50042f28fb8df5c925aec1f18f31c237a962b3be56bd1d8c10ae5629a10ca72d
E015,206021,slice_006.png,74862,3b7958b16f579900dbf5cc0ea65c302e3cdc0d1ce2e34a49df2c925f42039239
E015,206021,slice_007.png,75142,0a8232b75acf9688034b53bbd7713b091e1a197919db30b0dc17aa7beb934a1a
E015,206021,slice_008.png,75858,8e338454d03e03d4acd744e8f317a76aae7995767aeb10ae64c8b0d4a47d4592
E015,206021,slice_009.png,77044,811567d02a5c51f31381c717d59ad5d4786d8133f4249b46e1bed1b1c18bb13f
E015,206021,slice_010.png,78519,69b076e6edf839f6e3d28b21cb02168794764196555b1d8599aab1a5f95320df
E015,206021,slice_011.png,78648,a4bb22d0e1267420e7ca939c12dbcf598852cdf8a8bd91ab2fbfb64471c7c906
E015,206021,slice_012.png,77706,ce5318ec75b25cde9acac7bf41efce7c86e2668e2c9277026a64a7686d351ebc
E015,206021,slice_013.png,79266,a1c2182ea8adf31c9994131e9e32cd9f32c9fd2c2819f76bd017d2cd4f4fe20a
E015,206021,slice_014.png,79871,0a0fed7d664b2294a32d293c56e1ae0b91c597115d039e8b07e8187c17120b05
E015,206021,slice_015.png,80992,8142c5c3b2c8e7ecddb606bcc68e2599b1f643f4204e9901d885eec50c9691b4
E015,206021,slice_016.png,82101,bb59d57a99c485f4953cfe6feef4f22a00bc58dcc7cb47f84c4155fb62794a48
E015,206021,slice_017.png,81477,b7946577d31e2fd754b64851ff6a34516d2a0693bf5e9ff907874ad39b22005b
E015,206021,slice_018.png,81267,c1c02e868eb7a574582817a8ed861eb94ee7defd5caca2e68a61e855f42d2e32
E015,206021,slice_019.png,80796,0f20a76d11341d8acd3ec6da941f3ebb84c1db959c954cc0a248c294475c7747
E015,206021,slice_020.png,81164,56cff872938435ee968124b37df5fe91fa4832c83dec3e92a8af2bad329c3094
E015,206021,slice_021.png,79470,49872c787dcb009518cb98f18da94389b4436d3222ba35f79bc3cafbf1070834
E015,206021,slice_022.png,79651,cd183593f730a7a250e7bb605b36b227a62dc8f278bc3a783445eed907b2dd93
E015,206021,slice_023.png,77624,10cb7028824164a19d07b9783bb0f50a17dd860c80678d6be7c3bb1d9640b2ff
E015,206021,slice_024.png,78242,e367709c6ebc0cc3f483b7e4d2dd8160f5068cdf56e60b1c15107635d745ee51
E015,206021,slice_025.png,78880,a7f0828ea89f92dca676c67d253113aecb06151dd848e1619e6ea804953eea2a
E015,206021,slice_026.png,78315,d3d96b24f723cb39d8a0f0796fe24ee63b619af8dcf1b289b2d2672971d1acdd
E015,206021,slice_027.png,78267,ed5fa554c665845db005a51e1135ce43e392172116a360842e2c82ae943e12d8
E015,206021,slice_028.png,77530,6c47bced9e06bb4fc7a9d678def184d9d10bb8b8bcce1d08ada828f8e13b5c3c
E015,206021,slice_029.png,77592,4e4c3330f02d66ed2e3ee939023b9b2bb55bf71432380cec2352dd1629e47a39
E015,206021,slice_030.png,77073,39df72bacd0a9f4d075a6dbac8df45eec30e62015c77f8cd069f6d0030fe49fd
E015,206021,slice_031.png,78652,bd3daf65ea0aa3213c4f22b202b4b7053e6258c0b8a22f20a7a5eb6b4c27c23c
E015,206021,slice_032.png,77989,496d828e0911bbcec6a26282d268967fe1bf0994990c004fff53690371ca20c1
E015,206021,slice_033.png,78167,c9ec81e905eef6db022d169e9c6d03638f88973986f649c1bb5667496d16c61e
E015,206021,slice_034.png,78254,d17c46d3ca1d304200b6a1a3468bec4912f0fba8da4df64334d5eccefd09d035
E015,206021,slice_035.png,78593,83916d4eff4d116a68a61e235f9de41820256fa2d676bd24efc67ff5e656b309
E015,206021,slice_036.png,79468,dfd09e8e186d47cd3262c3b7d2425987192e4b23d91a10e3812bf7e67028fe74
E015,206021,slice_037.png,80114,c2bc7e6bb6103d0916412a26bcee717f95af414e958f680c2709c42f13930dbf
E015,206021,slice_038.png,79484,9e1b7d7e304446179b4cb386cfc0b6772ca5759e297e8a984d2371a030a01eeb
E015,206021,slice_039.png,78451,89834b1ceb33d99b5098cfd14c20a31b97de7d6e81d743002ca7c6a8e42bec8e
E015,206021,slice_040.png,78590,1c64efb6a1e02e37a687bbfd6c88c2484eca7fc0229a95b97415f48f44a9a1bf
E015,206021,slice_041.png,79435,12cd9f9a711402048b1e25fb4a90f6cd672b6c20118a4da83dc9a2f50646540a
E015,206021,slice_042.png,80674,12ef8bae9b3bba26dc698e33a4cecf28fef969afdebd71c12a6123e434108e34
E015,206021,slice_043.png,80422,484113f74b5b743e616add5074ff7823203247934ebda95ac5fd4290630609fd
E015,206021,slice_044.png,79686,28d7b18ad3084931fdf7eacaa06f8964d02d26c242fa9ac03b5ed11e6361b37a
E015,206021,slice_045.png,79744,790f49d3a32783044e23cb02e9aefb09c6fb58054c7aad4d76fa531872bba615
E015,206021,slice_046.png,81064,8bdc23ae71db999b5a1b24823bc6ff11f91724d69a36214ddbab37c5372e1405
E015,206021,slice_047.png,80958,d0645ebde5755c6ee62062ccfeaa2a99cdcbc64ab191b439f84a121d055f58fb
E015,206021,slice_048.png,81191,34e4e0fe5c7973cdfd6a2f9765da041e3f13185120190e85731da78d5bf66c1e
E015,206021,slice_049.png,80172,0d033383a1fab8f86f30ff51cde237d4515e1a69389e2114393445354f27ffd3
E015,206021,slice_050.png,80766,19490291960a4d39d9e7ab16d577e53db1db326664697586c5e8f69fd6551180
E015,206021,slice_051.png,81370,a1478957e1bc5fe11861ab299c90755e3cec59db4c4370308afbcec212b975cd
E015,206021,slice_052.png,82092,4de4ed31c93d4e756f3a980fde2955ba055e207f55d61c10ff859ded824899a7
E015,206021,slice_053.png,81899,b8402f555d1e99b3e57a68603ee2162a94821b055e11b0a0793b2b2946eb1930
E015,206021,slice_054.png,81727,f5ab6eeb13860c086a44b53d3df3020f0108d5bc52e088d513a733dad8ae614c
E015,206021,slice_055.png,81646,5482776aba2a0379f1fdca57356b36d1811ba9989f7012cd4fd8d26839da07d9
E015,206021,slice_056.png,83031,64cf17f87388d8932d432411d550358c488b1bdebd433d5a8a44c8f649651bb4
E015,206021,slice_057.png,83988,ed576181c434f566b0e32ebdb1d0ec2d594fa3c53002ef1354f54854adfb6cba
E015,206021,slice_058.png,84774,2970bc1a0434fa7905c3dad083b69fe217b2fa4a0ae1dcb722c079046956e1ce
E015,206021,slice_059.png,84775,b04151c3b11e5e79aa26493b134ef800d1fb692352b5cae5c468ed6b9d3efd9d
E015,206021,slice_060.png,85081,56ba2712123b4c7ad1198d94379df37e1d22fd3b811bc915d573da3dab0c801d
E015,206021,slice_061.png,86834,9af8e8b160ad940645f3e4401620593d1dc003c004577f57fc7e21a9d4acee6b
E015,206021,slice_062.png,88163,698aed636eb0e8a758b116044c41da69ce0e4866640c2c845d67e15775368540
E016,208306,slice_000.png,149914,060081e82d42fc047c4709d1fd5b4484ebc5b31c04794e0accf576f056847618
E016,208306,slice_001.png,147566,4f0168f50196dd62ef01015d931d04bdfe58eb0726f9cfcb0817643f7bae3cbd
E016,208306,slice_002.png,143894,2346f7c5e0051263d93a27dfb04a629c3f2a00d6051f5e2acda5573fad05e1e1
E016,208306,slice_003.png,139993,790a6cf9db10ffcef063e9a97825d776ad8c94c6f2b8ce1ec8913fdd9c216bda
E016,208306,slice_004.png,135860,72df0ca08df068473c253e9d713dbb324c2133cdd2c6381519951765faa8fb0d
E016,208306,slice_005.png,131794,dd60fd4cbe0ed83d4fc36ef788dd63e96f0009f23a1ed0612381aa6633b78c63
E016,208306,slice_006.png,127715,22ec68d1f37f1403804d33fc5529ff6e070c79d96c09a05b0f041c9f9b0e0d59
E016,208306,slice_007.png,122860,3e7bfc73e86f93bd71480306671d2133d975f0883f66b1d39ebc33f131e85098
E016,208306,slice_008.png,118894,6c3eaf056aa764c32f45746a6e6be83d1141930c46808aabcfc412117dfe4657
E016,208306,slice_009.png,114506,98f7cb7031487e1cdd7036eee9a18e8da3495cf113f36afc7fb32657a58cd752
E016,208306,slice_010.png,108617,85b3df0032dd595af44ca0376202ad8f1287cd1edcd0b8852cb72dc001c1a6af
E016,208306,slice_011.png,104804,6933b3ece499849012d4982de866f536d1fe9ebbd5ee94f6bac4ddc47aa3f8fd
E016,208306,slice_012.png,105961,77df712d675ae26b17c6dcd31c8fabc8dc51e41a04d7873271c3c9f253d90e05
E016,208306,slice_013.png,106922,23b2ab0cd85db1895e67d95ed00d77f7cef2d5674931fe7c1493e85e6ee9a6f9
E016,208306,slice_014.png,106515,aafd047073c1fd2e8705ffa5aa3945eb44a20c189021d0c35e37dd75a7682f52
E016,208306,slice_015.png,106255,17bc46d5757148d7a9b6633eab4d148b71eca9d94c75ac0838e48502c84a2775
E016,208306,slice_016.png,105592,cec495834f89e6ca6c99ee2af06e2cf4b9314733bbff398a5fbb2e11d53d225d
E016,208306,slice_017.png,105220,e27873989f4eb05f962606e77eb468a5ddafff1a09fe763d5d2d03b23242ebfa
E016,208306,slice_018.png,105481,22160fdfbbc5045306d66f3bcdf042361f01f35a75d5e723b0828c2614f73d3e
E016,208306,slice_019.png,104811,94ac36684bef5865e0cef1d14d41bce9b28160e43cc623310ef6219869ad37ca
E016,208306,slice_020.png,104531,b29f69c96c4aaf18daff14f182a05a366bd543dc99917e0cafe9021496fb43c7
E016,208306,slice_021.png,105594,0f421d5eb3f59f0e605ea2a3a81e7b6d5a8a715a1c2b95545df1b10a79fe5316
E016,208306,slice_022.png,105365,4da48e9c1cd86750bc8cef5a55510be0fa431a10e0ae33da8bfda4fc148e0cfa
E016,208306,slice_023.png,105212,02580a074ab52c3f3c36c485e197ad73076ab385c2887467a81fbeafbb4f72f5
E016,208306,slice_024.png,105268,b152836eb633526e7ee9ad110da51236bf466bea2512e20fea2e1002c3058517
E016,208306,slice_025.png,105681,a92c45e902c4f1c1dca971411ac5b20dd2b0d07e6f2c185416a6a366f5278960
E016,208306,slice_026.png,102519,ea6c86a13e7260091caf43d430da5a240b25e16a887e4053ca052c4256d2c34a
E016,208306,slice_027.png,102528,552dc219fcae0186cd27cdf3262a76b332e764bcd02b31a662fa6d121e10aa6e
E016,208306,slice_028.png,101817,a940cb2e965b5f2cdd26163e0d767e2854dc3cc2fc6b3214301ee8fa60c2e3c9
E016,208306,slice_029.png,101072,62c9fcfb7766b967492e64c1a7e6c8e54749923913a01e61a2a60ac5f1251b08
E016,208306,slice_030.png,100583,b938ec498e4e29784c4812f8592815ada1612e8c755610d438da501ac2049772
E016,208306,slice_031.png,100021,ac42922f77400d910d4ec0912f2b3c80afae79a5af101e5e7c219c422e343e1d
E016,208306,slice_032.png,99309,e908d2fc7660628ae67c7a550c2a400fe65864828c24d284445d6bc2fc8aae73
E016,208306,slice_033.png,97155,26a768c8ffc9cb9118c41309d80c51d6e929fd13e13314bbd67b7f801dee9b1a
E016,208306,slice_034.png,96835,f27e305632a8c1d3c8a17753eadfc31752f1732c63954f3df88334686be55025
E016,208306,slice_035.png,96838,cebc2502ad5a6ad017b173996a9f34b6f66ad3a16706368a45f42f6155c165b8
E016,208306,slice_036.png,96344,027722224622a0080ac0003f1d29d6aaa65d462afb2b4cae012b8e6763a0a1b0
E016,208306,slice_037.png,96247,f1e3955d1a0bb8e466a53cfeb13256c4f17473887c6ac6ec7143641cd090a0e8
E016,208306,slice_038.png,95198,29865e4f409e725da6bc9fba9e6a128dd1bf2bd32f6f9ffb3ca446d901c89127
E016,208306,slice_039.png,94493,a4205bf60800d92ee8c793f78399b9a3b01450b336371a2c09f1b63230184574
E016,208306,slice_040.png,94491,1991a3bb4eec4ea87f3288d9abe709c826f3aa56b2af15d9e9ccaba9c0dcb796
E016,208306,slice_041.png,94003,6c18a202375f2b7f0f27a2bf0bd10e6cc507653400c91a86950d815cb859c9fc
E016,208306,slice_042.png,93475,83add966494a0853c640bffea597d4095b8a4266f41742d76387dd41d758aa2a
E016,208306,slice_043.png,93843,7975cd42259e7232e46551926a1d5c4c642a5daf527a425ef0fd9ef59d5b99d3
E016,208306,slice_044.png,94429,2a57b5e3caf2ac516c6675140b1aed1edfe5e445bccdc8c6460dc397bca157f8
E016,208306,slice_045.png,93443,8c6f8802012991574679acf2506d850611ceff053988c02bd2547255c3976c67
E016,208306,slice_046.png,93180,c4b633df00ceac4d075165e97052d483b6934f4326bd032eeb47e5eb4eb718f8
E016,208306,slice_047.png,93821,c7cc86f5d7a3e854844c11d0424127dc5d69e39a64a8035ae4c0d38a86cfa064
E016,208306,slice_048.png,94665,3589c3c0f9b297d7cbaeb321c984fca6b9c55b87b52e895f81fb9b38297b99e3
E016,208306,slice_049.png,95513,32d24ed3bb3bb2e8a924f3d3c661e08ffaa71f87c3da9087bd8ce966ec139384
E016,208306,slice_050.png,96748,94732e7b0ab84760481dd471b5fe9dbdfab75675784ce235c2f25a2d52d556cf
E016,208306,slice_051.png,96745,56412c3ae17d49391e812bbdeac8c1a29499c42e9b2802f3a8960c52f0e3b750
E016,208306,slice_052.png,97673,edbfbad5cc8a4d6e7b3b378cb7c99f3efd468190b7b69a81c1883ec939cdc4f7
E016,208306,slice_053.png,97230,641b9d9692364183ff14ef9f975956563131d30cf8815ab5a3a5a896435e99cc
E016,208306,slice_054.png,97708,4bee3221bf1167c60b60f3d2a17b47aa6974cc2bcd3c8bf9dd6f647697e0f246
E016,208306,slice_055.png,98276,fd13973dcf6a0f078abc59c57aa8fd49f29b4acd3ef67c4356381c2905d8dfba
E016,208306,slice_056.png,99285,90126afb79e989dde9d2980b0ac352899854532a14d1363790c17c8aaa02b3c7
E016,208306,slice_057.png,99631,087c8c107e5dd28913f21ee92aa0dc7cd03afd1c9f6eac4edd18d00b1e983ca0
E016,208306,slice_058.png,99601,ea270b7d2d0724d9218d768bee5a94d55678b7e19b4a2c8b43a777c88ff97cf5
E016,208306,slice_059.png,100454,a4b449466e4ab75df03b6bcc155247f6b0d0fbd0c45e675120f568eb388fe106
E016,208306,slice_060.png,100599,3ddd9ff617f15b2eb6babb7aa2c68f26a29b230d5cb9bd7c6a0244fe35172a03
E016,208306,slice_061.png,101073,d81c8a798b5dcb59618b71018179027762433d2016bb0afb506e280a9d20dbb8
E016,208306,slice_062.png,102825,9886122363ce5c609cacc09d3f00664ec1f26ac83ced5255f1dc96b77a70bafe
E017,218313,slice_000.png,112296,d937c84a78bef1d54883da30fed10334401e96e77abdc607f907eb43bc7048a5
E017,218313,slice_001.png,110578,b71d512e26e458b15d8caafe5b29f25ab877b94d397c91e76f2f441adff5f9e9
E017,218313,slice_002.png,108169,1162b5fc2bb06e80add5a24c8c8d48249d132a7e7812c31fd7b23c4b9c8dd157
E017,218313,slice_003.png,105929,105a368347d66830faf48c33bb2ef7330e1e010cf32bfc5c86d028b14058336c
E017,218313,slice_004.png,102361,4edab2c819a1d2e1fcacab90157268a1f41ccfeeb271ae6aab4e92db77f5a180
E017,218313,slice_005.png,99207,fd47c66d34b1f2abdb2863c39144f8e2ad5f670307e28718cc03502b63cd10d6
E017,218313,slice_006.png,96734,8e8e85b588820878693b700a18fb22e9ac86b962c7d38e8f02488f4d68525ee0
E017,218313,slice_007.png,95321,310d7fdf23105f3487699a326ccf83bd90358d8e3deeadc0c6211f5dbd5524cc
E017,218313,slice_008.png,92610,71200b31efe404c12e6793b9004484a1d206bf839c630c17aeba9279faad1396
E017,218313,slice_009.png,93519,09cb6b11c8ad7f257bccf368bf9a168a77428b39d772e92950d1a0cc4cd89df2
E017,218313,slice_010.png,92381,c0e6a65e1a88f0c6dd099a2f0569b50f83da88fb2e9f7c641998d1e0e03e1556
E017,218313,slice_011.png,91800,281581ed298ac3f993b0da0c72e6255362e4f20df1930738dac7d93cb1a53f0d
E017,218313,slice_012.png,93179,665050e2b8ff1edd676fcd54eb9382b6d56fcf58aaea42afc4c5a89ac21106a6
E017,218313,slice_013.png,93040,ba687ba1c493df7e50319346078b1a0a78b2f090409d81a6ea323fa7758bf361
E017,218313,slice_014.png,91221,d521ad03198fce266f92a178616f8e5ca8efdf7e1e28df24d8ddbd384efd1130
E017,218313,slice_015.png,90706,921942a347880b083b727ba526361528d0a96f768cb8dc2e392186bcc60c98ae
E017,218313,slice_016.png,89664,754dd21dec6eaadbfd0c48aa1624768884b34e127ebd3397d7924ee2c9cf12b1
E017,218313,slice_017.png,89335,d279139f495e5cbffe0515fbf5ffb80f5cd25e95fd747daff95bdd3b9f0fb1f7
E017,218313,slice_018.png,89445,d9e3b312381c30b0e16443885cabb24050bc4e5733fc0e14b8b6a35541c9443e
E017,218313,slice_019.png,90137,890b16cbd466b20c7a6c579af12a1d8e17c71aa22ccd24da225efe36c0dae0fc
E017,218313,slice_020.png,87790,e28ba10d8bf06df0d6314350856d958666229eeea2d664f5f7cfaf91693e5812
E017,218313,slice_021.png,86808,95744e003f8aec4c48e8667e56c7e3c118bbe3f6540248fb352f2716b797d503
E017,218313,slice_022.png,87012,d127f0bef6fdfba129900fcc2c17575afaa881246207f3544a28686252efc694
E017,218313,slice_023.png,86535,f69969155c6a238165fe1ac942b6ae217bf0d5df4a6e08756be8b13e3210d261
E017,218313,slice_024.png,86236,60db8fa0dcd502d29062a6279dfd0861a04bc4b058fc75e648f9dc715a721580
E017,218313,slice_025.png,86272,2af7e199a9671921c05e78c4e60a173187e24fd0b3f717451813d8df013db55b
E017,218313,slice_026.png,84973,1e3dbdc5f3c5f4185329acc5a6d445bd9dd849414a528c79fd65eae461a683a9
E017,218313,slice_027.png,84133,16c4c81a58860be80f8336d7b627f0eba48dac482158575b367dede1e61f234c
E017,218313,slice_028.png,83501,1359f971ff553558200984d8a407516300926780aa9ff787f04086d9b6ce518d
E017,218313,slice_029.png,83184,fe6501e5f23a15c9b167c42f93cd1e3aee1d2113ae5f1d10d4a73e55c0a18a22
E017,218313,slice_030.png,82471,b91077b51d6a182587c3dfc43618a97c4cf67a5c9006dc89b438a6a9887e796c
E017,218313,slice_031.png,83324,4f32b799cf4591280241b2d8bb51c69a82f87d8e69c4b19be4aee890157d4499
E017,218313,slice_032.png,82240,09ce959a5f462783ab5bcbe55faf32f22de18164e43bb33dcc595c941fae4b13
E017,218313,slice_033.png,81371,60af2d20265b1b215ae18300521598ce3cd4d332c9a10859b05f702f9ea973a2
E017,218313,slice_034.png,80571,8c0a0b2552b971ba78df3ccc0c6009fd85bb95c12b98510b5ea8108d41080488
E017,218313,slice_035.png,80718,cffcd0d88968233eef35a3a222e1dd2f7584ee0b0ca12420742d6c2c12ded5ba
E017,218313,slice_036.png,81004,8401274e6e2658a17bb1bf2a5058a83c2b007b892da22d726de9dede0ca78d6b
E017,218313,slice_037.png,81794,854ae7c009785159e01dce46587811d4dd6376e0518c20de4c7d0006098c0055
E017,218313,slice_038.png,81278,b57a7eb3ccc07e8cc65b49deff27ade60d85985f855b345a6f93188ab2e5e1a0
E017,218313,slice_039.png,80246,1d5e57d8bd3dba0289e16baad7e66505d4ada104ad3baec30cffbd01c9ba7b2c
E017,218313,slice_040.png,79649,72f8bc1da66d215d4377498f3549ed55a9d51ee234b1614513f0be973c87e636
E017,218313,slice_041.png,80025,c4c81af91bdbc7d10ef97d7eaabfaba41bc401e94d2dfafa622e3ed2e26e0b1f
E017,218313,slice_042.png,80054,5ffd7c8e3f737ab167653f8a6fb20c9bf71a0f8d12d7b0fe9f067cb1b055d0d0
E017,218313,slice_043.png,80709,9c2427182888124fd41150fb895d7e79825fa18bd20587d89f9a97aa030e0ffa
E017,218313,slice_044.png,79500,7fdde544a27e00f73bebbdd1ce7c61d203671bbee1f20a4b47b1b3972caf2ce0
E017,218313,slice_045.png,78913,d2958850edf6833c65c4d33a7bac1ec21c6c4d6f57e4e1cb4e3cf433f6a9c57e
E017,218313,slice_046.png,78363,4f77c080375848900f0fea76e5667a6fed694c2b6faf800ad6f08fbebae7d0e0
E017,218313,slice_047.png,78815,a4ec50fe162fd964ddf1d21a5c2f1f5bb4cbb5503b310450b06aae8b435324c9
E017,218313,slice_048.png,79713,c2b766acc4728ee28abfb422690b82887f6c62453f3d413e3af6b6e683b0a722
E017,218313,slice_049.png,81480,d8995cf4eecfcd76c0fa11643e78ec0f5cee25e7a2888849b23a62c9a4871a3c
E017,218313,slice_050.png,81202,7ef740e226e5e3f398aba66cc6e8ddcbffa2ac3069691b682e26ddd16401225b
E017,218313,slice_051.png,80648,f64a6e546321e516d85a780d56021f0581bbfbe8033538a381dc0163218ab5f3
E017,218313,slice_052.png,80224,9f44c6550fbca8fde8c64e50c4858e49376cf9731c94ae2f871900fb8bf4c7c5
E017,218313,slice_053.png,80914,798a947561f8ae5e9387eb94508d8d753af578f5e2cd7a6704c772a4eae19d76
E017,218313,slice_054.png,81024,c296be2283d340b33b6d77966b39458264b4790e415289721a2ea7231f416bb0
E017,218313,slice_055.png,81455,386387363beec66d0a3f3a2907867d1f820b843c727863ca74833f35ee4fedbc
E017,218313,slice_056.png,80916,b6f4bcbbf1413525ea689ab66c8204327a3ee652596f0f9823dda33410e9abd1
E017,218313,slice_057.png,80691,8c03b5533e0ebed1d05d8302bf231f57300e14289150c6f49b0cb3ca2d8004aa
E017,218313,slice_058.png,80679,9dfc263974f7ea5a4609f7f7852937974a9dc34dbf269085e1e10f412e650aaa
E017,218313,slice_059.png,81480,687daebe55a4991b47a2769e2ca0d9c43b42c819fdd2ba4b5b74a8e9c2bd043a
E017,218313,slice_060.png,82635,c5d797097e6f5ec2199d38eabf05e9e8884e1ec60a498b3242a8479d160f13a0
E017,218313,slice_061.png,83946,a78ce317f265723b16d27db854ea45262576d972de6c0d21b7c520e36e43b1c9
E017,218313,slice_062.png,83860,c952aecc231c06d2304b0124c9c3da3655287367cc2d413a1a079dae52779993
E017,218313,slice_063.png,83830,acf9bba4c36b628c01fe73e00cb31257fc27e6839ffd719438f56e781037df22
E017,218313,slice_064.png,83346,db7a5e8381a86ae010a2934ca6997b7a3332d8a2337db73dd38af1e0dfbc14a9
E017,218313,slice_065.png,85476,d1a4c8bc57a91da7f6270e8ee6be9e3035a9bed6e9d6c370067a85daa95b1d46
E017,218313,slice_066.png,89142,9adcd614ab1a06495a3e1e2ccdcfa067883ca2e38aa88e2690aaf48c1eff101f
E018,101885,slice_000.png,67026,50276ae72b9dfe6180333ed6427160d2ad51bb3b674c8c689839bcf0d7749afd
E018,101885,slice_001.png,66982,a7cc99840e0080a650cba68e2dbf959b0d678e3143da612edb55ac6b47485bbe
E018,101885,slice_002.png,68030,ae7aee9cc154bf79e671cb02d9c9281bd6929e075444a84fe7fcbe82a2172032
E018,101885,slice_003.png,69627,75a515588d7f76ea6d912a5554cb024f9064dbb8c40f0a94f1e6c5fafaa05267
E018,101885,slice_004.png,71473,58ef5022cdf7dabc8bb699f1fec9d9548987a4e0d133ccc54cfa6480511a1cea
E018,101885,slice_005.png,71962,ac8a7c74afa4e305419f8a035f701d4a8c897241424fe6569f3afe2e878522fe
E018,101885,slice_006.png,72694,6ee8a9001ab36fbaceb7cfa46ad90653fbcf27f56f8e5d89466dc2a265eedbf7
E018,101885,slice_007.png,74080,ae07d27d887c3c7d43691e5ee8e8c28ed4ca626ce2fe3ae661c2b9e6f71e6c19
E018,101885,slice_008.png,75037,5a8c6b1732583b4422806eaa1e40167608c07e0f29332a2a83c54ebf91dc21e8
E018,101885,slice_009.png,74548,812c1ff5d83541d699b4ae0470fce15bb2d807b7ab3e43c9161151cb3ac02ebb
E018,101885,slice_010.png,75087,adba40d9f540e5fb5d6280f93564db9eefa19d2c7e4cd88ffd237e277acd7eaa
E018,101885,slice_011.png,76400,9a183b48ac96aaa038facb92fd4bf5e98c12ecd8afe39c44594dd3888ea4f605
E018,101885,slice_012.png,76909,9e8db1b9f9f54e88c441b95211cdc135714f7b490ae573dc3b265146956627c6
E018,101885,slice_013.png,76466,d11ffbb18b0d465fe5eeb009fa08a366d6b2a847407aebf6fdc52f63bbe4247b
E018,101885,slice_014.png,76852,d31e54e21d95ba3839a274d26165a091119dd6d1d11fb0fbf5e8e52cfc3706a8
E018,101885,slice_015.png,78069,e13a860d2f5707637e492f7590b6e6b5c5d1b156c5c97761132c01decc6bca96
E018,101885,slice_016.png,78283,20a2a1b2b59e1fb2cb053a5b256af1c002f2012bc812b726cf4b17a1a253a606
E018,101885,slice_017.png,77110,55bfa83f67dcbc31bbb46de44952c7c1f3b9047d994edcfb92ed81423ada4628
E018,101885,slice_018.png,76550,de7562e73b9b47c74d3867fd8abe2934760816746c15c1e3df0cdb305e1f1875
E018,101885,slice_019.png,78747,d04823388cf93862f73055aad8d0f29b0971c9fd45e828bb3510e9fef6ac3e59
E018,101885,slice_020.png,78363,43b24d33f9023dc8b3f549ef6e47a0df1fe4d2831bb8e013c454ab8eaad148fb
E018,101885,slice_021.png,77661,a2b05f7801a53237e455b1fb9a5dd9a416b0578db9fac1d6ce7cacc286f3f15d
E018,101885,slice_022.png,78396,007c017e96f45289d4a1d73978c3db5a8d4466ef2d6b43f0c890c1dee7efad75
E018,101885,slice_023.png,79163,77cdde2d66f9a44ff338b5512dbb5a24e426f886276b77d9cc47fd91d40391d5
E018,101885,slice_024.png,78604,f6802954b43e1305adb30905af99f0009f6b14dfe6e212fe9d2ac5752a7fb4fd
E018,101885,slice_025.png,77160,c01cb21d61587c3039a6a0b4bf0aae1a58bf31f22cd4acc79d99444cafde23ab
E018,101885,slice_026.png,77043,60cf772eaa821a6566c3f43b22774e78849ab66059ff4cc4d2bad7d20a8e558b
E018,101885,slice_027.png,78246,618517ffd02f4b5d110894af0603bd8f99b20689f7b7adc1ecb4c117806d6a3f
E018,101885,slice_028.png,77943,7c050f9e59813ba4a6337836defdea90fb891554b226862fcc7bd5ddbbb7c625
E018,101885,slice_029.png,77317,c1b14a9c73db6eaecf430dc5b97c2e41b892a8f3b950e9addefd24a1cf975381
E018,101885,slice_030.png,76560,51b9befaf9e61efe1db63c4eea4a3c52b2f42a07aff3cad248a310bd5935fadf
E018,101885,slice_031.png,78360,662287e0c030909fba0eb371bde9e8f51215761110ab65ffd10065748e4cafda
E018,101885,slice_032.png,79142,222976603f04f0f7bb75f99d03e564ea26eaa149507c993b12db8c0f43de343f
E018,101885,slice_033.png,78077,40401cf52cd07186135a55eb9e9efb147e85ba4875c3fdd3934d0ec04114aa49
E018,101885,slice_034.png,77985,36e76f1fb8a743ccbab64750f176de683443e0f79200ba6db6984c2e59807e54
E018,101885,slice_035.png,79007,23399f7d51df8c29879ed7753eb77b98f0636cf8d18b2038a7eb2c8ada1768da
E018,101885,slice_036.png,78290,c2a328d9ae2521ff0f3910ddc33f0b468ccaef5ddd67e1169a829ba7bacfb0da
E018,101885,slice_037.png,76444,e11e6c4272fb8f790cbc2d014ed55448aff5d430cedefc96c8749cd88e9db4db
E018,101885,slice_038.png,75817,b31403025a3fc79499a3b33893fd648e34294866b6ed61c7f88307681af3a65d
E018,101885,slice_039.png,76816,9eee9ab09cbd170852403b8c91de8cd6c80aa12ffac565370a6206d593d31b3a
E018,101885,slice_040.png,76468,ef99e1aa52bc0b2b1454265fe9aff314fd2c390830076d5d444898ee05f9dbf7
E018,101885,slice_041.png,75520,9ec4c3ea83b1dffeceefe1bf472bfd653ee8e88ea2325ca40ea5ca0e9ba99a08
E018,101885,slice_042.png,75931,3f2fc0d9549f6b344d9f6b1453c59ea1c1b92fb7ea559b77cd67a8a6b59b556a
E018,101885,slice_043.png,77008,55a002744936b508dcaeccdaf8011ded692bc062b584fff2973778559df17f70
E018,101885,slice_044.png,76765,6b11a31d7f0d2c2a17b675eb7ea7d87b2e8af5ae04cabb9ab0dc79ae65882051
E018,101885,slice_045.png,75696,23ead99be7b4791e179ec0c2f1fccfd2bebd98e0932dc5fa042bbe602e3b2d16
E018,101885,slice_046.png,75491,30e52a455874ae9098813fec4d4b0d90e25b0a44eeb5c4057ef47cc6846ae4e5
E018,101885,slice_047.png,76231,1286e01365c465bba0a4399f06807ba4c35a3b2f562c77e8932b6426bee460ed
E018,101885,slice_048.png,75355,10e4a180e88f019a55cba0abf2483a63b106c056e9c7be4b4c1f6069f9062633
E018,101885,slice_049.png,73983,bcd18afb19854a8a06d1dfd2d056b85f8266945bbb220c39c59f3615b348985f
E018,101885,slice_050.png,73972,851da0e52dbf08ad790f7761a6864b365ae79599eba0e66f6b1f92d040a84580
E018,101885,slice_051.png,75427,9d713802bb607196f505f7f9d8d366a529024c0783a56bf843bcc4d0821fea98
E018,101885,slice_052.png,75649,894971e9d9d2fa2c079cdb321367a79f3ed8e28cd124a476cff5a23835fb08aa
E018,101885,slice_053.png,74329,0b3b423a08198e5a006bb7dfea71b91f040dc2a6425a6a23cd0543cabda866d5
E018,101885,slice_054.png,74215,4648fd783182fdd7b86e6646c4cf6ee25be77d0bc940bf212091b7d89e303aaa
E018,101885,slice_055.png,75018,4f12cdacea5001b50b79c5db2c1a024b9e426058357afc6a7dff8712a075fe14
E018,101885,slice_056.png,74578,a312658c8b67d12b02f0cd0e38cbb52621d85dced34e8587e22ef4ba90b4b7af
E018,101885,slice_057.png,73399,6a356e35bd201cf8e0ceb7dfd047e24a96bc1a18e58f4b0e7070ba4ef98a58d1
E018,101885,slice_058.png,72600,4c9c7b76044e561b66eba46dde98a37c4c6562c7277fbe1e3dffeef0d9526005
E018,101885,slice_059.png,73457,d3832bea79d25a5baa76dc5d8d57692204226a1e8b36b268b2e5a73947d26a9d
E018,101885,slice_060.png,72835,a1a9890259da7bb9e7829f373c3f7a8dc37e9bf80decd7fcff903eb80ed87f3e
E018,101885,slice_061.png,71847,6b8708c9c2a91cadc08ea264c36b94ccb51ba7e3a5ab1c1276e6be7014843ce1
E018,101885,slice_062.png,71979,d515faa2f790dd5d482ef4a46d6fa57d2038bbaa96ec0191739b975e83cf3c8b
E018,101885,slice_063.png,73442,c44319531ec481acf1467aa1a3fa20359f7a28311435d7cfe3a87dea7ede6f4c
E018,101885,slice_064.png,73581,189c7c1b62c9f28cddd01c3149261b7b63d25cebdba50bf17c6cf9b3c7deb73b
E018,101885,slice_065.png,72863,8cb12bc33ff59be25ccae445b24f9d1f3ddcbf4a674ff44fbe3ff11c22a17a21
E018,101885,slice_066.png,73410,8f11d7092968124c0f60cb430f3efdc102dc0a587f1fb449e12c209dae640187
E018,101885,slice_067.png,74825,e565ccf505d7935699c93c53c8f4e994974e730e4a8af6560e065b71f59db0d6
E018,101885,slice_068.png,75107,b00494d1cc1e5b68a8f765ca46cb70ea6d6286c6a1d34badd6c6a2fc38423085
E018,101885,slice_069.png,73428,a9d46338cf82e4697a8431925eb6f823e5e422104946aa864c44a0d088488386
E018,101885,slice_070.png,73375,2d43ca1172e915fefaea9dc1297430033b68c7965f2467d96f0e277e882e269a
E018,101885,slice_071.png,75429,9d3d50dea4b63174a18e06da0764f9d9c076cbcf21e22b734db75a358f0c76ca
E018,101885,slice_072.png,76306,1d97dd524c0f9e47d523dc446882a452d3b04519e129205655401626a77c1702
E018,101885,slice_073.png,75446,e2010e592614e8f08118f22595c8b41570d9e4d257d2cc875d89164c54117ff1
E019,113576,slice_000.png,125821,3bc6ecb4fff37e1eae50e43e34156dba5066dc55c6c062d8bde5f624051f8160
E019,113576,slice_001.png,122985,317fe52f6cfff3922c76b8e66071d9d553c8230b2a17dbb568ae23df3f992cb3
E019,113576,slice_002.png,119790,1b7deaa10e98f6644e2bf4a187766643f4ad1db56de012c038af78a5e431a274
E019,113576,slice_003.png,114823,2cfee1ef425c1bee50fea2c9bc2ddfeefffcae67df0c50faf7effa1a7046651d
E019,113576,slice_004.png,109417,898aca088dee50d40571dedb6d2fdaa5359fba8a23f8fb247ce32a789fd598cb
E019,113576,slice_005.png,106238,83d3826d27d3efbb760f995ee71d831701e8d36a54ad3bd1d2faae84d556091b
E019,113576,slice_006.png,104358,4e095798903c4e54a8b91e4aca6d07de9b49d527463b4799ab1ecec95064c0f3
E019,113576,slice_007.png,103284,4851ebe8de3399dbe2d97f62cdedaab6c897328116e0da6b15a03a395b635efb
E019,113576,slice_008.png,103766,0cc6532494d25074afc60a11b4f1d8d3a27716649b121580dc63da10eb0505b9
E019,113576,slice_009.png,102688,5c6b3bb12456a948ecbac074778e5d6802effd67ddf9759158d5a5a607cfc047
E019,113576,slice_010.png,101506,c8dcdf1305e24efbbe63630ad3025b478b2e9ca654aec23e0d8e72801f033c71
E019,113576,slice_011.png,102949,8694e2ff09c502d19202c6a96a87b47645ea48457184b87ab632494861353fdb
E019,113576,slice_012.png,104276,0c1eab8192a787979c24390fe844a2801673b88f8f42be0c38a8b173bebb3e05
E019,113576,slice_013.png,104979,b9a3253a21592a421e992a993817fa2939df7a7a0a8aec9767ef01eea3e41dce
E019,113576,slice_014.png,105191,a57a8b0fd58afddd907c1220f635583e5cd15b430eb4f1038d538771df304d19
E019,113576,slice_015.png,104279,1c1478d943e0462358da9e080dc2b6c7b0d2609d9392d0fbb6a953638e6281e8
E019,113576,slice_016.png,102697,6caeadb1a9074801e6054a84253acf20c142930e2f2cf2dd63c2bb747394260f
E019,113576,slice_017.png,101238,3afe8ead85046ce5e4c0ddd473566fbba716c57581bc9d54ea3b3b931cbc4249
E019,113576,slice_018.png,101976,ab786f6c4611669eaec3df310616264a20a88a1bd2ab172a751994833c12acf0
E019,113576,slice_019.png,101385,3688ff0d717600174b9610900fda65853f398c755174e7d31c40a72aba457802
E019,113576,slice_020.png,101594,0fbbdb4200c9e951532289813dc153961ade033b226942ece699c07e78041de4
E019,113576,slice_021.png,101714,1ce7be042b8c39ee1c900245b98056a8fffa9db371e71897cb996357835299e5
E019,113576,slice_022.png,101233,d915fa9e6859b467a4686e498a082ec32fa9ff92a010f1557cccb474b5416657
E019,113576,slice_023.png,100826,da0954245bfdc1de18a4fdd7139cfc372b964868180d4a899b14ccfe421b0023
E019,113576,slice_024.png,100456,f8fc28b2c00448874991600d43d3c6d1e967e938585257b6f164d74cb36b2c12
E019,113576,slice_025.png,100318,ee37e9b6aaacef32c52786c56961d288f26bbb02f91aec179d97c1f0cf9898b1
E019,113576,slice_026.png,99690,9b518d3fe9fc13efce8b61926ce20c3586e26911dc0a9cfb90957e411eaab6d7
E019,113576,slice_027.png,98293,d15348cb1deff02ee4ba972d77cd5180f53a677c3c355cbe850f218eb1653d4e
E019,113576,slice_028.png,98624,4a4ddff65b43207afbef8e3141cd761ec2a688d9041a25b8fcc65d242d1584bf
E019,113576,slice_029.png,98453,a3a7c4b7628f83efdf076cc6a392530e43b1f24e4a7a3a4e92e6ebfb09336018
E019,113576,slice_030.png,99129,f25af2f706035c434a6a8c53378953eeecd1ab7933addfb517e262d525a1084a
E019,113576,slice_031.png,99778,a9cc83342ef88db222b141534395413dc5b9e98daa6e6192bcb1ebaf0f7a27b4
E019,113576,slice_032.png,100075,08f1446cd52bbc99720452a0e41fc50b74695f7fc72fe180fec8f16c9642d1e2
E019,113576,slice_033.png,99571,7318e9a0cfef4bcb0201d94871b11516261e5c02b5c4a50bca83b00e4fb040c4
E019,113576,slice_034.png,99888,60ce3ca2ec9848524cdf04cf970b63233c20d9b88461209a0727b310dda8a48e
E019,113576,slice_035.png,99998,e8616e726c635d85adc75d4dc3484857b0fc64d550f1fa09fe32341777a409d6
E019,113576,slice_036.png,100035,80f1c06f884361239ad554dcd35ba756aa65e00eb59b8f694751f9ec10fe2754
E019,113576,slice_037.png,99505,0465c3345f91e009c80be6f048bc895b8fb8172a4b7689111abe28233cb92008
E019,113576,slice_038.png,100382,fb9374cd9b3f306597e732f0f9d8bbde1fd0614356755ccdc23af9f3b198efc1
E019,113576,slice_039.png,99532,30418e4b0a8d41b3b120f85c476290699ca75c3b8d957e55345c932443ba8e36
E019,113576,slice_040.png,100339,5fb5285323d092f672b66f1e58e937564bd77d73a01b806d2ce83172d1b2448f
E019,113576,slice_041.png,100939,cb8f22bddf287556232b0a179d9f8e5e487f642ab1d6e8ea04f368cd6be8cef8
E019,113576,slice_042.png,101894,56c9c199b8ec39027ce0e0e1eb785fe542750df5a12407ba960d07869664f404
E019,113576,slice_043.png,102288,f65e79697aee493e2cd9d4f0abcbad870cef48ee6ce4b84a067fbfc19f6e4d4c
E019,113576,slice_044.png,101606,b7a9f5c45b707c89ad2dcc68a3272bb6252e8a90a2c0375cb27d84256a2c0f1c
E019,113576,slice_045.png,100442,8f6311124ab0a3b594ab7bc768cfda64a3199c8f139e0a0bbf18b9134421e288
E019,113576,slice_046.png,100601,01d1c503a6a90a6df04f741897b3f927455d49f81d38ac90ac3b11c5c7e724ce
E019,113576,slice_047.png,100968,4ed7695c496fc8d59d6807975f369ababa5e4eb3710d7e7646a33156c6157c14
E019,113576,slice_048.png,101690,302db497291a601e1f39ee704b95c0cad228ff2c34eeda619ce87123049302dd
E019,113576,slice_049.png,103648,ee45c4929dc48d6b424ebc728619b842ab2be01d40e5b37f87c71830d0bcc9aa
E019,113576,slice_050.png,104176,a84cf8961c9354e21fb63eb6f242627787ed494c5ef8cd4816ddaee626d29cfd
E019,113576,slice_051.png,104245,2fa602ea0c59e3792de5377a0cf89fe4283a4ec87023c27c24ad5adb68464fa0
E019,113576,slice_052.png,105240,4a3fa8f3ee1109580fe2865f488d0bf46976f52dda299e2b7d102c4e7a354581
E019,113576,slice_053.png,105326,5e12db14e95c3f7a51085f89dc9b9592c005300097b89d2d8b6911b2d6fd6aff
E019,113576,slice_054.png,105836,ea81594931c18b21c01c9494b9cc2e2ebf7519cf50179c2d25f4b5373c78d20e
E019,113576,slice_055.png,107630,05cd9668a1d0fdd44d45a9fe88dc097ff11ed82d05d2e31ad3630c8118078328
E019,113576,slice_056.png,108769,7e33c0f12ccaec05391f26b86d35ffade7bd7a0a001fd086634d4288ec98af1b
E019,113576,slice_057.png,109517,06b98639059fc3fe3de5e2d749c620c8db21757d52979b693eb0960d3d34d17d
E019,113576,slice_058.png,111860,d5c128c63f434a903e7c06d5f9433702c3d282a1fb6f83f1c1e07a413a08ab5f
E019,113576,slice_059.png,113352,b4aabacf97146c84cc0435813a4aa263ce175f7ce7164c1aba545c02edc9baea
E019,113576,slice_060.png,114625,2abcc9ef4a0263d3decd8fa0e81433b4f61d45450e131749d929be7a6b35707a
E019,113576,slice_061.png,116063,6c59e29b70dff1eeccaf5ad45154e9a78d8eab3668b70400a04c8567b75ccbf0
E019,113576,slice_062.png,115581,3ac48c0da4e7ed9289077fd162d1aa8b433f8110920b878beec78d66dba7a4bd
E019,113576,slice_063.png,116158,7bdef50704ec8544ee4a82a0dae25b463527ec9e8cea4bdc3312bbfd9579638a
E019,113576,slice_064.png,118056,1f1f66a24b2c3b99d827801a9b9dd3062dd25bf029860c3842be4fa25ac7e901
E019,113576,slice_065.png,117478,c904313dac3abc8528efc3371488e82ed3493ec559fd2719264c252f0b53a135
E020,216739,slice_000.png,169315,0583baa3550cdb81bbeda3b8c1e99f32b56d52fc7bdc11c312239dc2159504c7
E020,216739,slice_001.png,163795,6699110a982aa1c820e19a95d407ff76af5dff31735132f6c469c1db3fec8df9
E020,216739,slice_002.png,159527,476ed9fd9e2895aa794820dcc6a812cc23114e14e72bf82481b3df156c97acef
E020,216739,slice_003.png,158390,8dab27ea9df8b1bd528d018fdb950f70dd4618a28b21c671d8ea64e3f82d808c
E020,216739,slice_004.png,152607,e4a780170a3e470062f8506dc9e9ffbdd95dbf00e12fc97609b6e18dd30fddf0
E020,216739,slice_005.png,147869,23cbb18a44794dea963a2e991463c4348989370604bc2c6a2999bb7568beec72
E020,216739,slice_006.png,144496,8931a45716db279bd257475fd2efa8524036dbd5f2d23bd4044683e02b10106e
E020,216739,slice_007.png,140315,fccebe3d86f27b2ce5f5d3cceacfbf4be736dc8226756819d787cee85911c291
E020,216739,slice_008.png,133824,c2286d3dd92da6714044abaf4190a295ca438008384355863742b9690064fa9e
E020,216739,slice_009.png,129655,9b732dac8d8ddee27537e6444ba5b228baea8258cd52e1acae190cf6631437ff
E020,216739,slice_010.png,125655,57151707cb50824c25a68aa00654d62185bcfa57303120faec9fab0005486f0b
E020,216739,slice_011.png,126348,ab40912d6cfd30378a2f9b82e1586b7e413ed4752678cbe6919cde4527507fed
E020,216739,slice_012.png,126440,94a79a1689271e86c9e31da663d44daaef4c0f54ee5ce0bb6d0e1f18ea224aac
E020,216739,slice_013.png,124933,090fc5c94a355552450c5fb62b933712296e9710e3c965265c62ebb186688d49
E020,216739,slice_014.png,123160,6b47857e1a01948b524af49c9037db777099356e6410aba2373eb77bc63c849b
E020,216739,slice_015.png,122421,96f934f46be1245b8a295889c347a716a3063bfd4ea5eb5354756344aca5e230
E020,216739,slice_016.png,121234,6ae1831997d64c70d0251ad2bcaa882b82f81ffbe02f6b192c83843b067b9483
E020,216739,slice_017.png,120758,8c7938a841bcc9c13982b1117179d8828c83cc88fb5adfcfc3cdf443846b2b05
E020,216739,slice_018.png,117648,39f4cd854ee28567d7c3c94e1758b5fdc7bbf91c5fe4ce4d3d454e6945e8ce41
E020,216739,slice_019.png,115618,04ec144420bf69bd8bdff34ae66e8545e38eb6eaa33c5bb1171e159c22cddde3
E020,216739,slice_020.png,112286,22e28422b8475ae1343624a57a97e7b13ad26604d2331ad3d1126363fb32e6c5
E020,216739,slice_021.png,109472,fd9804cb65dcb21b38c2405a507854d6c2920871bd867476f246166eb5009a79
E020,216739,slice_022.png,106906,44ce4dbf2354e72508392ef03fb266eda022d23a81da81b143344f9cc8dd8123
E020,216739,slice_023.png,105253,3257e3287b233816da2471b4305f386d6087d2a805e8dbce667ca578f14a1a69
E020,216739,slice_024.png,101792,10ea8bc029556d323916d011c4b2cd31c21df3f981cb6b0a8888937a99e058a3
E020,216739,slice_025.png,100802,bcb66f9d75fbe0e66a2c0cbe8d5c6f16b698759ad00e9a0cf705b8a41af4b3bf
E020,216739,slice_026.png,99107,622fc8e9cd6b755b8a2f66b093b5eb3789ba62ba0124fa4f976619461dca832a
E020,216739,slice_027.png,99309,0ea2962b64bcde8b87d8f06ff491f8e62c1b2e5270fbfcfce8cb06b668ba2001
E020,216739,slice_028.png,98505,0b1182b26f2cfc2fcef55dcd1fa1c71c96e9049fe01945068624afe6b516a71b
E020,216739,slice_029.png,98187,0081c4dab8a43c5b41d9cfacd93fa828dcb81689716d57c249441e4c7493b0d4
E020,216739,slice_030.png,97653,fe2b6f1bd2e1ff9d1b31f5cf24d7ff20d758ad30640fdb7482cd176b02fb8669
E020,216739,slice_031.png,98172,02017885cddb94985d004f021a44f410cab0ace35af00cf733579c2f1d347b01
E020,216739,slice_032.png,98490,cb1ffd34cef611b9d2a3d10a8864921114bf917f8040ce943ed4787ddcaab4d4
E020,216739,slice_033.png,99542,f216a5428d7c1fdd4c8514958f8419a5ad70d619440ff13209533168e4513de7
E020,216739,slice_034.png,98924,931808e56a2696057dbc3e4f636115e707fa07c4ef87e39933f2fac3c7ce3554
E020,216739,slice_035.png,98946,5457ac879143af095eb76eed2e175f66a3d4756bdec8ae3cd914389c96e2a02b
E020,216739,slice_036.png,97525,1043c4363f369725fb4270fdbfedc9e232cab412b703b21a7fed29db5641a8eb
E020,216739,slice_037.png,97349,fb2664518243b22b9139f9df0bface18dcbe93cc1d1a9e20f9bf449f27f4c9eb
E020,216739,slice_038.png,96744,df326eb833ec40d134e8f643856746741c16df1a860b829ea45c753a4710d719
E020,216739,slice_039.png,97228,ba0a33dbb7d991a6ae24350bedf2bb0db81271fb5c227f0ee94588102fbbab97
E020,216739,slice_040.png,96600,383ec8d88a65a5f22b6a98e3e47c1001e00b2a3e5d705a68c877018815ad4813
E020,216739,slice_041.png,97219,c1caae816760ea6afb2c437d068ad3e4e69dc4fabc3408fca9d8e2a6ce5d4873
E020,216739,slice_042.png,97273,d3e22cbd51b2789895fe1c56a3f1f8cee9ae4b6d48ed385cb452483c0075c106
E020,216739,slice_043.png,98697,62872590e7973b7c2d387d43e0813b0eb98b48f997ff56cdd336b37864698f40
E020,216739,slice_044.png,99975,9ff5eec2546731008aa6177d7c44f0bf727997bc064443dbb070e844d48063e3
E020,216739,slice_045.png,100208,5d54fff4efce56276b61db43a7918cb8589dfc4d24556aa806dd9abc28056c83
E020,216739,slice_046.png,99667,1b1322310d9b4a8245f83d351aed15cb6c51012e90975c606e1336e47a467108
E020,216739,slice_047.png,99793,8c4eacac66d85d3d560fdcb08cf275fb057fa77f9e2f11ef2449064959ec5db8
E020,216739,slice_048.png,99852,807e1f70ec63f7a9054d641a4864d617b0237f89733b1cc331b8a90061ed890e
E020,216739,slice_049.png,100215,16efab2817bdfd3b1ccc2fca5d2cfca4814f920f76b4549abf5d1b5aeda6bf95
E020,216739,slice_050.png,100560,b1b191c6426369a1b1228ae3063cbf5744df1d43f28367eb6d86895bfd14636a
E020,216739,slice_051.png,100062,71ba2314e2575d0072b150bbd7b26a3d7131efadee3038c6ab53f24f21696ccc
E020,216739,slice_052.png,99773,f4ea383bf3e057598a55c1ed8e7478c3bef1379ac80223e5cc0f6fed9501d661
E020,216739,slice_053.png,100156,2ed5074997491daa47fa9d7ecfbd0e81b1fe6e7e88e48d64e7cc62a035459729
E020,216739,slice_054.png,101127,cb58d3b7b34e604ad48cf0b5597af9bcbb5e85cac17a0203ef3e3253840ba257
E020,216739,slice_055.png,102737,965a836dede63ff4ef2ebdfbdad135e80f116cc0026f03cc2e2d2e1cff3ee8bf
E020,216739,slice_056.png,102775,83fe0cbefd9342d99d4b781c0df86b9a920ebfd8558c724461a53ee26e71731a
E020,216739,slice_057.png,102112,5e53775aed1b2984cecb8d9bd5f968cb987894fbc1f0feb136b0ed9836adb2f9
E020,216739,slice_058.png,102219,e68d003610afb508aca7120b7ebe979e6879cb9f84d6df2f94c90a923ba2d389
E020,216739,slice_059.png,103308,9659bf35e40bd8ba8c7cd4cd83cb7f19efe15d26a19c31405310c4e43209d0d0
E020,216739,slice_060.png,104921,cc10d36395e985e8ec5cc489e932ce196e8f99c97e898d02548f003ee096d9bc
E020,216739,slice_061.png,106687,eb75507e4678da3f385f264050697bce7149ba351b9425adee05f9b9c56076f1
E020,216739,slice_062.png,106962,428d80b005d07c72c190702f4b13fb74967ca7e55d4058c22e800a0cfca565ea
E020,216739,slice_063.png,108068,a39e61560b6d1974edacebdb07fdfb24d76f4ff0fdbe8e7d411beb4ad80ea109
E020,216739,slice_064.png,108388,713326b44a7f296f83fb2b056ca7ceeebe7462d8345628bdf5e23b5111edc4c1
E020,216739,slice_065.png,109693,4dcbb3754406c28b20b463afa80196ea7c28767cf94ac252faaa22b6a129f4d7
E020,216739,slice_066.png,110345,e0a8c0dea40992b8662de2ef2ce026dfbaee7f761076926c145b31592db63fa0
E020,216739,slice_067.png,111086,311099a26bc6c9ae59df78c48cf3064191e7e9a8e53cbf26ea27966df739b6ec
E020,216739,slice_068.png,110249,37b5bfb4bb28803f2f157e5cabc7dcc2b8fd3f6d6514c0c4ab0e8a16c9f0212c
E020,216739,slice_069.png,111066,ae0d5614d2ab239b4ed59df70ab5b6cacc8c405cfad92481ed7fb90d690a4640
E020,216739,slice_070.png,111898,e34981430302547aec0c428f64f9f360e9ed9c1aa1261dd6bef972040b54d37b
E020,216739,slice_071.png,113747,3e1e0246df6ee13daabd40d5d5400d0e1c12528864ba95accbce9eb59cd1fb34
E020,216739,slice_072.png,114564,7d9838698c292ca0548471b0af97476ffe470bb355961f138c5bb7dab8083a31
E020,216739,slice_073.png,114558,6a032d9bb113637a573346b75e37e226a852b7a9e1ccb4bb50bfa8ac4448521d
E020,216739,slice_074.png,115038,91cee92b04a4819270031edc6a2a7e59a21705cb2d0c228a91728fe8ceeac693
E021,209411,slice_000.png,100003,9ec0beb56ed8bec04b1a9b57017c178ea3d68dda08080c8975fef624eff1a899
E021,209411,slice_001.png,96774,302d2994a1c52f499421bb01c1af905f014ca20c9827d8baa39ad6c52b718cc1
E021,209411,slice_002.png,96257,16aa7d6c176c83420ea24f11658dbd0f12940e5b899094ce5b6ca4d1ff71dd50
E021,209411,slice_003.png,96616,8066b9a7feb5c98eab1ae34be016748be084ce21f55b1234bf5a0fe3dba47a8b
E021,209411,slice_004.png,96291,793083481373d3cd2e6f0b94ffe15d93d5c1dd1d3480725b105303350ce33883
E021,209411,slice_005.png,95167,940e2e135813ca10af34fd7566a0a2bfce0d84717f0ffd3bd6b747decbe4cdf2
E021,209411,slice_006.png,93633,ba5c0b04da2bea054db55a6a8c4941c3ae36abd267cb59dd9b8cd8b670800f20
E021,209411,slice_007.png,92308,db06ee33a5068f03b460535db1769ab9e83a67f9d7392e3ad293abd33aa0c224
E021,209411,slice_008.png,92838,863894163af6eaa0138996f52d3fdca6ecc0be371d3217eb8a412fc13dfc7032
E021,209411,slice_009.png,92912,a3efa7044c65d21b1a92c9314fd69952179ad89b9536420d2341a0a21ecbe3b5
E021,209411,slice_010.png,92466,59948af6a8ffa2193c4882bb9dbeba1ca2a09c09e37a4d767b36d1cd7e6dadd1
E021,209411,slice_011.png,92653,d08d885fbea5e25c5389b899bdc6d76062ee58613dac9dbfd60189280d714a7e
E021,209411,slice_012.png,93367,b14c5c6615f13e2a8278ab56cc17fbc43c0e827c3e7d021e2a213b0311d4e95d
E021,209411,slice_013.png,92979,2b56987c75513d15bbd0cde120f359526836cdf81cfd5db0fc7e287f3bf16eca
E021,209411,slice_014.png,93647,a4717365915211ef0409481ff5e14b3256146ae56ce0bf0456a41e1eff1352f0
E021,209411,slice_015.png,93789,b31707c403563ad10b1ae6e9647930bf1a529501c9f46d8aa4b07a4f0c4cd090
E021,209411,slice_016.png,94288,d45826ffca3d867ff11f52816a328218af08dba042f231ba39fcb4f453632052
E021,209411,slice_017.png,94187,9d96e48879b5fe8e654f1f07402ae9022b6d0f18ec315f883313688273b25da1
E021,209411,slice_018.png,93226,c25d26b16847f961a58abba7b74639217a41ed1f22418521acd2237b62ac8ba7
E021,209411,slice_019.png,92326,2d285253d76db7c58931804c2f7c41bafc69dbcd58f575da45c40dbfee4287f5
E021,209411,slice_020.png,91120,5d6b1efc1f29c2dd577a7c151e2a7180e7a5f71f0ccfd4854424cd49fa3a056f
E021,209411,slice_021.png,91239,47b6303029ae195c3ef6969e82779b5fb61212f491c704a9cca6237f15596585
E021,209411,slice_022.png,90318,3689f47700db899a5cf00ff6093f3ebed26a6e355f28215b33c652bf6b7995bb
E021,209411,slice_023.png,89573,c97756483e838c0ff3b7b4ea018b44c2cadaa7f8692c98382f896e5d6c764abd
E021,209411,slice_024.png,88651,f3ff69845340f01693109a923fdf20f8dc07e937a41ed5e51e1bee7b1d44ac6c
E021,209411,slice_025.png,88400,07b9c417b65a4d3185a3b3f8beb6b88b485006df8cdcfee45a61af85a13ca9ec
E021,209411,slice_026.png,88145,c0224a947bd1e85839f02f66999f509154cad2365878cce448fd6534ab5768fc
E021,209411,slice_027.png,87373,c305f55bdd8f8578ce76c42a870f14c0396791564badb77c1234f724c954abc1
E021,209411,slice_028.png,86382,db66a47e2f855abbd1a869c91efc3bb6bddb585cc011150823eeea997dfc7ee4
E021,209411,slice_029.png,85576,cc5e39f1e105b6518658dd0cbc813e5ea9625e5b008577aa9cb1c76af2a7f87a
E021,209411,slice_030.png,85464,d005a788eb01c2022d9b0d1546da84a59b2cc0222372f2628a8d699245837d1f
E021,209411,slice_031.png,85097,ba178e60fba8bf566d06471246b2bd11c63767731bee2cfca31191c8f88ef508
E021,209411,slice_032.png,85284,f1043f36883fa4b59fa7d910f52ec948e910af70021d64674a1aac051bc2a7b7
E021,209411,slice_033.png,84782,d69a825e409823d735a335fdd5f8d234374e69f8677127d741540913486c0800
E021,209411,slice_034.png,84749,7b17e2ddb24c0e5655da55694255888aa5156215d832dbbaec7aeff088f88030
E021,209411,slice_035.png,84564,59cb7382eca0f6f4cdcec7017911bba034f9ff622523851ea7d0a1e3d9aa4b56
E021,209411,slice_036.png,83973,d50e98957fa30542632bcc2cc7339c6bc2cd8574e51b464cd44bfe491d59af2c
E021,209411,slice_037.png,82929,41222dee9dcf30d1b4e753e671837bade593404c7e41c2c9e98fce4f46e3b012
E021,209411,slice_038.png,82246,eb92700ce7c2f0462786369a10f9c0f6fe83457fc8e447695d349efddbbf263d
E021,209411,slice_039.png,81822,fd19dae33dc4e737a44b40070a9b7902198dbd2a4b6ac2f2cfd5c5e7c58bd07d
E021,209411,slice_040.png,81523,a04b794cfa872c1422804257aaed4cc1d44dd19492462bc4e9643b8035bba021
E021,209411,slice_041.png,81222,778b74f8b7bfdf26b530c12b9c6ab93cb6cb47300b2633814584c10a9eed1a63
E021,209411,slice_042.png,80467,e5dc3592bb86acbf4d3acc30f9143a25bd90f6445db0271c17b2112ca2a73d4f
E021,209411,slice_043.png,80977,938476431bb52a3bda4b7cd875c6c491e2a80d387b4b5f36bf5074d197c19806
E021,209411,slice_044.png,80352,bb422543bc008710cc08f3121bc242b38074ad1c7db5d0a3d011a1042135b6b7
E021,209411,slice_045.png,79766,757e356340c90dbd5c6e44ea74dc981c27f3161c6fb87d5b3b0064f62da7026b
E021,209411,slice_046.png,78966,1713b73c5cf843b932e668a5851ab4a77214b49969400dd8696860d2774af56a
E021,209411,slice_047.png,79090,ff0a869ded333ba3e02bf1212743c294243ea352b739071a2726501dbdc22b8f
E021,209411,slice_048.png,79124,5854cad1ec8a35f25fd76cf4be2a4e8cdc919d014496561aefe471f817c007c1
E021,209411,slice_049.png,79495,408988373b1bfde9e2fb96687d3b2a66673ebf154a24737760c4ff5f754b3c5e
E021,209411,slice_050.png,79147,58bc5e9c45fe63c8a2edbb2c3ba25b2561c849e85732bc57e0bc3cbfd232a8cc
E021,209411,slice_051.png,79161,a9962bdf298cad83ec9b2555923cab29ec6e4f18d42a1ae4619f8c39a046ab7b
E021,209411,slice_052.png,79693,fba8bdabaa19a6784ea50cd130801a5da1dc1ea02395c1a80f9b689aec7d41e9
E021,209411,slice_053.png,80022,91d9b4e1977140bf3ab21a63eb3cdca15ec500e93b8bd9b2ad86535709001c3a
E021,209411,slice_054.png,79523,7ed335409d9a420b8e1fd13b0237a33cc788c27730287ac26db4c1f062b4e303
E021,209411,slice_055.png,78937,f68945f12d0f41e138cb977711fe311e6316a429c6b30ba723576eb841228877
E021,209411,slice_056.png,79441,f5a0c412d25a5295f8be293360f686e14e619e8bb0f01cbd28ad8e1738cca14f
E021,209411,slice_057.png,79549,e9642cc3d5efbbbbc0e24b95b09c0731d28c5e783f405e65f87bddb35be3bf04
E021,209411,slice_058.png,78848,76fdb645fc999980103f524113f184b9f37bf8e0cdd81ad655dd11eb149a0293
E021,209411,slice_059.png,78241,481bd29ab2fdf00c2cd131d7da4f49412af9dc8336c76b6feb920a6245231748
E021,209411,slice_060.png,78648,92cd460fdbcf233937433c75fd45d9efff0f8f408abe083718601e62a0ddaa4a
E021,209411,slice_061.png,79499,d9624cffee17866b99c557f17496e53e1342ef31a373b4c37a4432fbcefec1b1
E021,209411,slice_062.png,80085,ca08b541ad802fccb5a36225030ab49ae057e9c93b675a4f69408930e34037e5
E022,116034,slice_000.png,72533,749e7efac35faa657b3190841a26f4ea224c754cd4dd586d8d18a3dbd1eddc72
E022,116034,slice_001.png,71141,8d2827d63a5894e8e807dce80f6d73bcb738e1ac9271d7a8cec518a83fbf9f17
E022,116034,slice_002.png,70602,6e7d8bf9bc909477eb3a07da56907731a5e573e4cd3e6191d56ef586ed35db59
E022,116034,slice_003.png,68212,15e8afe50eb7f5eb234a22bc95048873d4d5d50fdbd732be2984848a21380cf2
E022,116034,slice_004.png,64192,886095e87f5c1a0de50f923242a840b42a7fc4a4180e46357cfc61ceba7670cd
E022,116034,slice_005.png,62731,ff3672765bc877b878b57ab2752f50f37fcab707765c8efe416688049693287d
E022,116034,slice_006.png,60568,5b5f712d11e8e12537360d302046afe77071091d01fdeadea20655279a7d5f22
E022,116034,slice_007.png,59727,47e1305b84e34f3cc4e8683ae63844ffa489fc52a9156f1df9947edde896d57e
E022,116034,slice_008.png,60569,86c73d86ab934dae60103b7bf29c9123f1970f993dc16bc8bc5d1e280518fa3b
E022,116034,slice_009.png,61306,b03fedbc8b53b20861a2b8d9e04f3fabd692be25538087754ff940ca4657e5bb
E022,116034,slice_010.png,62589,9af0c6c690b3288a46bef1144d383561ca3e1e7d6e5de2e90b72b24d553f6929
E022,116034,slice_011.png,63276,b90cba4951d4c5bb1b1d26f137bd1dc458aab3d99dea03bd96e6c6ed244cb487
E022,116034,slice_012.png,64004,d3c2600603233893789e766c1e00f98bb08f0859be34dd1dc792b48c36823f58
E022,116034,slice_013.png,64737,ec2b2c8b42dd15d946582707e3725aa51bd38837d00412265a2539e97c9334cd
E022,116034,slice_014.png,65239,dcd2a34a58ea6898aee831dddae9b08f99838c832ea68b6ffacfd02140046fc3
E022,116034,slice_015.png,65507,f882d37ed9ad289d9d1480ede64738901b88ad59d4e2838917e4f9f951b1f7c4
E022,116034,slice_016.png,65189,56315a77a8777aeebf38d3a06af850b1c4bf0eea1835f2e5b07daa3be5a70b23
E022,116034,slice_017.png,66125,12027a012765159df190c059b40d2905dd2dd92c4efd27757335886a40b93fdd
E022,116034,slice_018.png,66803,060f08cd766787551b175624dc4ac0d33986814eaa76a1a1124973a75f286cfc
E022,116034,slice_019.png,68048,edc1cc9553cbf1dfc2f496a5efdf2a31e91f9adfbbeaaad5f7c784959a898966
E022,116034,slice_020.png,69133,21a8074f62203e7072f09ba989ea6e9fb2c3c8607a25b25bd2e2730c51912935
E022,116034,slice_021.png,68578,065c29788997f681613119ee28ddecfb5d874051aa1b4dcfd9388952357398db
E022,116034,slice_022.png,67766,794e18cd24b8c11ee820f9826e818a61c0f9c961d54b23928b307dff0de8cbb4
E022,116034,slice_023.png,66259,b95bb95fae8d2af29a22738e9fad87865df76ac6ab6417a1757dc056e909248c
E022,116034,slice_024.png,66171,63539cb6941f5f174162537727529dd8eb79d991112d20927798ecb47edc8ba4
E022,116034,slice_025.png,66764,daed29db9388e121f8965d55b576b3ceedd156a7c9f5bd38ba151443b4c3fe21
E022,116034,slice_026.png,69294,148bd71dc3b0afd0d7a5448be2f03accfd12d5be217af0b95716df79dfcab61a
E022,116034,slice_027.png,70258,535ada0ac39d9e5a20a1493df181a997d9564d0949c19584fb6656ae43816840
E022,116034,slice_028.png,70334,6692a17ea73052b4c1286016423f963125811b44dcd02c5d250c0f7a177c1dca
E022,116034,slice_029.png,70284,7194b5f61e8de8a55d785af95e1736afcab60e3339587f739889ce3abd115731
E022,116034,slice_030.png,69849,df421393c1ebf4ef2b944bbe7ca0f5148845dfa2197a0783adde372dd305322e
E022,116034,slice_031.png,69660,fd2fedda02abded8d234e01c9982a9482ca18a62015720479b3d95e7e5e13599
E022,116034,slice_032.png,71183,edfa894645e7f83ccd397d2f1ed6870c3288995e35726b7e0e259ca54eabab29
E022,116034,slice_033.png,71211,ea8142e9507a9ec39bfbce5c7a890962fadd0ce2a55f0d4f2d7d08c1664dab3d
E022,116034,slice_034.png,70651,7b5483928b15973e431bb1be26262ae306a77c6161f0bbc1d96a324ecc4c5a3f
E022,116034,slice_035.png,69431,71529e73846d7bfad060cf6c30f56fca9b40fe18c794169a2f1273e221759fc7
E022,116034,slice_036.png,68030,b0f44117f08c7cae7dcd0c305125e913c2191b92642b5333236ed9177232f5f4
E022,116034,slice_037.png,67974,497a29a4a69afd43d5486b6f21687f428127f2e20a88f99d969217b07d187aa8
E022,116034,slice_038.png,69359,c0135c8c2770db06b29048f932e9e09b17e13ad77747a0d820867954724aac01
E022,116034,slice_039.png,69409,7c6b7857a5e320020570bc5b6d51019b8ccdc825cdc5471fb92b7b8b21e3c633
E022,116034,slice_040.png,68351,08f9986bac8f4b0e640802204e94b178922a84a555ba39200b59e61e18de6faf
E022,116034,slice_041.png,67351,68557fb202f6acced2bf568de7ec29e2e6415df7441c75e9aa9294434d42c841
E022,116034,slice_042.png,66686,4f31771abf1aa4f1511bda3d9ca2bdd644444070bca362d3484881aadba7b089
E022,116034,slice_043.png,67629,b2ee41ffbc975c4ec51eda36532384f0cf85d4988cf2f9e78a6ed2e6f5fd1e88
E022,116034,slice_044.png,69393,6014169f9392887fc65dc1557688da8b36622e92b97c83e6ca6cfa02a2b1a773
E022,116034,slice_045.png,69544,6653c482b74393068738704e310ce237e901cca1252c0a305b5fdb983f2367c2
E022,116034,slice_046.png,68269,0919f0a9fcfb364c67dd1899a35a90f1eb56d3d2d986a6ecd8822bb168877ba2
E022,116034,slice_047.png,67011,baec042ec9c801f7fdbd6abdfc41e63bf1e5d003cd75a3d223da0561681032ae
E022,116034,slice_048.png,65418,5215f0e4bd7f591b1046cbd98758c08b8cb125cee4fedd897a8c5ef21624176c
E022,116034,slice_049.png,65426,e4e4835607d6e15c6c06584ec7add22e1ffc172545b0d660de6f7a6293f2b1f7
E022,116034,slice_050.png,66723,82ff7e12ede960b3ea9e1775541937bb17227da470578aed2c7dfb4fa8c19051
E022,116034,slice_051.png,67256,a13f3b54462471558607a6a461ae54b0a79d138dbd4a7760b3e75b4e80cda3d4
E022,116034,slice_052.png,65713,a9d6084e46e00a80b9bd23d3502cac3bc2198292888b3fa5656eff1d293b3351
E022,116034,slice_053.png,64129,c0a1e6c770d4e0c60c1cd5e507fd8266f57195e256c35ff9c1743c4849bc62b4
E022,116034,slice_054.png,63204,ee061e1271e3bbf0eb869595f2d6eccc68e097bcd882906b1baae62e74125780
E022,116034,slice_055.png,63465,e918ec030ff3890ef222990141aa61ceb89a0b2917b74b722e9933ecc9cb8d36
E022,116034,slice_056.png,65727,281a779c323ae0ee051b915b52280db04cb6f6f624b44cffad2739ab5cacb5d5
E022,116034,slice_057.png,66826,5c607783ed4324441e8ea0b7bda33243b059b8e1e08d76acc088b4c891410cb2
E022,116034,slice_058.png,67496,0dcb3f537313cdb1779f86089e2f8a1dc97958692da3b93259fe7c45e97a0376
E022,116034,slice_059.png,67684,4fe26088a4fc1db6c0a6761f01e23cfacac1a8ad17a2814a6f12cf251f5a70e4
E022,116034,slice_060.png,69289,81f4667e1b186855e62d766719a1a93df6fdb9bd25f5c76bd9c642dab0383add
E022,116034,slice_061.png,70510,7c3a4292c23c98f65b5511ba80ef13dde0ec090a960ca488ddb6a6f34c0342e2
E022,116034,slice_062.png,72830,2fdb6e24edd4d34a8e76b9f64d90bcd1ec1269c3dbb19b4db89df7a8d0e0442e
E022,116034,slice_063.png,75106,6975717fa3fe9f6b2ac6565f08f706740dc970343180b6e97745d82e22b4e379
E023,119485,slice_000.png,99892,0b7c6bc3b66adb42da5561cea0d81c170f58209ca4d58211f3f1f17086e352ed
E023,119485,slice_001.png,98908,47a527e33dc6cbd0a4c0f1a917c1b67ccc6c4e695e3a0f3cd8ad04eb325d272b
E023,119485,slice_002.png,97489,42a089eb2f75bcc74b2313769f516092061a3d41e4c6ad34b15874a4eb8d8f49
E023,119485,slice_003.png,96674,929e60d1710bc4af0783cbe2325302de9ef99afe7050954bf069a14c842ec7c2
E023,119485,slice_004.png,94709,afb9734eab64880c8bb87b890bf6a0497d2611d50a01f85c87278065d6afbfd8
E023,119485,slice_005.png,94894,785c2aa7a08e0d59e705b44c3b0cec99201507ff4903277fd84659131086e0a2
E023,119485,slice_006.png,94905,5ca0a4504478f588be959d964c66965d16739f0ca48ece92f98e1908feeeaf39
E023,119485,slice_007.png,95237,f874357912e3e7b7552425abc9e9674ce6807deba54fdcb29b1ad83f17de977e
E023,119485,slice_008.png,94291,8d4459722b2457f974fb065aeec352070463a3799e999a7ac2405a885769362a
E023,119485,slice_009.png,94184,f5eeb4aed646a66db77baee12472589021b851e58a294d90f8ee59394f9c257c
E023,119485,slice_010.png,93409,27561769f1da1b5c06213912ff5bbb18f5a72f744ec9df97c34fa8d09c150d40
E023,119485,slice_011.png,93321,ec4c20781e946ec0332e4e2fdf06154b6e3344c18b2fdb3694733c1be76e86a5
E023,119485,slice_012.png,93393,923821dde7f61a78d8dc5adf5e04b94f19c0e352897ad6b70021d00004091aef
E023,119485,slice_013.png,93309,c5ac70e595e1bd0d8fb1cae0934ce18935a6920415eba3f6ef901cb5cbcd91ca
E023,119485,slice_014.png,91996,7a5506fb29032ef49be231ee51d8b5f04e6b36874fe5b4e123c18bc0f2502c96
E023,119485,slice_015.png,91310,1f407da50d8b7caaa87a4c40143ec19787eb2d694583c8c8202926d57d5c71bd
E023,119485,slice_016.png,90410,b8ecd501f0d4e831c89e60e906f4c9e4150a46cc5af63d71463140514019b1e2
E023,119485,slice_017.png,91703,17f2219c6d775fb8ff947c49fb245d9885d075930554a7c9775e50d4d99f5c85
E023,119485,slice_018.png,92131,3cd3f23eef1ae14df91510bce94c9c162691c9044610d5631c599cc48845f0a4
E023,119485,slice_019.png,91916,41174b96dbc4f1f1d972adcfccf994c630330546c1fadedf44d4d8f5b5f0766e
E023,119485,slice_020.png,90495,a70491dd0458c2e8cf309dca679cf6eef4ccc45cc6154a7945d110c1a78e4468
E023,119485,slice_021.png,89512,ccaeb1b1f3ee1f755604e95b2304e138788244fe6d61b17121c0b4be1d2d1134
E023,119485,slice_022.png,88393,1e981f38f7412923903cf12859875ea844baafd77f4a2ff877aad6097e3dc5c8
E023,119485,slice_023.png,88904,09bf41339df03fa34658a8ff05dbbb49f3f13a3fe430995ebfa11f957a4234c7
E023,119485,slice_024.png,90164,ff35abf9d86c26db64fd4777a31bda9b8347cee801eee040a1109760c2ca6ecc
E023,119485,slice_025.png,90256,e6383ff724a18a7c839e3d6a662e751c5acc7b299a7c247329a236c6a3a799d7
E023,119485,slice_026.png,89331,334fdeed795dc1d5214191562d71ae6c0b0a28f272dce76bb4675538654e3879
E023,119485,slice_027.png,89428,6f185a77436a8c177659572b92a47c103851fc56e26986c2540b55bd4a40fbb8
E023,119485,slice_028.png,89499,ed925eb6634b5f558dcee21f26ea747905f06c18395f3158f47ab91ddb52e32b
E023,119485,slice_029.png,91235,77233906af0acce54eb79e6ef56de6151c2633bb287483cf33ff2f39cff14761
E023,119485,slice_030.png,91185,24f7db9fa4a1794eb20fc57cda8b525533784e8c6d8ab9559f55d8b1edd84cd2
E023,119485,slice_031.png,90523,14982cdd73a6484c3abd9a9362b2751e2eeb5a32f9911a4a9436bd98c4d5ce07
E023,119485,slice_032.png,88691,00fefd603cba2480ee4096d7185d8cf2262d2ac92d142f0cb6052bd4fdd07460
E023,119485,slice_033.png,88293,8bd0a8303b99a3ca2f4bab120e76c1ad3e9d9e4cbd58047b5c2db6695a41d337
E023,119485,slice_034.png,87735,592dcd784df8e38c499a1cc82728d3a6ae265a78296a21fd9ec9419fe646f9d5
E023,119485,slice_035.png,88632,2724bc08871e4cefe477e2fff503655bec18f495170309bd7b084ac351229268
E023,119485,slice_036.png,89382,5d662601a05d0f17c4bb8ce1fa751b2ba19fc104ef31b96154c67479e17182cc
E023,119485,slice_037.png,89304,ddc26716a3b5998f34065f35ff276cf0962e542fd02b6955b3aafc156d7e5632
E023,119485,slice_038.png,87859,39716e05fc4304750aab9b9118951a190f5810b0f262ee48fbb45d06b604b48e
E023,119485,slice_039.png,88091,167da26f3e7aaf32ad2204558ca2966c8424dd7326fc570c2422b2f0c35b469e
E023,119485,slice_040.png,88073,872d15d4a886a62a4cf1ad099f864ce28df4e57746dacfd7490f4efb27ea03c1
E023,119485,slice_041.png,88976,40639a045690bac77fe0c97213cebef7ba2301f7896956e6ec253de811453e09
E023,119485,slice_042.png,89211,0bc45f5cd0b087504aad8f3867f26db898208ced1c5bc9c58ece607d816a1141
E023,119485,slice_043.png,89448,0a28185ee24a8f0bef9c1081d4e47b2921a33c55152fca878b3aa7dd606a84ad
E023,119485,slice_044.png,87843,389a77472ede392f565df3c079e4e055e05921fd6a26cd6cab178a4d9c679ebc
E023,119485,slice_045.png,87132,b5ada676dc0e29a2b3b6813d13df474087caa4f61b503e2f9073a7ce9d1adc7e
E023,119485,slice_046.png,87545,181031aa6bc5584c14249392bc2baa53d5c73191c0e0cb8a1d62ed30620b7128
E023,119485,slice_047.png,89151,a8c94a90093814ba86847659d9bbc16cb8fc447ed84d6a3b6e28f31bca2f0678
E023,119485,slice_048.png,89732,cb6e2f3537548290304b98a9486983d425a4a272163c2f654088891c627b8fa4
E023,119485,slice_049.png,89990,61bce6fdc27d65ff81c474797b413d44482b0ff585fd701ce209aa2f79487fd1
E023,119485,slice_050.png,88321,dc5e9d4fa53a48d0ea11049d1fc7e4a4b0eaa2f5a0728bd643d56196ac632a71
E023,119485,slice_051.png,88284,b97f269c65daff8d1c2072be7445a19e66bd6bf0c7e9fde4718e6110b192e5c9
E023,119485,slice_052.png,88539,e1c8bb92c8da92900b38284169f9021483882359c8c48d3f58604a37144a0211
E023,119485,slice_053.png,90145,9a76e996779fabae92d282b5a46933f92a0f07c8bed186fc930f4bdd13309c0b
E023,119485,slice_054.png,89600,fa1857f4bbed5233092fdf917e377a33203e2963552cd84224aee166b7be6473
E023,119485,slice_055.png,90372,20d1f15db4e28732333d9981c6d63a2324bf2b60fef2386d755781d31129e9bf
E023,119485,slice_056.png,89269,3545812a40416d67565d18d45df2794ec5967ec087170df4135856ff07a3885c
E023,119485,slice_057.png,89644,0fc215a1a0557467c31a0295783c005015cb8a53c06aa73562ea0dd1b67a1510
E023,119485,slice_058.png,89822,c58a88b93056712cd64fb12dd918655b6ecf2d84f19fd0f3ed47300898b64588
E023,119485,slice_059.png,91170,84a008f81c6465964a07c480abd000ec5357dd16a2dc9af641660dfa15668729
E023,119485,slice_060.png,92060,bc85c5b718561f0d058030951d96c3d77694233886a0300fe2f7a8d4cc69e692
E023,119485,slice_061.png,94633,0176aedac9e6c604e323cfeb6c52ef351cbb1c5374d8170170157c7909a3e8f7
E024,121562,slice_000.png,133898,fcca71f2baa111dc9d7607abd0e03f2689924916a6eec0a656e10ac26424291e
E024,121562,slice_001.png,127603,14f706695c613fe028e833782ef8e13de47ea373733e2a7a4757b89e2d745bf2
E024,121562,slice_002.png,121023,7a67e5628c78351946b723679630cf1c7bc8a38ac8c37ddc306a1e6a9da49fb0
E024,121562,slice_003.png,118231,6752b8aea7747a1e973afb0211094dda138dee0251d8e03dc051fa8c375145ff
E024,121562,slice_004.png,114636,30862b91d55db445839c3d43d8b244a29b30c2de51b6afbc6f2334aca89014b0
E024,121562,slice_005.png,111229,c8a795b840f3c818b1cf93ac59ee568679421fee8ffab180a84ec77b937dcd1b
E024,121562,slice_006.png,108206,4e2c504adbf7fff75396c6796f2bc6f43eb4d88d2d554f4935f39429af04ecfe
E024,121562,slice_007.png,103815,505a07e0ba67a9dd9913426f659d190e2eb309e9bf576b3c451da726e3970749
E024,121562,slice_008.png,98873,9aebcca0bc3fb265e2d8daf3c0df59f13a2739d6dd026570cf9f4e599740a714
E024,121562,slice_009.png,96302,fd133187eccbdd91201e46604dffcfe9bda1ec3d8474d47a6e408d8fc49ad690
E024,121562,slice_010.png,95289,a09fb633f70cb9fc77cb4c83628fe9cbae486c2da0ae185e20f45c20c3d828a1
E024,121562,slice_011.png,93814,2ddf2d1fbdf12a877a2904ae55d76b63810f5771e68c54c7cad1c1a9f69ce59b
E024,121562,slice_012.png,90565,c14cebcbebbe8028ed86eee5188aa4563dc93187cfabe0cb512780837d6a5a29
E024,121562,slice_013.png,89249,d457536735307dee0a79fcd69a764fb7aeb5b882ec0b24934da6c1d075afc8c0
E024,121562,slice_014.png,87836,5aff7f18f05f2ead19e338c351a6a8336b2b2153a05928641e4e0df584bf2a3e
E024,121562,slice_015.png,86179,763c98a14c18255a9d86b14a0aa45b6dcc1ac6afde32601b2a2460e50c9996e9
E024,121562,slice_016.png,88734,9d532deb27eeb919037eea8b494c36673160a2f97780c7f304079f1489eb5774
E024,121562,slice_017.png,89673,371fce60967f46781b04e406fafd36b49f94f6fb511ea39bd8d4f7d4b447128a
E024,121562,slice_018.png,89591,01f9d3f70e511fae6ab0c101251e18f93f14c6226c855026cb6d4c5bad19b88a
E024,121562,slice_019.png,88259,c82697bc7b9e71f5ae560938ddf420cb15ed1117be7db413ad36dd693711a710
E024,121562,slice_020.png,86785,164b1716adc4ad6bc9ecefe188114b3d705b75f48376fceb4728496670ad7bfc
E024,121562,slice_021.png,87148,b2c342ac09eb27f29016b8051df2767fb821e934dbc8e6c83342d7add1789bf6
E024,121562,slice_022.png,87561,59b595890a7b492b4ea26c7f3febb7138a47c22672cfac789215671d6e550a4a
E024,121562,slice_023.png,88207,b6559477fde126d824ffc193146f4718893d01bbe4b3dcc5e36a6bdcbea3dec2
E024,121562,slice_024.png,87664,02e0e26ec13b5dbe81d0cf3199e25774b8e660356c3bb59ed43b4a7b5c9bd1d4
E024,121562,slice_025.png,86618,8b416065674fad6bf2902661b9bdbdfa4279804fc41a6898d05914ccd3a89ab0
E024,121562,slice_026.png,86034,1786c030942b28ec76431d9e233c179d0118d3286a512bcd920d01e96ae36d80
E024,121562,slice_027.png,86147,847039e92b55b4e7498782fd9c57824041a2c063ab24c24a2217acec5a100ff8
E024,121562,slice_028.png,86925,e95a0c6043507c7525e8c3ff9d47482f8fbb8d880d09e9aa55506630151c1221
E024,121562,slice_029.png,87994,d958c3a446b1c60187efb03139212e92a6c5fd4fd6c920b2df9e03ecedd2ce9d
E024,121562,slice_030.png,87997,cfa03b7e468384f133faffb77ad112f2c17cb5f1131183c3db189bcdb2ff5a7d
E024,121562,slice_031.png,87043,171245d7047b00ff099ccc0233a8f6570be8c2500bae27e388ed9ffdc24801ec
E024,121562,slice_032.png,85458,1ebf13a7a94cec398be89e24a9789f58fc83bb2d392c0a9f0a37bd74f6488e0b
E024,121562,slice_033.png,85569,19e93d071ab2a576bd957016f00429c8ac02e2be26afb28f65fe22acd9e08dff
E024,121562,slice_034.png,85804,67a11478516213f16f6daf96692e432505e41ab9dbc889dd5fb9969022a54769
E024,121562,slice_035.png,87502,e55c097f98e4d22c778194f29e18356ed2f2467da617df16dc438e0e4f06c8a7
E024,121562,slice_036.png,88326,feea86e4eff79dadeecd0938e63fa26f50510dc3fbacfbb43e4ad1948bf7f4b4
E024,121562,slice_037.png,87831,b7bf62fc3cbdaa294fe6332abc82e9a44bfb5e9c12ae8168f2be52a3ea12ed63
E024,121562,slice_038.png,86770,5bb4464c15ac8ea9de0bf090fa0ddcbe74b12ccb077a01b131e1c8ef0ab31894
E024,121562,slice_039.png,86149,3e60ced2d25d592cf33a33f218d00bd6f217d360102c35dae9c74ade6166489e
E024,121562,slice_040.png,86058,ca2da19488516173bf49fc0c1fe399e233aabf225c159404ff5ada05e00dc206
E024,121562,slice_041.png,86860,9fa5a1fdd2161d23681a7b0b9de40ff565f80fbe9645c306a2671f2037732d44
E024,121562,slice_042.png,87369,fe18f1af79e55a98650b0a7749d8589135f2f86aa58b54a66c79109540391535
E024,121562,slice_043.png,85679,b2cc0f7c81663c9eb7627ca7ecb1aa0ee55133a7c21198f2800560d202011bcb
E024,121562,slice_044.png,85065,064587b4a4891af201062cf9a1fc87cc431c9630281d3d54d624c5b9d1615ff8
E024,121562,slice_045.png,85376,bee23f9f0519101b1c18ed29f2ef9137621d3ebb47581899321177f0d7a9d00a
E024,121562,slice_046.png,86630,85450fcb421612b0f90323f1676f0f71ec7aa73a0dafe1039dadd90c375c7a1a
E024,121562,slice_047.png,88417,b06420c3450527dcba45ebbc04dd134a3261a984a747b3b1ef30fee6f1adc51a
E024,121562,slice_048.png,88452,29ed0a591f141853890752c16a15d3dcb54c422bbf41936c7990f8bf3200f889
E024,121562,slice_049.png,87440,6158c8182b610757bc69392374883e06090a790a28887a501f8f14c9e05c9bcf
E024,121562,slice_050.png,86572,fea506c5e96923f2d1b805e802c8d72ce7816a2ced770679758ffd734d22b810
E024,121562,slice_051.png,85269,6b7ecdef07224fcb7b47c82d4a3cd9156f17672fab29d4405920dd66ce85025d
E024,121562,slice_052.png,85487,7bf0d7d9f27881e9cbb9c9a30ff238fe6b88e17015115887abad422174cf8d56
E024,121562,slice_053.png,87440,e1e0adf907280e223ade5f20c217f007caa203bbdefcf7f52496ef438e553f66
E024,121562,slice_054.png,88158,c9c3fcfd2a64d9e3f67b48ace21493cd52c0d98829e0b09ff177eb78235ac611
E024,121562,slice_055.png,88307,214702927b089e9b9c441e05b7103ee908425e342a64e493831551e4d83b11e8
E024,121562,slice_056.png,88481,c6ed0046bd0fa7e8d6085eae0e266051fc711280f8f63235f449f0e3415f642d
E024,121562,slice_057.png,88083,9f4350b0e5e2e9884f57e670bbcf26ecec176f18b57d7b6d5921bf752bac8a1f
E024,121562,slice_058.png,89174,7c396423965649e22a18d69e529de0d9dd91b0a2c998d45b617713bd08de0090
E024,121562,slice_059.png,92472,57003e52afbc4f088061020d5b96e98a4fc00afb5c74930d75098a6c08231397
E024,121562,slice_060.png,94429,80881f7afada80ab70006d1bec11ed1f6ff5bc30b8edfbbdc666f3cd49f779fd
E024,121562,slice_061.png,94806,c37c4b717e65c2ef36effe39a725a480bbf6fd198c80a076931e2ddbd0c466ca
E024,121562,slice_062.png,95836,b321dad1cd9d734eca873e1551c9f991876d4bdcfdbfa48bae401dce82cba640
E024,121562,slice_063.png,97209,9dfcb0e6938a96ae71a3dda88b9efe1739ee8a6e32b133db66aaa95efbfc03cb
E024,121562,slice_064.png,98931,6f30966aa76d5e1ef1369ddc79f6c02d82b1a5282818a2d8305c4314cebdfbf2
E024,121562,slice_065.png,102629,85c9e265fdd7893e9c29e22693acad606dd53b288444acdb4c891fec21b832c4
E025,131271,slice_000.png,133275,ed9ba28220622016848453a1f4ffee1d864f511089686715ad1bb2b3272af309
E025,131271,slice_001.png,129894,07bffbaf530fa2c86d04d29e5ec6f7a75a7cb4fc3470c25595dca5d728b4c4f5
E025,131271,slice_002.png,126881,164e3bbde5174330cab6ed80da243c604492ccfb6bdbf3e26768934b2847d447
E025,131271,slice_003.png,124706,3ffba12dc078a1b239aa6cc1c2ead70d642326e01884ed723ec1108e66aca946
E025,131271,slice_004.png,123827,e3565e06cbaa3ae6e56d6565521530775d2bcb11df99ec111ffc3130b0b4c309
E025,131271,slice_005.png,121890,ad8c2b3cefb14a10413adbae0197e8cd538cea6536e45bb5cddc31bfde6904af
E025,131271,slice_006.png,117302,59fea424b499dd594d84dd49de6c25144e1c5532d899bfd0ab271ab7f5115336
E025,131271,slice_007.png,114446,bac26e6022a4d5b978332023f1f7a696200e35c42fdf09af94195591de0bb855
E025,131271,slice_008.png,112845,ac78223eec5d3c4759c21f3d30e11d1b6e23e0787eed558938b676e171ebc064
E025,131271,slice_009.png,113387,1bdd34255f4cc076f009117eda9729267d6feda99f3081c5c7dd345cb96aef5b
E025,131271,slice_010.png,114516,a54eabb857f59835a969b25c85436e7eba1774f458aee6be2f04028ba1cbfddf
E025,131271,slice_011.png,113708,53cdb3d878442fdbb7c4ef4d74ab683373598a4aed829a4ae1dd46d762d14496
E025,131271,slice_012.png,112325,535277f4d43ca90d25b0d82744d6422bf021ead08f60099f438e583554e39d24
E025,131271,slice_013.png,113603,7e8e9a2e51cb9e587f0551a55ab93babb36f152d3556e15abc30c87d67bc53e8
E025,131271,slice_014.png,113940,31465e4c6ccb9a4e7e87c5baa2f723add32490b93034c87caf4679d185f4b540
E025,131271,slice_015.png,114827,a55256f563e00fff53948f8e49e1aef54fdff0ec71d37df7dc0b0477d3f0ef6d
E025,131271,slice_016.png,115237,e32e306ce1c37ba3473e072fa44301dc3454728e06ad05a373759b804412ca3f
E025,131271,slice_017.png,114293,89c6b98a22323e6cb351f50b547ec7d8bef8783417e318ac8ea58ab8f7d7466d
E025,131271,slice_018.png,113133,a12dd68adc12c948685d6da941bd3d6900dd560b50bdc82528f14ce6cf711fdb
E025,131271,slice_019.png,112901,48c95131101afeca132110459d116401a7d4d950b1b79991d45c3dcbae1e0865
E025,131271,slice_020.png,112994,4daecc9346e93c40740ceea95de68a548078d34c56370200cec9ce6ab4fce7ff
E025,131271,slice_021.png,112559,b0d8efe67696a5f7cb978f701c9c5af3ee1fcaf29d79df466b4f6b5282d35246
E025,131271,slice_022.png,111803,124a566dd518329493829d5b1260786e93fea02d3c7d22afe986b6a9795c0fbf
E025,131271,slice_023.png,110463,068c745920d5db15cf3c61f576fa986674e8890018c1fdd28cfbe8da1efb77e2
E025,131271,slice_024.png,108964,c4fd0a5d199be207684483ef0e60b4ece00a802e9452b13b72ce7f0bf00f26af
E025,131271,slice_025.png,108111,f5d6200b4290a13fad45844e9e5e6973cb611c97d29f82ddf485d739d308c24e
E025,131271,slice_026.png,107409,3d618fc522257963c4cd19dfc70a9c5b3918d22daa012a0309909d354ed262be
E025,131271,slice_027.png,107365,91379f7f400a18479e407e13ccea7ed755579ab135a6386461af2f4ed17d39a4
E025,131271,slice_028.png,106722,d508ded8b32332abc3cf269e6abcf5b4ae9c44db5f4f93387229d5f5a6c7c365
E025,131271,slice_029.png,105767,3ef9a4c48c507fa11a904167b1a82838d7cca9d44a95a1a07859aa11551174a9
E025,131271,slice_030.png,104764,8343ce00e7f5dca9deae9bdc1b61bc151e51386c11bcf1400cb1360ae1b7e3cb
E025,131271,slice_031.png,103185,d2f24ec6913275adf73e9c2cc12d2b51e74211dd934d26ac7038d50002e48e6d
E025,131271,slice_032.png,102494,2b03fd84ed74f959cb8fd0b008460b33b3933653e08a4408f0210166b9a59b9d
E025,131271,slice_033.png,101773,67e1736ab42c488a32d83504a28c2c6a1b38edf06eef6f172ccd04d992a4cc6c
E025,131271,slice_034.png,100627,e208797f591ab95103e5896f2f9e66349195a3acc53b6fe2e4ae7fc896429c19
E025,131271,slice_035.png,100294,ba64bfbd1657baf5e98fe79e940793a68353924c84254bccb807a157e8177b4b
E025,131271,slice_036.png,99441,aa09c3512b43be12c6a9f0a15aca4c2f45b707e261a4fca5aadd8c8498cec7ce
E025,131271,slice_037.png,97926,308b39a20d21ee173cf51229656f79594c3d0116cb5afd2ff2cacc56a007b453
E025,131271,slice_038.png,97220,5e19e0f7fc17bc22c0d7bec4d78f06b58d958774664ecdbfb9b342e198ace9bd
E025,131271,slice_039.png,97010,4eea20c23e188b68f5cd71c26c373ac235883d87ae8ec8837e6eadba90add31e
E025,131271,slice_040.png,95776,4923785af7efb7eae2af7642f79337d7bb8b2ed027302e5f6b108f9b0c4f3304
E025,131271,slice_041.png,95061,d7b8b4901e44cb052e937509ad1a916d3b1318237105591de9eea407b11b2514
E025,131271,slice_042.png,94421,9e68ba04bb3ab853485904f5a93372b6799bb7947f032406a14ef86aa54070d7
E025,131271,slice_043.png,93387,583be9b85e88115863d2d7b1616e611b259a6881c61bb355a77c10f025111ef8
E025,131271,slice_044.png,93359,693ae3e5ad145be195041387727e654962db3dfaaa56be047a5bcc9ae88e70ce
E025,131271,slice_045.png,94575,58c40145eefe0cca61281febb8a88d7fd495b4a3d2d2be67a2213cdf1b252c05
E025,131271,slice_046.png,94040,f0edcdfaf2c92852f81919067e5c635d477a7440c061432494bf6b215e72c3cf
E025,131271,slice_047.png,93839,e93cb06a8704aec0b0ebe13f651c4919d46113e03caaeff7a62ded83f8551ce2
E025,131271,slice_048.png,93064,fc7e8f11bad0774547b3cbaf816082c7f7b4a5074eb58a01ded2c6cdd971cf9f
E025,131271,slice_049.png,91704,e72b9fa45b5094dfedf56c34b816378e0b087ec0e6ae522340d6d4078561fb68
E025,131271,slice_050.png,91773,2fe0912c355de51f55d14050bb9ae3cfa0be8f292ed9c5f22dca3b3f1c8a47e8
E025,131271,slice_051.png,92240,163e1741307c5664660857a213207f25e1e4413e15ed0cf255e593ce7074c953
E025,131271,slice_052.png,91480,216ec3245c9b979714270a5e0fe8c0f63e229883d759a8fb983e079b79832cbe
E025,131271,slice_053.png,91709,afb9543d450e4ed00b6a61f28812821820b935ecf6a921047cc399b86758cc51
E025,131271,slice_054.png,92172,709ff714cf3674509c1776169af178cfd8af2089a786ab0e5e566310dfd943cf
E025,131271,slice_055.png,91907,61a08e068e48b81aa347ff8873b49b575cd3ccc88af89438b0cf052057522042
E025,131271,slice_056.png,92154,7ddc9168160eae91f401ac69ad932fb58075e2b84de4e7602cf0e6b1a2b1756c
E025,131271,slice_057.png,92502,18ace7e5cd52c5ffaa294b434763c4655e10f13a962b14a66e4192769177c077
E025,131271,slice_058.png,92082,75abed7001c92862cd9584e62ca1b7c7a101d0622ea3c97de8d20107acac7679
E025,131271,slice_059.png,92386,79cd6a46da7fc4cd9ee04c27b63e443abdb50c363d8694709925026d870a4683
E025,131271,slice_060.png,93824,2cc46debe1332b39da1af9ef6cbcc72ee6b52d01ae45128b0d47d4ca8226b887
E025,131271,slice_061.png,92804,1ea981d823b16f8654f572faeb8af1b5b5b20353f2adae0d49252b757f790364
E025,131271,slice_062.png,93351,6f3de1d81e443cb6c8b44619275864df3981146a6d79b084b86672ed3a8aa249
E025,131271,slice_063.png,95417,878d10c9b876226c48be0095feb5ae874d91bb4b98a3ea158545a01350cc57b7
E025,131271,slice_064.png,94705,d9d0cc092b3f1efa9dbe42f20e1621bb76ca49373672b15361594cb76b5bbbd7
E025,131271,slice_065.png,95086,0aac4605fc17536abca4f725a955186c7c16466b4cae51b5e59411ea4ae4a59c
E025,131271,slice_066.png,96409,b0e3c64a3f9ea58c6750df66f2478ef73dfe791d8bb427cb049d72b1232cd460
E025,131271,slice_067.png,95417,1db7bdacdc3777744829a6812275e516e708fe1bada102b834f437fef55b73c1
E025,131271,slice_068.png,95579,ffca83c6da4fbd84fc20ab8e8e11ba4b1fe0827d5856ef22951e7b88fe58ff1b
E025,131271,slice_069.png,97646,b8a80db1a0ef78c8d9e03d9aeb0ea761defae850933863b7ab6db59a6594d5dd
E025,131271,slice_070.png,96684,498fd441910bb6648398d1ddef4ecadee3f150dfb244d3dca47d17a61bd1619f
E025,131271,slice_071.png,97602,944cc1e833c54faaf45852763a2a324b45773dd70114834702de0661ad72ce55
E025,131271,slice_072.png,100873,1d871f121f9233f3c064b7a3a4df1c0f4cc17816c344cb9c5f2e3f19ba86122d
E025,131271,slice_073.png,100322,830a020680cac57beea948adc7bf111ea843b431cc31dda5ca2f530b2e5f6d71
E025,131271,slice_074.png,101507,f352300f85c8a9a967418b606f5dbd1d847df693b8bf199e867be73847567645
E026,120482,slice_000.png,57124,43d6c2203a59ab6a1e57176d71a30d8ec5a21b2054617a253897ecb0570b0efa
E026,120482,slice_001.png,55417,5c171eeb7cd33ffb8495e864759962fb1b6055638d38fc821b9f644c74e4e645
E026,120482,slice_002.png,56597,e3d6c04addc43da6ec3ad42fb138b259b36a62dbd762f904367e337fb92a04aa
E026,120482,slice_003.png,56604,0513c88afa869db47e33ee1134fa30d349319356bcb447048f1f2abb9cea25f7
E026,120482,slice_004.png,55800,f20e6e28a0983777c1127eacb47460e46b5245e5c0956d382a2057dbe0661b40
E026,120482,slice_005.png,56332,bdedb2748a4306c565c2985b45c736a5ba6c486f02e50eb145b0f41e8bf01ff3
E026,120482,slice_006.png,55544,e2f7a13d8df09392b51700d8d1ad4372639b70bf5ed1b3221f7f46ef0b375ab3
E026,120482,slice_007.png,54784,914226cdde6e0d40ca959097a3d80f14354959ec6a28bea5af93d2a231f6bdb5
E026,120482,slice_008.png,54769,bb57e8d7971eb5e5af106ab14775782c35c1c431c2389972dc8d641ef5ccb9ca
E026,120482,slice_009.png,54532,883d6941bd0c71d28ebcf6356fdb9004188c60dca33fc471710952781cb3761c
E026,120482,slice_010.png,54521,9450d669ff32571db596e26606afb07a41cd5afbc8b4c12d204ada35cbf219ac
E026,120482,slice_011.png,53622,a6ffb6d4ebb583d12e645d3d95168fd95eead2671df81d035f6d706ea2e96073
E026,120482,slice_012.png,53353,8afadb3e39cb20a71b64a32c25994c4efe37be16a600f3783a1aac8851d03e32
E026,120482,slice_013.png,53970,8f08a0b8746da8746348736e5ddc283bbb9c32203a30283fc9afe9e41cc6efa3
E026,120482,slice_014.png,54456,7d26a334b7756888d179c0f99a14261c8389677ccf5f7043b9ff91c75a296b51
E026,120482,slice_015.png,55058,fba11b0e0c5f59e9f5deb3e1f3761555659fbf14faca95fb05834bb2bffb98c0
E026,120482,slice_016.png,55645,01699048634bfdf9d15f6cb167cbd7c0ca4200053943e0e8edad11f20c34110f
E026,120482,slice_017.png,55848,333e73412f49f1c00583b4d9ff7e61d1444168054ce9f55c7b5d0dce3495b1d7
E026,120482,slice_018.png,55917,2564c3ad2a9a43658725036405de177d67dabc101417ab10754e2c3087fa5089
E026,120482,slice_019.png,55916,86b22226039d163575dbfe2e1cefd654237f62bc74da2a071839448d63fc9215
E026,120482,slice_020.png,56122,011216ac07f0b22baee37f1b908560917250099ef711159ae7a93302affdb420
E026,120482,slice_021.png,55122,6f7a39ba48a03d4e768f209b4f21733d89c43f9dea529fce3a2785249adcab38
E026,120482,slice_022.png,55183,8bb03b33336cd5708098ced7bc05686eb9cb71f754bc66e3717baa846ad60563
E026,120482,slice_023.png,54735,4c99bdfb5433977eabe61f7d3a1f2c869c30afb0c3166da48d21adc7187b83b1
E026,120482,slice_024.png,54831,f4efe61a649794d7309824666d41178df9263aabccc89fcc367a4adf74954eb5
E026,120482,slice_025.png,55498,c79aece5b381b5e19b00fd4f3b7b8a09d7273470ae1c4092bbb4865e046f0d26
E026,120482,slice_026.png,55465,2f58a8980dbd9cb41402bef39bc60762275988612685410dcd6e005ac37a98cd
E026,120482,slice_027.png,55626,e9b9c837a92f0b59edd010f7c0e2f2aef76acfd2e623aa1a520ce2d9521a9821
E026,120482,slice_028.png,55906,f2260910d73b125401407fc42b45c02732c099e0c3648ef90274d3acea88d9cf
E026,120482,slice_029.png,55927,2f1f10e52989d276a38c48f77dbeb63cfa326d64c8b07d9cc2e0e9ed4a76262f
E026,120482,slice_030.png,55941,cbdda965d2cec47a0f35e4bffb4d518c005aa16f8e5040e1e792c1d1eea83bee
E026,120482,slice_031.png,56425,06798b72a4bf581d92d28574f21d61971d0f5b18c9c3ae03266ab82de3a46fd0
E026,120482,slice_032.png,56542,e10e4cc99f6ec9a9f2e96d31178acb429a16fbeab6dd6c34b34563888631ad5c
E026,120482,slice_033.png,55874,90bf75b2369a5be1f1b490f39c0f01d45d79bb241046de9ed506fd354345b543
E026,120482,slice_034.png,56465,ba7022bcba8c2ebfe8cc00c201566b768bb04d3c23a2d71f6ac53282401ac793
E026,120482,slice_035.png,56589,6372a543d9b992eea290f445bd88879e125e7fe5908f1d9e781116159ffdd65c
E026,120482,slice_036.png,56359,652c156490a82d80ada3d4d1a9e7be40e668b777a3c5e75e343b57bc13d3f3c5
E026,120482,slice_037.png,56876,8b465a0d5deba39ecc13c85ed439769fe286f195a4613818cb31c93099431e77
E026,120482,slice_038.png,56903,704a681b1b0f929a37213888ee137fbfa2a9b4346556629c9d284f19571e6c5e
E026,120482,slice_039.png,56239,41dc0d2a9118b11263515e2a49b3cd733eb53b6cbf73e396bd5f074b3a905b51
E026,120482,slice_040.png,56064,48f77273880abbb20d8177768e2ea68cd202511064ea41d7eb8ae8f3105153b5
E026,120482,slice_041.png,56736,1a39638999f74e45cda32efae17e43a0bc0106b651193fb2068764aa1751e5ad
E026,120482,slice_042.png,56875,b34074caba48c330abb358ddeecb13aa80a368f8b51b8085199b1dba2467a55c
E026,120482,slice_043.png,57808,fc21927778a288e90b5c2ed7433114639eef07528344c34d5d505e75e3837938
E026,120482,slice_044.png,58586,e5a109e24d0096cd5d05137c9b65c61bd70f798a5602bfb4e9ab406d820c8858
E026,120482,slice_045.png,58637,c3f56d1acfbf0c59372c3b47e4cc9e4b9e94912a539ca7724bb2047fd4365b34
E026,120482,slice_046.png,58884,5ab2b1ef3714f00dad359344c3d62e75748e2354a15af85ff0cf539dd5a7c558
E026,120482,slice_047.png,59370,36e3a264b19dca327e599dd0858e1c290572d9a9c5e6695cc1a78061fdf5a44a
E026,120482,slice_048.png,59618,59870a0e6baa567e5a643db6d1c0845403181a542cb8ed15818ab3db142b2328
E026,120482,slice_049.png,59176,c1337d82ac865025cc98239507cfc6c83c836a3ccefd905a9d60a87dff4e70b1
E026,120482,slice_050.png,59690,06346b708b7c706cdadca16b02b1e9a218db52c1111e7e0ec4fb776c03930585
E026,120482,slice_051.png,59490,bb59d8f5c13d49ec4a03fa24dac16c9a9d9c0c2a0654e1aea81cd5c0c2137c6c
E026,120482,slice_052.png,59765,5c37e501345e461c9c051c6dedb2b6a58f1d7309f8438b609eb57a553f44c3d4
E026,120482,slice_053.png,59743,db2f71943770c4e4171d6a4f1b4028334c8685fcd6bba1463a8f81f58f8f5802
E026,120482,slice_054.png,59111,bc5bb2236b6f71c554cd4f4cc3aaca4c57c7067121705f20f42703df1ddfca0a
E026,120482,slice_055.png,59938,5dbf47393745427e66d1098fff7b6e6d0054482e63d10602309694c91ed9b18c
E026,120482,slice_056.png,60151,685b947718e19ca19e9795769dcd76d937289e535f1152c01b87ca54a0f59c76
E026,120482,slice_057.png,60159,5a2749eedb5aa2d5d30392f0fb3a925045f85f077713115f2285180e2541dd85
E026,120482,slice_058.png,61779,3b0bb3b7e6927cdfe0b686d2df950287e38609403e8c9f5632d3bd5705282b0c
E026,120482,slice_059.png,62494,fb285e8cf1523b924f4312b2a1185a3cf1844f5185a238f2ebd4a647a09575dd
E026,120482,slice_060.png,63463,c2c3ca8ee0e1e1c913b94214710263e4d93c677f3d25eddddb0ae507c06d683c
E026,120482,slice_061.png,64998,ecde8cea79fd79a9334715ce0ab2723c22058721589b51a1912e5e332efb62f3
E026,120482,slice_062.png,65868,7571b6b930c3996b27215152681d15ffbec7544ca9a9bd73394af8b094b7896b
E026,120482,slice_063.png,66347,c4501f124b9e3b89ec9fcefc784c35d42fcc01599a8222ff99599f6701c7c7c3
E026,120482,slice_064.png,66580,0986b32d09968726b07b5a25bbc4a49e2b9d87e0e9610b764497408a14beeece
E026,120482,slice_065.png,66613,83b226addbd9d4890bb5c7aaab8e1f0f2d11124fc4e6bfdfd39ed34a87536b8d
E026,120482,slice_066.png,67332,32154a6c48e08db9eb0da2a5936fb44a8406bfef57778cc3a10541b223199f12
E026,120482,slice_067.png,69010,d24a88e8728777a5cd207f931bf470576c488cd63b23e491c02d0bb381173fcd
E027,209973,slice_000.png,60287,e3588e34bc0b1665c251e4d9193adaa1e6a113bb1b6949a97ae676e15b1b1ef7
E027,209973,slice_001.png,58972,a7117a58e36d4f8047e84924fde088919444337573a5a43fb412871f0164ce0e
E027,209973,slice_002.png,58648,728c5c3d3bc7a1a6aa4af7066f2d2e323ba4b9a37ea992ce164421cc0b94457c
E027,209973,slice_003.png,58571,3b6052a49ed794140711ab1cc371d910b5e138f37c2269a0697c7035fba0af22
E027,209973,slice_004.png,58744,a19518eb70ed7cbcfe15ab28e8701988e6def8af02e90eac60bc271170da91d1
E027,209973,slice_005.png,58770,dc71ba44f47d23d22af75043767c4cab10c765a95fdbb32c3f835159881a69e5
E027,209973,slice_006.png,58855,11cbcb53bd5bdf514ac2bd06953767197c9ef3e0f08f09406fab7f6317d9d297
E027,209973,slice_007.png,59282,4532c3ba585736f2f0c869dd076df919b9151193d0bf1248f91352062c02f5bd
E027,209973,slice_008.png,59766,f89d00108a77c86c2953088a3e332381136ffe9d31181068df587cf6df68dbb1
E027,209973,slice_009.png,60462,c812e2f89d666965e823b51aa843f91b746fdad167b583acb0d277e5f5c71a35
E027,209973,slice_010.png,60204,b61acc03d0b21849b13c042291103d43c18cb573117d05ced04ed4c1100acd44
E027,209973,slice_011.png,59656,d5aef690c1e2819d1b117396e6a57cf94b671d9a6d47dbf42a430b0d309c106c
E027,209973,slice_012.png,58917,ecaa4419230ed7d1f7dfbd8256e69f78dee1e9283ab12dcc4dd79e475f8011fd
E027,209973,slice_013.png,58651,07c8a3f9a88a4bb2d262bed2ee18a71e66cfb0a31f3cd846922f5768c89b6f6d
E027,209973,slice_014.png,58233,60543d3bfc4e09bfd050918e40799c364f9db5d8ee4fa0f8d9ebc971d093d314
E027,209973,slice_015.png,58348,24f2533c6a24c25b7c25020617855a940d77f8e584afa182d6e0e33255a6c317
E027,209973,slice_016.png,58017,22b408a8ac1a5eb7cf54c6455dd04e6faa5149b5a916d7317e0dab5760030e92
E027,209973,slice_017.png,58025,b95fb270c08d106123e22e46e9795bc044ea5d14e9cf34b82652ff960126d56c
E027,209973,slice_018.png,58016,e3c98f10cd04148876d79a119119502a6185831353146e2ca1b3de2252f699c1
E027,209973,slice_019.png,57302,9e09168fd4077c213b2ce24fdb90e320a615cb2809c620c90e81e24a0ad36b4b
E027,209973,slice_020.png,56899,1b956d6bec142d6bc4616703be4900032607f4b2383f2dfdcee3c60cb18f6180
E027,209973,slice_021.png,57080,5982968e10f1e53015ea9bbee5780b04cdfa621174c14a308858ecbbbecad735
E027,209973,slice_022.png,57501,a240201d3ec47dc3c60999f52282e2358d326c15f5d7354420a5eb929629ef24
E027,209973,slice_023.png,57690,0184a2bf8ab094e28196bb1b9fb580b480de5c04208f731b5c6a129dee05c35e
E027,209973,slice_024.png,57784,3f65b213d1f5519e9a84cfb3f3de476f45e789753107c6798d8513cb52fae9ed
E027,209973,slice_025.png,57740,2acbc3b0dcf73960fff1463df1855b6dbb551cbaa499326098aaaee64db3c5ce
E027,209973,slice_026.png,57886,9d91da6ca2be14c500938344ed9ff173669acb8d24fef4183f6c984d2441c936
E027,209973,slice_027.png,58056,0bc6ea9d2e963658bbb60ad95c36e19cb1692afe0ae5848a3e8085386b1f0b83
E027,209973,slice_028.png,57588,3cd2073910f0c6d094dd4d0b94b14ee871336a96d8fa9829d86c9cdc0a72235e
E027,209973,slice_029.png,57610,958645ec42eb298bc0ba520c5cb48ee1da9f289fc12d696ae0d22bff9287ab36
E027,209973,slice_030.png,57455,e473d8e18c23bc8d48b929266d468ad9e475fb84dfe5e64d47789446522038cb
E027,209973,slice_031.png,57712,d938e85e05156e7db9b47854a59615fcd5c7c5cf8249ca5fe646119e9fae3084
E027,209973,slice_032.png,57842,6c71b583990f84d7720ee0b9d61e54d24ebb38f6703d26b420725d3ff2480f0c
E027,209973,slice_033.png,57770,1cfc09afc8a7ad7ff8b630e0192e745e96604cba400583fd6258f9a1bd64a33c
E027,209973,slice_034.png,58317,ccbef049d278ff5605263111e7b12550630a6523a78f81785c2fefab0f70d290
E027,209973,slice_035.png,58082,a93bbcf973238cc59aaf334b22cbde132125b71d4ff67b779483469e5642a3c4
E027,209973,slice_036.png,57808,101e6e7496d69ae21e0b1b3a14cc08b0103ecccb557fe33f203ab7984b45259c
E027,209973,slice_037.png,57199,f65a9b219e97ae10e3dc58698e1168c3b314f42afd0d08b39c1ec5db3804788f
E027,209973,slice_038.png,56782,e873529aba8407dfaaa295cdc533464177c468f54bcc1bde83302c036555aef4
E027,209973,slice_039.png,56810,1214e224313acde1b3658061da73299857d8f5d9c24fe76f02b52efff69ed11c
E027,209973,slice_040.png,57040,74cfa3162c27ec5b43330cd4f2eb1c3ac24397c32a3d1e1efde68cb50376979f
E027,209973,slice_041.png,57497,9418b6dc86f9d43f5cee401ddc149f40de126cac2eb4f738ff0a1402fcee9d80
E027,209973,slice_042.png,57779,12b81250bdd899ec7578d5ab68391563abf877476074f176536a82dd5ccee8ad
E027,209973,slice_043.png,58113,3a002d9fd422ebac5cd79c603da46c1ddd7e02af5eb5153eaeaba7a81f185ead
E027,209973,slice_044.png,58168,c6446909ac4ccc9cdcc404b3c03a698ca964305a027fbf85309289ca1f45d891
E027,209973,slice_045.png,58586,46c5b88c7f0dd61fa563bd6f5390f4193e8863b5c6b833624294253d97690b6f
E027,209973,slice_046.png,58886,52f5e11e6b7b1583f63505ba4826d6a03b23faa79414bba52727691a2f393e47
E027,209973,slice_047.png,59280,31104f745e1225b4fd4a1d45033228cbd0d3e85ec92117a21fcbfb3a316905ca
E027,209973,slice_048.png,59402,cb6266c84100171ebac093633b2b53a44e3a231c230955391bd8ea63ccded22d
E027,209973,slice_049.png,59574,67c472bc002727c3ddb6ef6f0d331741a6cbb8693a1fe6f44efacf96b0557650
E027,209973,slice_050.png,59928,d18f5fca20d9a40aed94aa66e7c9c322bda926f9bfea0b8104dfd4c2ea79eaa8
E027,209973,slice_051.png,60076,ffd790d295ce728e7ee75393f82955239cee64c03b684f8b9dd1e15fc7f68f4b
E027,209973,slice_052.png,60837,fb3d6b5bf0a555fba91a40048d0f7f4e7f2a3da82d41211c6986370a13ecf936
E027,209973,slice_053.png,60818,954959b77c6799cfd044ec975d68c5bdd85616493cf5b67e9655808e09292bad
E027,209973,slice_054.png,61314,ae830f843f78300eb6de7b8c2c1ccad47ed23788b2c749f497daa1777edb19a4
E027,209973,slice_055.png,61986,0b31c183a4f3ab5a782dfc7877fbb6d5793df64899b114da3f893cc8c20a1284
E027,209973,slice_056.png,63057,9a982063c447389d1c4ca74c6cae7360c974678792608c1409f57b7304cf9c38
E027,209973,slice_057.png,64333,d59f169a61145ccfe4b575db5d844bcd05117263fba93e18765878d52fe1867a
E027,209973,slice_058.png,65227,c7238914f7cdf193e383b82fa53100b35a443e61d22cf1f6c238630cc59bfc35
E027,209973,slice_059.png,66767,ac1a8acb8aaf6b9568323153cf2fd7780012c9750c5591e1f1bb3f916daddd98
E027,209973,slice_060.png,67209,31270a7de8aefb9ac1e5eceb40c485f993cfb5204c053d48a283dc6b655faa71
E027,209973,slice_061.png,68729,0bdad28fafd9e500a1d62207d06b8c70a4a4e0cc0d2cd6cd1f66fe20794a4f96
E027,209973,slice_062.png,69321,668ed6137e347d76bf3d634840294dca3a7e405e3f540ff3fa01331dcd86ff25
E027,209973,slice_063.png,70117,c6b43839516d0c6a79119c9a7578d19440cd172669ce384a15bddf85eb396128
E027,209973,slice_064.png,72629,24f9abab59a9a36d23ddb1aaf3bd6d2dfede45cb407ef143f7b74d893e2837bf
E028,103093,slice_000.png,131562,75a0e29d5f4b6b242373f8bff0bbf0cbadcbf4ab4d4a32a9b3210b6794627886
E028,103093,slice_001.png,125190,e3aa69ba2a88df77462a289e706db36c68ae980c21458eb71e9ff2c63351996f
E028,103093,slice_002.png,122052,a3726c9d73e8bd5b328b7beabbcafe10f0b1b1d559859a19f92838d84901b745
E028,103093,slice_003.png,117649,7bdf2d068908cb08b116576fce1df72ffc0d1bbaa2b1a35047b6de099ad8ac2d
E028,103093,slice_004.png,114089,1bb2d63e78625d245df306400ead448301b6f130b5b563745c50159715406cfe
E028,103093,slice_005.png,110513,797d1287f3444503c4d1298f7a5b76489b8179a45eaa60fff30db6906d89586d
E028,103093,slice_006.png,105985,c6e1eb565e78d7bdc213f5e0296608f0639d1447ddd573575cf40e7a2122cb03
E028,103093,slice_007.png,105264,1d2c996356315d63bf5fc0ac886d8942c7afb9ad831bb493b0e3a83752887aad
E028,103093,slice_008.png,105933,d8f537adcf8665ee5db7cb0d0fa5ae22bbac7d7205f0784b7d349b31e4bb1f94
E028,103093,slice_009.png,103624,5609ad1e9f95df6ef03ce1a908074fd01be929d7ef542bcbdda585299c00860e
E028,103093,slice_010.png,102003,18f82d1d27eb72c6f81fbb5f9045c66b512abf88e50d1038564c5121457c6bdd
E028,103093,slice_011.png,103813,fa31fb6e9da007f0d6ade37317ceded7d8dc91bb5f3e7bd5eecdeb4827d01486
E028,103093,slice_012.png,104128,2752551762860224d5464ad54d2c35df3d39278b769f106e61e4e22cb2d75b38
E028,103093,slice_013.png,104774,5c59b6becfa9c6c97bbb63e22efccf7abe644b933504aa361089fc8789b40ac1
E028,103093,slice_014.png,105193,618731b5bd17d36a4e96c1d184ba1d327e63f60df54492942f026bba54dbcdcf
E028,103093,slice_015.png,102943,8cd5f9712f5d0d140d2091b69a547a97be1925859b43910970ccd0c40e52351f
E028,103093,slice_016.png,100956,1c8681579b61ba42ba86bb6d78dee1ff9ac9c1cb7bb317ee4ee3cc50d97c22d4
E028,103093,slice_017.png,100051,6f73d51b01fc4261427438608db64f6089748f45b5f4e3a1d5baf01f47922f93
E028,103093,slice_018.png,98846,acc38035a102850c34eb35e54b73b64abd4a847101fe5b399d2a811b215a2e6f
E028,103093,slice_019.png,98404,6640ef187d20a92f461f68f4741cc88c3905e35dc4b389d9f90a502e74489758
E028,103093,slice_020.png,99655,db89d9756628f45d26804ac3b522aad6a1dafb4774224bbfacb6b27d5471384d
E028,103093,slice_021.png,100679,a966f230c7ee5638a6f9e7141bf3449d8788554130d87e845959f9723c34f290
E028,103093,slice_022.png,100241,a1ad0346d0b8acaa6cb1f09f0fdb8001ffad42b5c9fbb12fc1a473b2d5edc6ad
E028,103093,slice_023.png,100476,c724dc00615e5cb229d88be2f24014ea441635d644ecea40b10e07ac85bcbee5
E028,103093,slice_024.png,101130,d2347d472a522ae134506df24c7c5cb3b91f425a3383a8180cbb94d0a0993a6e
E028,103093,slice_025.png,102154,b15e0f959ab06c41a56591c43d3b6437401576d5e37d3dbd10d35a2240edb1e5
E028,103093,slice_026.png,102492,c018adeefb13bec9e1b3c80a4757a8d0f3f82328f098654d422e99c50a528bb1
E028,103093,slice_027.png,102374,40ec5b117e2b2ea8f8a29a8b18fc5ea2d04f0c326c1a8644eb7536089d2ea971
E028,103093,slice_028.png,102019,555a046f544f9d2853e7bb3848b2586f2d39a405f052712f7128ec0dac1e6021
E028,103093,slice_029.png,100377,354b0d032e2f28eabc23868ee72d4c71aa72ffb7dc4b8b20b3af75f43171de1e
E028,103093,slice_030.png,101503,fc31d2321ab18e4022733fa6708396a753d4d3d7e0bcc2596705ee0c147a2ae6
E028,103093,slice_031.png,101323,94e26f1e870985a7b2e14e925a8eae4d300f336f86064835a2f606a631c413ca
E028,103093,slice_032.png,100377,b979859de40ed48da3de9df2fdfa0dca5cd78df58e42d70e81886bd251b1a3e3
E028,103093,slice_033.png,100262,ae4f5abe68117744481166409fc47ea692c01cf1ff8ea85b63fd5104542e1f58
E028,103093,slice_034.png,99708,5078520a49061a8fd1e0e8c5dfaadc012f32f6d2224e15165f31285fb0a197c2
E028,103093,slice_035.png,99374,7c40e09ab479b7e89af4b3e53e05d4af78828c86e4a16ef50cd08377ece1447e
E028,103093,slice_036.png,99315,bd6e4581448f21f706fda604d2bd31d5782f583c1e40c504d9aa006fa97e338b
E028,103093,slice_037.png,97891,c45ef60418d1a8e917743923b6e2fdc898b33de9d2d205019ebaa0d93548f2b0
E028,103093,slice_038.png,97072,25715e25f916c721bcbc64c41ea379daf0e7a36306ba84a661f97e14cf838721
E028,103093,slice_039.png,95786,1b6eb2643b6f61d19f65d8d0f3f7db3a3cea0ffacc470894a8bc4fdefdf81e15
E028,103093,slice_040.png,95385,592bb0d2b2278df8aaeb00f441702bde2d817e2306456b10f3915a56f4268f03
E028,103093,slice_041.png,95862,29ce9579e7111c4b52e0f4f69dc9e17a2cadacce71fbd19c903706eb2f032c01
E028,103093,slice_042.png,95668,188e86d719259a52bf43469eff503dfdab158bb2642971db1d2db4096c241811
E028,103093,slice_043.png,97213,5f0489925ad7bd0f9067548a0206e3bde70d9c5f7dd4ca45a1312fb7afa1de86
E028,103093,slice_044.png,97107,46d414ee0f29401b059a3b454ac1816d96b80376aca21a35582ada03a7f53471
E028,103093,slice_045.png,96062,e578aa566b485e293cb6fedf878c5bd6f733facb890af31ab5e018b648b6701b
E028,103093,slice_046.png,96390,dd6ab234432bc2003741cf0ff3529ab98fc82d02854ce2a604b67f36f005be36
E028,103093,slice_047.png,96015,d57afa61b864cca4eef9011a0d88a22f4791a37e8849e761fc8dc4fe9b77e394
E028,103093,slice_048.png,95442,51319004f0adb2fd59bade88063a53f5f9e38015e9b0ec25a51bd6fb3493288b
E028,103093,slice_049.png,95795,b8bb8df08ea6ab98d49217bc8dca45e2d0472b9f52bc82f6668a6a9c3efdc1a0
E028,103093,slice_050.png,95259,4a6333f841fd94c50c108acba718bf9f49a162c6c9560d15f4eb35dba4a68a29
E028,103093,slice_051.png,94822,38a7487b21e06eb4af435bd305821cd4ca6ba7fcd84d317c6251bea4cf688c6f
E028,103093,slice_052.png,95500,ab09aa2407831cf487034728f0672338de5e99434b0005f8cf82decf9ed7721a
E028,103093,slice_053.png,95845,14e67f57ec95bce9889085647cfdb04bc7f98725672dad0b0c3c870b2b2a41c6
E028,103093,slice_054.png,95126,8394b31f4bc65b4a4f41d4ffe7adb0450c087fea264994574205fffedb8949dd
E028,103093,slice_055.png,94415,67b5f65ea75964d2968fb6100d0031b4854f65b4678809e07894b62d22f59416
E028,103093,slice_056.png,95046,461118762e856d8280256a81f855b466b719d33093b505cac64ccf6ac0678124
E028,103093,slice_057.png,95432,a2fdd0db8428e3be5b28f9bd063d90fbdcf7e079214881aef8e49d1a75f4e2f5
E028,103093,slice_058.png,95096,537f4dbca7c2635f542b46508537a85265b74dd63abb1a36340c8fdd47a95de9
E028,103093,slice_059.png,95568,e15f88b09a18199d0e62b99ae0691c8de47cd3e6e7b13f81f94e4dab3c53ebe3
E028,103093,slice_060.png,95065,2d3766739007fa35bd12ee4ae229f0d1bce157916840a6e4f558a72cdf6580c9
E028,103093,slice_061.png,93643,c9436fb92194dea46aca342515e7b841f01bf52d189e4db5d62cf9ae02069513
E028,103093,slice_062.png,94920,70baf4be7a8d0dca92ea7e7ea883e90bd1d1655a4389db0204fff98be9e4836a
E028,103093,slice_063.png,94544,c74be3443dcb9f280516754db8c43c2a68d051e110579f60f0b79733c478ff00
E028,103093,slice_064.png,94462,69767481645fa1be1e4699cce02dc25b5854a41becfc324ec62d0840b723dd63
E028,103093,slice_065.png,96318,bbf3b25d7451ecafd6b17b72f45cd25965569c05713cd24d286b1cf7c588c9c8
E028,103093,slice_066.png,96059,98a54d79811e4eb5850852218b46b5f02e233932bbc9e0c1f8c2b51b26ccccc2
E028,103093,slice_067.png,96696,62566f2a74a5756e0ce1578e6ce6aa522379945e3d630c256af470582ae7aebc
E028,103093,slice_068.png,96324,1ef387e3cdb0bf8b6fd2e94ea929f353b4daba218865e114415cce183d5525bc
E028,103093,slice_069.png,97013,645828880b1588baecd90d86bea74cc2a13a2e3e93522ba27ee305ced9f145d9
E028,103093,slice_070.png,98718,366bc0b9a1d827d9d6345f1c5c95b4b0981a089778f0d8ec97add432464475b5
E028,103093,slice_071.png,99030,cc932308ffbe3ecd92ff67732cf08544896aea2042fbae88d1db825fe339ef1c
E028,103093,slice_072.png,102765,d6f9c99bb303284991aadec9aee151f581ce7ed73a9e267ce36951366ae41381
E029,207168,slice_000.png,136340,fccacf52831a95cf3a07cec5e25b8599209eb213b739be720721f728c3e6c869
E029,207168,slice_001.png,136481,3d14fbf445d9ee6cd7c98337524b46b7705f5e92b14e5fe06fec8648e3337e55
E029,207168,slice_002.png,136604,ffd63ae73e6e00e90779bb38d6e55f827ddf6e222ba35fb49528d1d59511d560
E029,207168,slice_003.png,136271,3cbc3910b2479654bad68b2e5d8ab7f1e3aa673a46b6b5fbea84de213885c686
E029,207168,slice_004.png,135848,a3a51af7ef7f6e6c0ca62360948bd8efa2058b313717fde9250eb81a1f98a53b
E029,207168,slice_005.png,135608,0d621d0d9ca867294afd7dd1051b82f6585f594afa2e60b4002a1dabfa20cc5e
E029,207168,slice_006.png,135975,98ea527205416e0a2c0f7a844ac3644d75835b31c00f601124d35dd914e0ad83
E029,207168,slice_007.png,135265,156fb8d5f4b81662a8895cd9cededd7891cc517b8d16fa7b879b07c2ef6e9e7f
E029,207168,slice_008.png,136562,73a2b1550f7f1f241a98f0cbdcc92cc87fa334963c3a9d68eebf38268c50e69e
E029,207168,slice_009.png,137015,2e45059873f746be4c33bdffe9ed78fc7db583fdae64f7ad910032fec839f8b8
E029,207168,slice_010.png,136774,eb5bd4ed890905c4bfb180ee55cf217776f547c31ea293468d13f5a86c3fb6e6
E029,207168,slice_011.png,136737,7b1dca77257b5582a110cb3c37b208bd303fd2dc68ba81d81999a91a4067ebf7
E029,207168,slice_012.png,135286,3915a1cf18aab922bc4bb805bd7ad804877075c1b8977df3d77923074ca121e0
E029,207168,slice_013.png,133848,22b45afbfd04f6a83dbd35ab63db2ab87812dd289fd5d73b65d4127a99475632
E029,207168,slice_014.png,133644,a22cbc006a99518b7ae08467dbcd1d3420451cb44518a73bb56f11ca6e1908bb
E029,207168,slice_015.png,133931,f56b3ee00229282638e31ad6ee4c43d07c4cbf1f51eccb383d1e584cb68508c7
E029,207168,slice_016.png,133625,83e637fa68373f5160cbd90a21bfda43b32e241f9a4241ffa219de5450e04c63
E029,207168,slice_017.png,134371,b7bc2c05645808f4d3493e325b997a02d5abdc4f91e8a804a54220e4b68fb2e5
E029,207168,slice_018.png,135007,ea19504e0781d3325889e571067883e3736b395ea1fb025f59e3b14f70b80fa8
E029,207168,slice_019.png,133894,55ac97912f1705d010c2562cccb88cd1a6bd831c3454c0e2e57b6fe84a05d0ce
E029,207168,slice_020.png,133951,5f7f9c3a3d9574ae70eb0700f48397621ae63e09e153b25b21466d9d048d3403
E029,207168,slice_021.png,133534,7db977102f04d8cc98e670be32bba3430f3d125d9d8cf3d3e7d1a3290ff34996
E029,207168,slice_022.png,132417,5b780ed9bc0b083c1fbabeb57525764b39ec3ad060f8b846dd96d30f5c7f3bbb
E029,207168,slice_023.png,132092,4a1661fb671bcca3da251adb38ed83528183271f8dc0ea3e744429409c31aed8
E029,207168,slice_024.png,130222,2c9d049592f789ca73dc1699759be5370f18ac553fe75e560bb9cdda2109e604
E029,207168,slice_025.png,130090,19e54b9488331ed8a20f85b2677f2df02a4ffcd08f2695f2bc67d86c1782245c
E029,207168,slice_026.png,130887,842937caa9daff1e37fcd50b58ff185691a20fcaec7e13981d2b5cbff362683e
E029,207168,slice_027.png,132045,d4d60e966d3ea15fb7c33bccea512a6caae337b3555e546b5745c44c88c32000
E029,207168,slice_028.png,132609,95139e75713f5a1b7722d605031f2c3bc83fd03b0dfba885d3fa157db265ad2a
E029,207168,slice_029.png,132880,06f720c267870601d6cc99e21867914022f28eb76f3c3f93860b349bfda4bfad
E029,207168,slice_030.png,132841,45631e5fd69b3172c1fe6e31a5e41a0e93b327e0d4e5b7efdf3c06bd13affe00
E029,207168,slice_031.png,133315,64048fffb4a143da6d2ad10c13f89e2ecdca6b0f1dcb6cea4cded7329c1e282e
E029,207168,slice_032.png,134199,2fb126c94d45a1e27babbf2817cd79d630d0d5f1e1fdcf8977742bff5bdecc0c
E029,207168,slice_033.png,132759,15b4d72e88ae38bbc2b4e66bac10eefa8a02b1a666b0b47e90a59ea5ee3e166c
E029,207168,slice_034.png,133033,ada001949c80cc26609dff85a2cd6a08d3520c6afeeee30291dca4f4198f5535
E029,207168,slice_035.png,133500,714837e162a5a3408b9b357c85c8f4fd25e8174254e1e31c16d7f2f367923363
E029,207168,slice_036.png,133680,a52f97924daa473d31c3fbe48ee4875956ffcebe2ca77a31ddbd2169639d992a
E029,207168,slice_037.png,133483,db5c3c93fac6831553d6c351dc6d1c2fee4af43b73d8d9299e4d019273772dfe
E029,207168,slice_038.png,133067,40bc86c3d686c9a187a610328af2cef74773a0798bf3a9fdc8cd6dfdcc34c71c
E029,207168,slice_039.png,133124,e445e661035aa57bd6ae492b839a5b3ea6233d65ee533026830b9f9fb9feec52
E029,207168,slice_040.png,132752,21e0075510d32e39cbe1bd04fd75a5ab4b31d5bc42bf75cb617f9b3339050bc2
E029,207168,slice_041.png,133439,d560d8d91384689750b5d5ee4d8cea51247adef8605edbe400d8055f7c664252
E029,207168,slice_042.png,133762,f9a1ae94917df72a9bf0adc7de98cdf4ed76a26640bd09ac2e0152ec1f3be4ea
E029,207168,slice_043.png,133979,efb49654827ba34289b0f9b72ea3218de60e45774536f1f2ce155420a9355429
E029,207168,slice_044.png,134683,25bdecc8452042a0b0d72fdf05275cdf48f3912d6bf15f6970baa2a932445332
E029,207168,slice_045.png,134085,171ec5d07fa27f5a5044570c96ff8e77733b79c77ba1a64d11a27fdca512a797
E029,207168,slice_046.png,135181,c7bad447430e666a2d877eab50ef83033564f6b6e5141364269245342059d5dc
E029,207168,slice_047.png,135122,c2b8d1225c5caf532bb7cc12f8cdf1951553e37c2201071357c34484a08d97dd
E029,207168,slice_048.png,136362,7a326c8994bba61cf6f986bacdf6a5b8ab906759ebd382672a7736e844beb5c0
E029,207168,slice_049.png,137333,0e699ac91e5780d942abd30a478c06dca76b6a346937fa369552f66227db4cb3
E029,207168,slice_050.png,137702,7f4cacd3012cb49f3e50e0f735fe0d7c9e1fd1b63102267e1ce72bc42da46e7a
E029,207168,slice_051.png,137625,2c53be8f7ede101a76c9ae13dbb824b7104b01bde1536739552e76e8530a28df
E029,207168,slice_052.png,137377,a3153b8d65b313602dfae72939cc686df34f2efc3f6d39fbae6eb77876c1b404
E029,207168,slice_053.png,137965,413dd5de42449f43b5454cc65c7a1d5d6ae7d1994b77fcc4e66116c9ba29984a
E029,207168,slice_054.png,137354,755a03fd2d79a8a626e74df8b3413168e18369f368f3d179670b2776b759b59a
E029,207168,slice_055.png,138066,4b102b7515b1a93e15d019ce128018f42fa6c696ae9cc4abab25c4f4abc0ea1a
E029,207168,slice_056.png,139051,c8878fc507ec6c3b2277c0db77196fda9a6995e33acfab4731013e4770e512a8
E029,207168,slice_057.png,139841,e55ed50d8c365a41abbab372d60c0937479cdb20b594577e5cae53d563007416
E029,207168,slice_058.png,140769,03df785f88ac5a0d814aad492507c371f39c1a4cbf5e8c30ca35bccdbb1efa15
E029,207168,slice_059.png,140629,3fca73c7259e1eed6432fd71153bee8d7798850614541e4aad83707bb80981ef
E029,207168,slice_060.png,142132,1073ad5da08353b172b677af015059afe3b85b1ed3d9d0f2c70380d51a9a1059
E029,207168,slice_061.png,142316,ab470667a0980c0a89da5f10f688fbcdb3759988e41a7248817040e554bf037e
E029,207168,slice_062.png,143302,b82f0c188f8f87c45adc27dd1ebd062bfffbad59533d225e54d88a2edf50bb99
E029,207168,slice_063.png,144251,80ed33ffa8505f03205dcaa34b151f894676440bd36a7ce81935796ee23c8740
E029,207168,slice_064.png,144898,a568ceb8fba4fe4782d78499c26bf5577c66e7661c1173f264b045ac6fe0ca2e
E030,107868,slice_000.png,87989,f8e40a4d187fcd06cddb36d57f2e01b005c02f6d3cb400fa93e31177bfa4b148
E030,107868,slice_001.png,88125,a0b473ae1c5bd294f75722421cca9f9670e00df0239964577a23278d4976b507
E030,107868,slice_002.png,85183,28f02377a3adeff002551e3098413c0760cb0e3a4a5d303ead7d1d68a52b7157
E030,107868,slice_003.png,82150,049d4a9d720fc41cb0f83024d47b29d4cc15b3438a0528c2deb6e5bb0e75c53e
E030,107868,slice_004.png,76277,aaf2ffd20a3442edfe8b3ecf6f820d038529381fecb42d364c70b6be78f8d912
E030,107868,slice_005.png,73944,bc26cb979247bff4a6823f8a08a1bd11ef50b976e097f5e65ba2431c7d690cfd
E030,107868,slice_006.png,74873,6e58c07d6f834fcec039a1ad85b3cd70f74e5480c00a9db5b1a8ad3efaa0d4bf
E030,107868,slice_007.png,75744,7dfe28251ce45040f6fcbcd80573d8c93ad71b10548d9546314b27d3ae097b37
E030,107868,slice_008.png,75569,98d81ebc74443b7cd6a991730add95f41c68e7fb96ba3ecec508c7f7a186715f
E030,107868,slice_009.png,75529,c89471088e8b6b1ffa1875449ae96f9ac02f76d515eedcd2be1ef544f826ed0c
E030,107868,slice_010.png,74584,fcf38f086f863c29f591d2846117e627c0b64d37889ab99a0b90afa0b533c354
E030,107868,slice_011.png,74912,27ecd06bae37462abfad07a8aa9dbdc06b1e6db460c2eafb87edefbc11b37a4d
E030,107868,slice_012.png,75869,cbe1bbbb5ef234cbadb7e6a68e45d1d702aa50ab69e5c18b2a051f1fe19a845b
E030,107868,slice_013.png,76103,d34dc18d38a5c16a648124210a1b8568c15a181e69c338aa22948583bedee619
E030,107868,slice_014.png,76419,1afc34dfa2bae4d892123c746a8d1338c7c2c62260e0bb0ebe2d49ef2ea4f208
E030,107868,slice_015.png,75929,9f539d4b42b3d3d932b992bec4f6c14dcf190262db3bc535dbe46137a86ad8b7
E030,107868,slice_016.png,75377,a3f72c9de75ad0054aaa7d02790624e3a06dd1ee2c753bd5e132e31c1f3e8868
E030,107868,slice_017.png,74987,facee3d1f136977f4d77c6490abe5c49d63e7db595b2c863333052484c21249f
E030,107868,slice_018.png,75127,b46add4c6b882818f98e87195711fe8ca9f965e8df4ab6e87fa0a93a6111482a
E030,107868,slice_019.png,75201,d8d9953827fe663fce7b2664b5d7bb67e02df255b57134307acc41f97c81e2e9
E030,107868,slice_020.png,75181,040858991f4aff8acc06461acddb79d5157d0846910017df1c0ffa013906fc61
E030,107868,slice_021.png,74253,426731fe97ab5bb407720f5ac4c1539b51c5eac78c2a13ce01e870be1a090c50
E030,107868,slice_022.png,72931,9e8ca1afba52c215d7b275c9cee75f27af51263922ea40e3fcbe9c4dc8974631
E030,107868,slice_023.png,73897,2bae2db42719bfaa78787906c1045def0135bf9e6e3fce86bdedcd9fbfe2426a
E030,107868,slice_024.png,75369,d1af5e7e2b8b717260e01207f6df606fb98ba7a33be7e0668924b21cee98cff0
E030,107868,slice_025.png,75453,d62ed1628ce80fbe595b12fcef2b4aebbcf91f60580ad427a1cc3b5e99c94ace
E030,107868,slice_026.png,75385,6c1e9fa0b45903258666960ed257a410070d2623df2ced5d8d1d948f2fd0eb77
E030,107868,slice_027.png,74855,67f3f9a9632f7fd4ed4123767fa917a1e1e7f87056758b2fcabac484de3d655a
E030,107868,slice_028.png,74231,dd2b81eab9616b4ef9bc003a4686b82e1b1bd956003f3438bfd41b6d89c691d2
E030,107868,slice_029.png,74643,a41cc1e8f091f610aacbb57f451b6e133f3b28921c52151bdf96c4b39e2c687b
E030,107868,slice_030.png,74781,344f0f17e4f24404c39c7240c170f56804690b9d63be1e7233bf1e07ffd80cb6
E030,107868,slice_031.png,75174,2beb4a2fc0d5ec81b94de48b048ef219fe3cac576525d91f13cba97b0e655247
E030,107868,slice_032.png,74348,4cbed86e9308b3ff57099d1b76ea78942f5c00633f56d2baefb633aee22f986e
E030,107868,slice_033.png,73497,603ef0f6ca19318b61ba4a2adc2d33cad8ffa7f3528cf558fbc8ca75a89449c3
E030,107868,slice_034.png,73751,881fbe939b5e1a8a8194c5a97f5f102f0707cff38670e2a63a5b52067ba8a636
E030,107868,slice_035.png,74550,c96b83f2131efb51d516a18c96df0af69d9600876db465659a92a39e1448cbcd
E030,107868,slice_036.png,76134,f4fed47e1b3d3b6ddeff4a2f53bc89dbcfae484e2eb7c03c8587b14f779ad5d9
E030,107868,slice_037.png,77096,0f72f62e5ee4575b1b88f214296b87a724d835fbffc25f8f9c2e354d7645f296
E030,107868,slice_038.png,76249,c86bee099cdf0f6d2c6c7e0c5198ccb459b1c03affa9748cda95b7bcfbcc1b60
E030,107868,slice_039.png,75329,31d45cce6c8f54253b548903be530e2897e88155472cc5c0d94d6d310de9c743
E030,107868,slice_040.png,75360,eda273c1a8c8dc272c8212fe50b35c6de46fc59747286c507ffa17866fc53022
E030,107868,slice_041.png,75976,12f859a82b0a495f6cd14c41dd9dd0c4b322086d4da4ea28d9ec99757d93e263
E030,107868,slice_042.png,75460,928ba07044769ab3c611e60d7425033031cb0c4950ae08f124b7b6b8463f0fb6
E030,107868,slice_043.png,75234,8bf2a33979f8d7d22f97cd692094870ce3d9b8f7c4544de186fe6c5c72ec2dd4
E030,107868,slice_044.png,75162,53e7fc802f6e805201d4a46a339cf1c585ca5c80f84fa2e4e09a28d24198dbcf
E030,107868,slice_045.png,75498,ac57aaed519664ddc1c47cc8b15a337e3578d2866b80b4dc4875fd0d3a789c0f
E030,107868,slice_046.png,76445,7512d8babd04517f604cad98af6ec23b40063666282d4825e2a661823659dc0d
E030,107868,slice_047.png,77355,e03adc6d192cad1339014b70a6418c76cfdafd14f153f45b7b53a2ff900a0213
E030,107868,slice_048.png,77809,8bfa0601c57f7f653a0732cbc5fa142dd9ea4b6b948488b314243f13d5fb2795
E030,107868,slice_049.png,78359,5aec9ac8f8cc5bc4c814695b8c7d1e2cc75ddbcebd8c26802e8388fb58bb1922
E030,107868,slice_050.png,77790,de44f9899ce5b3e1798a9b321cdc056698dbbdf53831092ed2892cf2d48417f1
E030,107868,slice_051.png,77427,4e9c9aec998fec9c739bea3380ec98304bc4ffff6dd83b1da7e91c7c3a1421a1
E030,107868,slice_052.png,77656,35fa4a3e78ac3e1111c5745f0fc2e5080ad3bb15b4c435e3b23b3f98e34eea63
E030,107868,slice_053.png,79721,2dd892b8e020ca202cc2e8d50ffd3638afef5df28dcb698b3f84d12a00048bc2
E030,107868,slice_054.png,81020,daab54d232d7ef1e034dd980c4fd06a24f3c87c2962bd316ae5f137b08a9723e
E030,107868,slice_055.png,82067,fcb768ab103cdf514e7369431f188d8f9405869ea28e12d2b3ac4becf8ca4e5d
E030,107868,slice_056.png,82131,32bac5657390bd698bc28ad5cf57d534a251089aaa1f6c8ecb99365aed61a938
E030,107868,slice_057.png,81843,abe827af67ffcff1a89e91e834041146419aed2d6db445c6f43291c13c6ebade
E030,107868,slice_058.png,82273,2c59083ba0900c2a8bcbab34199fdf35ddba8e905c0ebfd6d764150838c0ab45
E030,107868,slice_059.png,83081,4b7757d9849210774a45e4c9a10b4c999278f11c5a8d0318e7a6813d4a8aa1f1
E030,107868,slice_060.png,84322,8c9fab6744bbeef0ce362a352679f89e350a746b839bef4d925fdb74084ec0bb
E030,107868,slice_061.png,85280,45fc2d657c1d4eb7474ccd229d813294ad78430e6be608145e28c7de143581b2
E030,107868,slice_062.png,85850,ba21ec1c06870262e212369fe1c33555d128343b0e902595bdfae2975a137d32
E030,107868,slice_063.png,85481,ae2bb1e827ac5f284080f4fb5f4cb417dbd484a1c2acb0fe6b761e21a790254b
E031,122575,slice_000.png,79379,4ac09830d8b1afe94538722791553e8e6e57360acd1cb3060096ab0063a6688c
E031,122575,slice_001.png,79210,cff9b6218ecdf4f012ef34c5a8f1c91ec56126afe3a46142c78065e6bcc145fb
E031,122575,slice_002.png,78483,0b517b0dd6f4c867049ce02d77061e093bd4cc6dfd6b4a1a9ac01c7388d66480
E031,122575,slice_003.png,77341,1f675f1dfa892aee3cdb2d891b1ca2904239745c31d556c701cac2030b989a12
E031,122575,slice_004.png,77581,5799abb3ede90fd81daa44a43406911b879c83230c482171ed7f8047e8a0a8be
E031,122575,slice_005.png,77295,50288e7311ca5cc833ce025cfa2837592a1b4a6bf83b26d963f2de4d5ae13af5
E031,122575,slice_006.png,77233,64e4099f132555b98f4b251e92e0b248c04200c94b17ebfe057a5bba23ad99da
E031,122575,slice_007.png,76799,35d9f208ee19746e1bf7b74754c2a4558ccb57b8de665733b87709884a04d50b
E031,122575,slice_008.png,76585,8bb7881eb6393e5e51143d65029edf6b86ae93528a5fbbe50fbea1fabc654a32
E031,122575,slice_009.png,75176,7b5ed4ff4d4b091b0e006fb4180a3ecc036a6afc23adffc0e212258d04ce2796
E031,122575,slice_010.png,72999,54ccd6c04d8d579e34c105da9c34500d4fd008f3234e18fd009b21cdc0538773
E031,122575,slice_011.png,72671,1a6aabbd29b3cb33c831ac14244b08a3806e614fe9a50cda3e6ab223d003ced1
E031,122575,slice_012.png,72536,d26e4299f292e972ba67fb1e0e2befb3e49d9c6cdc6c109d0250a4c3a44dd2a5
E031,122575,slice_013.png,72836,f1969efaf46598b081e05d6470d52cae9bb27c72ec6e4f3e2640877d21042ae6
E031,122575,slice_014.png,72652,a20ab4d3efb0ae8745c180c5c67c2f046727a7adc8343b551828ccfbb62e47a6
E031,122575,slice_015.png,72654,d833a8d267f604b2587b60ba3e0c024b2dc08e7c5ae4655f5d78dfc6488db513
E031,122575,slice_016.png,72725,e8039bd26a05ed70fc394e9c6b431ebeb7de9c2a7b6462c0e3df78755bf43901
E031,122575,slice_017.png,72326,80831d256001a98a2c98308f9e8e7993bf2a1848ce1554736d5e1ce595e360d9
E031,122575,slice_018.png,71704,a181410b08987f0f3e1ade2bfcf8a3520c9602cded537be18e913732904e5b8a
E031,122575,slice_019.png,72439,fc308bcd450bf02c892a841bd325484291dcb3a57d50307c9a01975937237ba1
E031,122575,slice_020.png,72470,0f5d0e98ec4b606f821ce9d236199289c86947584816f7aba4d6687bcb3b4537
E031,122575,slice_021.png,72982,e67d77f224638f4c0801efd83ca2d3fbde99009bf144bb1766c136c950f02876
E031,122575,slice_022.png,73200,29b4a76cdcddb68c584625b93c27d17162682ae6540554b16e390a0727aeb0eb
E031,122575,slice_023.png,72780,f2b3b8d7ac8f8d08f412eea0396716998789c667d67f5e1674f98976c2403ab6
E031,122575,slice_024.png,72971,28cddcd761de07033ca3a4ae8253f8463e31d9358a47172fc9e6459983af9d49
E031,122575,slice_025.png,72151,a8e5bec70d8c0266487a21df22b34a46ef251557b631b5b89e9d97bf87a2402b
E031,122575,slice_026.png,71973,6aeb719fc17984d986d778980cce8272ec7d60c80332f9953b453d882583409f
E031,122575,slice_027.png,72414,30d6963653f4a6189a2e93afb4d619699b3a855017df5194ce7cfcf2daf1c295
E031,122575,slice_028.png,71897,5f14ab80ac9173dfb82491b9525fafe1dea86478c03602fcbb0ca282442e74a5
E031,122575,slice_029.png,71900,bd3c3de820b228c5083d05cca63e1ca48ff2700b43773dff008df35f85b15f57
E031,122575,slice_030.png,72510,26b61a1b91435c81ec37add170e7f2fca3d16591c039d61b717b394679bdaccc
E031,122575,slice_031.png,72905,91a6b7415648fefcbd5ab5745ddeec1d2d28965c38c557b1e4d21e7662de28c0
E031,122575,slice_032.png,73844,48d7e038eebd51fcf140c99c873df84856d26fc3f5d35bd4fb4aad832856fb80
E031,122575,slice_033.png,74501,0d84a8f3ad5a16bf44fcbf09fcce8899c8eec61671ecbbb18493640334840cef
E031,122575,slice_034.png,74487,ea35ca0021c8754171fb706679dcbe00bc4e548eb77c286859fa0b205e1bddb9
E031,122575,slice_035.png,75893,f201164e37bb4c91a7776a1f72177c8f629414a248628890d3b72d10a90c2592
E031,122575,slice_036.png,76397,614d3f562e034fbb8f31b6e1940488d0a31d717e60384c39ae931be7b0314de3
E031,122575,slice_037.png,76976,0134af8d405497527797d33905a5d9af39ea28e85c0d6700f748d796ff443b2b
E031,122575,slice_038.png,78479,553e45438d48950114bc56af674c91e63c042520c9dcd0b48cdc03f617132b9f
E031,122575,slice_039.png,80011,ed5ce66903e5e814cb7e4ae7f34fff31c1dd32bfec14a16366acc7871424d129
E031,122575,slice_040.png,82121,8159cadc3fb3ecae5f428f6f25c3e9546f0d33dce61f0c9a06e04499a68d4db1
E031,122575,slice_041.png,82908,9c4794803132ba645662727033aaefb87bb8eea8e876b9358e7f2de1d103515d
E031,122575,slice_042.png,84759,7de2b66d51f466ceadfc08b3757fcb45319e124963ac2104ce0370019ff1e64f
E031,122575,slice_043.png,86792,f2f1ba6adb98a3033d2172d33d737b4a64091374fa12dae6f8183c71300313fd
E032,111803,slice_000.png,98755,a7c67cf9903e6a604b5b1b2e77b2f1101bdcd6b0abfa8ebadcda2b483b818c8d
E032,111803,slice_001.png,99013,b23b6f97ea0b657f494d8b1fe10907e029a70f84d39d8b1abfcc79e6d58266d2
E032,111803,slice_002.png,99309,9ef003b5e4f02bf88cb79e6cc2531953a30370025a810cf1f9e2e37c556469e9
E032,111803,slice_003.png,101826,2205e6f5f75b0e9613a00170582ebdbb44b5c5e20ff4c8559160f1d6b6248c95
E032,111803,slice_004.png,102709,e5a70ad14057a1467f1abbd49156021a0a2da62e3185da728db936dfc02719f9
E032,111803,slice_005.png,100724,c91260d47def99baf037c4de9dde57d0e519f0b3b47ee68738c46ab65dc9e0a8
E032,111803,slice_006.png,100606,9f96e9303d0506e29680fd3cff102e440ae89a980098c2f64a87f345f4038679
E032,111803,slice_007.png,101681,633330a2172b7cb8fb2a9ca13f73696975dd5525df9d93e0209b65fb7f308c97
E032,111803,slice_008.png,101958,ade8bd1a46cd2416dfb11fe874b72ff3de12079736543faca190dcb011983812
E032,111803,slice_009.png,98941,4a8385b04a01eae5f0c0511fe86b58a4fdfe29f929b1c3ee0430b7d1ba3ea335
E032,111803,slice_010.png,98935,5b8244f7e72c4de60311556471143a9ccdfb893187428e1e22537281b8a7b5ae
E032,111803,slice_011.png,101065,aeae5bb6b22d2f4ab23d70ee000c138a1f829b650a54236c46fc203b26491dfa
E032,111803,slice_012.png,100302,a630a3036816c118a899b876d81520f663b952e463f5d00be0a1743368432438
E032,111803,slice_013.png,98744,e713818e867635583e90a48ffd172fcd2104ea406f8678c29ff7a64c98939d5c
E032,111803,slice_014.png,98790,c3b1f881c7abd4a7cbc4515b8ece3b271a6f90e800ecf102fd08006140603b76
E032,111803,slice_015.png,99051,005e1942df0c0fd947cd7db499850a229b5102b90abfb47954a86c24f7d9c44e
E032,111803,slice_016.png,98643,4e59a250193360db009440e2642b6415eb5764ef87efcd76c394f7706535f850
E032,111803,slice_017.png,97016,59541cb415ee34c22cd2fc28fb1bbe6fb9102d91e41af728f796ec81a3e81407
E032,111803,slice_018.png,95903,aff63654401e221a1f352c4fb746a4702c62522d34240491b5905592d814eb87
E032,111803,slice_019.png,96539,078e3262cc01c4ccfed8120cd93dbc59b21ee9c3cc54c63f10d8fa5d678b0640
E032,111803,slice_020.png,96650,c887f624d587849287c47a277f856d21fa50a95f268c2a5b94b4bcabc7d5a56a
E032,111803,slice_021.png,95816,fcbfc931acd6dd776f892147d3386cf6bc9f50feab1c87dfdbcbe15246d33b7c
E032,111803,slice_022.png,95536,bf2ad01f43bda98f7a2c5a62434605429d09af7c53a9b61c0c1ecf10b58054f8
E032,111803,slice_023.png,96824,973783785ae4714293eb6ef563302b894349aa41e00a55620abcafe5f98d185e
E032,111803,slice_024.png,97518,fbe5badd05cb1818560cd4a0caff62b506d052eff7972da380b0b17eb9182767
E032,111803,slice_025.png,95480,8c0805e9b1fe19d288f78416aa79208ef616fc2f8629f542b916391b4e33f0b6
E032,111803,slice_026.png,94982,70aa132a4de40eaf11f868864b083a4eae345115fe5ea293bc65cdccd3dcf615
E032,111803,slice_027.png,95789,c9f81d2c31b63b70e17cebf8caaf272a5b290c109bdf66bf3b712385ed5fb08a
E032,111803,slice_028.png,94940,7a1a26e75149af3a99f82dce74eee88acacb604a922f4df8840438612cae147c
E032,111803,slice_029.png,92912,1aff9c07aded77455667327d068aa420986400237100dfbfe3153212f2616acc
E032,111803,slice_030.png,93460,87930886189598a999c014d5ed7e3e2cc1939c6a43d6036fd6396375f0bd2c8b
E032,111803,slice_031.png,94695,bf9181097265cf188b66bf715a12bc24d4cc3c1993724f224f167e614f8ed1dd
E032,111803,slice_032.png,94560,c149bef7134b82b5d25353e7664e20cfca91f9a9de157d55a54090cf406476d8
E032,111803,slice_033.png,96226,83eeb9aaf5ab4110dea111e076cffa0cde1e8336af4ee252714fb8cfa5f0c5dd
E032,111803,slice_034.png,96416,30b960d18fbb21d1c4f57800adb28205b3679d8654b4b37db668d8ddc2ad5ea9
E032,111803,slice_035.png,97148,1d7803c033780a54dfbad11e4491a3e04aaf0b0912a255bc79592c3369692e54
E032,111803,slice_036.png,98033,6b8cb4298f2434aae354c3bc8be885da5d3805c7f2815c2525c8052a3a032930
E032,111803,slice_037.png,96251,10eb65abfa374bbf5a7d6a654d1095a092a56550b40511b29bd3a0ba799e1e75
E032,111803,slice_038.png,95386,93603f8b314a5b37c25856c63c5e5ef5a89402130f980ce020bf0074d4ef5cda
E032,111803,slice_039.png,96358,315bff1b7bc336ea5e9f0fcfcc1167976aa9c0c05826c0538adf93e71a9f2870
E032,111803,slice_040.png,95144,ee20cea47ce4466c118dc4d72156300ca591247c7af43692bbd5b308a7742f5f
E032,111803,slice_041.png,92586,98063bf3c3f321991001394f5c8a55eb51e0be2dcc57d7000da1dff459f29bb9
E032,111803,slice_042.png,94050,aa96376e608714f91f627d2ffc64f93b44130b1b88caa44f4e5d7b0e6aff5c7c
E032,111803,slice_043.png,96299,311fa33af4b106e36fa0c57f2ad295890e1da1405715cccf2379f8dd13e727dd
E032,111803,slice_044.png,96739,3e4b0f95b96d715d396fb4432c28feb4f6a35730fe3c074d3181b24a1543474e
E032,111803,slice_045.png,93301,c86ff8d6f73ba674f58dc254207e703078b14e08626be462b4f44fde75c7df33
E032,111803,slice_046.png,94064,385ad39272e016d3304195e7d6c23d6c9530f69bf0d227f9790834d3eacf174b
E032,111803,slice_047.png,96002,9765b30c382273fe9402898127c93d5350ae32d41d9b6f9523697cab425bc816
E032,111803,slice_048.png,95262,cb31a8fd862cc049c7ae626f9c5dc201240cc1f4d16159b4ab33e25160e446bf
E032,111803,slice_049.png,94959,e6250dfd77217545d6663b381f6bd9c2d68fe36870e464a363b2526e9602aff2
E032,111803,slice_050.png,94951,ddf23b47aafe826bd5c7102f6c00312a9cccf1a3595fdc15c9433e5db6906fdc
E032,111803,slice_051.png,95417,5f5f627ab44e7f987d6b84cfdbdd4ec9d6ce9a8eb8b40a5f67bd3590f54359ba
E032,111803,slice_052.png,97330,323ec6c08a4b9faebed2909d3a2950514c84ae65ba35f7742a152ca7f1adc122
E032,111803,slice_053.png,95987,044ee2fd7e634dc6765d691c227705be4eb24c2a77553bbbfd336e13368da962
E032,111803,slice_054.png,95225,95abf13124a741a70cf730584d1d756124d3034a07d337d4e4dbdc6812ae269b
E032,111803,slice_055.png,97561,b8a60d002f4b834cad32817ad91a702241430e8ad96d0ac5180e24bb9636f092
E032,111803,slice_056.png,97981,3f2c534f5e49d34382d28f0af023bcb05564aeb34731d75a59445254e088014b
E032,111803,slice_057.png,96809,70eb111dfe7deedf8de4fc289b0de2dba60aef1b3d1c5f7d310bfdbeb2d86103
E032,111803,slice_058.png,96887,abe64414205f7bd231fae950a84bdd8953ea1b450551d0512acad0c3715c2f83
E032,111803,slice_059.png,98260,96711c64cf4a0a59260bd2a57e9e6f9e715459023fc85411ae0db576aa0d86b9
E032,111803,slice_060.png,98730,df4594f62ecdf8e15db4bbe250bdd0b348d9c156ec7a9cb5ef4f19c254b495aa
E032,111803,slice_061.png,97867,070cf9b182ae37075b663399d1a510332a791fd87301c39b12c7647ec5451f8c
E032,111803,slice_062.png,99543,a318bdbab6ca401a641540529f16b09cb03b89dd60db41b447ca59307ae3d270
E032,111803,slice_063.png,102254,a401f520c37be7cab8e49d742c3aa36f13f2dd08eb60f24148875c0232b1cfbe
E032,111803,slice_064.png,101515,55238b8d3410a410d79f246719717f9ac818d6ad16e83cc987d671645e1677c2
E032,111803,slice_065.png,102494,456fa0925a3c6f942d257eb9d6369f407ade7f68be0e20a3fa76e6281b9f6ed9
E032,111803,slice_066.png,103582,11e4a6c4a29b56c06a59f14b55cc1eaf9b1c7749891d4a88610835067dcff2ea
E032,111803,slice_067.png,104793,09fe0e18ed814e2d43195a716587d0b42019beb21e13a2564f79d1e09226a1c1
E032,111803,slice_068.png,107055,6f069b95f3a6f1bbd1a7e7cd03daf7f69998b0702498ab6e4ed65c80813e2cc3
E032,111803,slice_069.png,106306,4419a3e3da5b9ce5c1eddd1c1c6909611cb68e4734057c8de17728bdccc95755
E033,115992,slice_000.png,80582,581c068bc8e0f52cc345ebfd7268b3ece3ab5f3c2d0bcf05c13d1a87ecedceb8
E033,115992,slice_001.png,77130,2914f31a96d49fb63d67821b913fbe8d43631def6ae16ff27657e4ced7441d45
E033,115992,slice_002.png,75230,fa7cfc2be1f23083d42b528fdbe326d55ca8f7d8fb61bc599640666be94f9d7e
E033,115992,slice_003.png,74720,0980c690b3ef5037341e0875e9c5e8e9693e9151789c7052abcba0d63e750dab
E033,115992,slice_004.png,73083,6ec902c46a8666447e2ec4b710909461fc6027a3b74399c57cc1866b4f142d66
E033,115992,slice_005.png,70725,39798d89af95ddef6a8e59340b62da446cc48d58f78729579a6e49d0e70ab374
E033,115992,slice_006.png,69078,06601075afd3933453ac8fb1b8170f4a645daf777a65be9d38df2ab452538a74
E033,115992,slice_007.png,68725,97f51c262c7a3009205473c32d2bf9433bc047dc62ba3d4c16feba6f2af322ba
E033,115992,slice_008.png,70008,9f45c6557f3512ff33df979d3c22246a80563e12d153e5033f8727cd79aa3ae7
E033,115992,slice_009.png,69336,711a8c37068ab3eedd6bfd0f5703fd725255ce01f6bd74f481512ddaba2913e2
E033,115992,slice_010.png,68715,2af20b324be3e563136c0e184b9426b84b604c7f616200c409edc8af392be44f
E033,115992,slice_011.png,70192,6b46b36625eaa1a49f460b5f5a01ce667fb9d8b8ea0aaf8afb6fe69205325ed7
E033,115992,slice_012.png,69754,ca171e9f821077c7692f89e4b47ba9f4a33648cf23ddc0433a4f47fb9e164f84
E033,115992,slice_013.png,68351,faea2592b77f2b0fa04739b75ab3ccab2cd8ebb840bc88ba4cf0d77700993c84
E033,115992,slice_014.png,69006,9d4e738f21a795e1339e627b20ba4bd5715266731b7131b41dd8d79ff3673f4c
E033,115992,slice_015.png,70635,bd35524debf24858f3dcf1d804c24865856b89d5f2db25c0e0ef457d5b74ab3d
E033,115992,slice_016.png,70758,ecbddd12ca28b645a720ae04b66d180fa5217ed05e709008b655b39f65ab05f2
E033,115992,slice_017.png,69630,c39f280954dca442d059a22ac274c462e126b2027069bb909405132faee456e6
E033,115992,slice_018.png,70058,e0c4643981b240764f7e91330f11b45dd1624fa41ac34839476adb2618de189f
E033,115992,slice_019.png,72255,ba528afb906b894eaa2422e2253ce989c5b4128fe0c85b91ef6b4a207ad118a1
E033,115992,slice_020.png,72528,e330347e9e3ae3c22ef5fb6cd66025be5df896972733acceb77cf70f6ba44e95
E033,115992,slice_021.png,71392,9c385fbb7035ad17dc274717adaaf85789c24271363127598cc10559007cbbf2
E033,115992,slice_022.png,71391,3039610338f23061c3ed139f7483a7d1131990b900ebf3a3b562ea07d4c5905d
E033,115992,slice_023.png,72404,22b5773c237832d0fb40cb7dc6d777833da00187b64f41c3ddd0fdaa34962bae
E033,115992,slice_024.png,71831,d37d814f5f757479e19ebfb738e8008029ed38e5691b3b32004a16c24bdea05a
E033,115992,slice_025.png,70444,60272cc6bf6aca9ee5082bca73f48331c6d6fd46a8bd8e3f04e6de8a2fca8da2
E033,115992,slice_026.png,70789,05a345a3ca0825331e0ab90ac5c9a592b2d84fef257a0bd50f9905f181d8340f
E033,115992,slice_027.png,71907,46128e59ad52aa71d719d1e4de49ebe5e751ff73506001d248d7430e9684ffac
E033,115992,slice_028.png,72331,0072b8e1d52ca94cb1deec53e62550595366b73262060c10871c4debad28908d
E033,115992,slice_029.png,71415,8e3908ee55fcfc441b7d34e5d13f91cdad7e46700f930cfdf3af07a59b5ecc42
E033,115992,slice_030.png,71420,bdce0e525ab83b1de0036e6e0c460b4e88c7851eca770bef48e4ada02f7ee016
E033,115992,slice_031.png,71825,2382d9c8cf8b462c74194e138d1050e57eeb8e1392cba8b7f1a0e0ad600faf4f
E033,115992,slice_032.png,72343,b9d3512ffb38f5a6126558ef17f428bb8d85d29ffb181f3852f16771aa5fb719
E033,115992,slice_033.png,71494,7dec61898c6ce70098ec14de3b73d45c19db38ae21eb087c4e7c9abb12bbdeab
E033,115992,slice_034.png,70741,3a020390a47f7201dd7f0d46ea455fb66e4388d482dcebf3731943b94b23a5e9
E033,115992,slice_035.png,71237,43b5d3b5337fecf3ea50224837d6678531ff30dcd0d54098e46f4fc9ed98f434
E033,115992,slice_036.png,71199,1e6fb0f5829a2de7f8d7e1a73230f6a36bd6af2fe50941a23201b2499b874248
E033,115992,slice_037.png,70287,0feee0a9d12e60cf7030efa4f4bc062cc8b4d0be95411546067589dbf60b1c53
E033,115992,slice_038.png,70701,1002ada31f5c9c8b26cf3b105474131ab62c80175aeee91384869b5ee23053a0
E033,115992,slice_039.png,71898,b47ba7b9aec86328af2dd0293bf3ece01d5fc5ef3023f04f887b72c8bc2d39f3
E033,115992,slice_040.png,71335,cc8023fe8e7c2b907e3b919760accf9d34cd24f9606757c2e68b5d08731140ea
E033,115992,slice_041.png,70488,9fd5ed15d7f51645787885e14c30f15662dc681fb126582896283f3d8d764728
E033,115992,slice_042.png,70556,dd0715eedc504704b764ee0ce6e4b3c67e4ae11c0e5d7c651f4ac89b0e2f4cfa
E033,115992,slice_043.png,73118,913fd5e7f028e70b72d84b1a1fd110d4093dff57b9e37904658be86c6cec198c
E033,115992,slice_044.png,73732,1081df476637e0a166ad93f42a24cac8203467c44c69dbf7691765fb9a78146c
E033,115992,slice_045.png,72069,a373e090288056254b954ca9388ba4aed3b343d90e878a8e3f447260cc3b82b1
E033,115992,slice_046.png,72087,77accac3cf0fa2faac08909840080a9c9356cd8fe1b01bf99879bce0dc4e0368
E033,115992,slice_047.png,72257,366d5b1267c4f19e294f750358afaf25cb30e8e8791a605885c17b8011c73c17
E033,115992,slice_048.png,72217,99507324402949197c1b7a824335c7daa758bf52bc3e3827eddee491f8b572e2
E033,115992,slice_049.png,71192,cd654d13b3b2112c90a6ffb132354dfe87d3360050e5a28fe1194ead06d08fdb
E033,115992,slice_050.png,71405,6dc194bce3c4f3295f1bd964e20f58eacf110adc365ee1cc969c309c9967a6e6
E033,115992,slice_051.png,72926,ac9f7dcf9dc06cae2608624e992539bde9d889a3ab592ca1bc85114a9844324e
E033,115992,slice_052.png,72942,9dc2ca45159bada7f95ef3895db7bb29030598c9bd493b16cfe14bbe47b1c933
E033,115992,slice_053.png,72455,9f1176244f2af01d5ad9bf22e562f2ec44b12a65f730236597043e29a7b9a2d8
E033,115992,slice_054.png,72933,ae372553aae0f513139faf2e99a7984491cd0b17538891e7bd2aa164b1648a56
E033,115992,slice_055.png,74010,70fb8d0cc657dc97cf43865818dbe7eb8f2be81f73815db9d17c1f5244b240ed
E033,115992,slice_056.png,73945,ccbe934c4c232ddc00e3947633cde719ea02104a2d668bf5ae4b520677fc32e0
E033,115992,slice_057.png,73378,a87648e26e5c30e58e1c5446710a1a2fffc7a0507e3028eda45102fffe99c4b4
E033,115992,slice_058.png,73123,efb4c95eb22fe2277c697d28e7519eb014606a8b653506627bdb6aaad2801ba8
E033,115992,slice_059.png,75610,ee5720b330677f8bbab7ca77ea25bd5b45dee8ad4ca3f67903a11a05aefd034b
E033,115992,slice_060.png,75914,7db05e6fb9741ea381fc84f916bbf6aef143c3ff450a3c0b4e4813e182f294d9
E033,115992,slice_061.png,75512,c3678cba385eb87e2e7093002be3c376823458ff439697bd20fb5374b5aa690e
E033,115992,slice_062.png,76274,ed13ae035ce583f95bfb2fdf30ad60b68eb12e66f3274d907e5781e65815018f
E033,115992,slice_063.png,77752,6ca388e568ada48f038ca98dfcc5e2fe2873c5c0a1b2afec4da36c2795466b4f
E033,115992,slice_064.png,79264,3964d917bc79f601e276c3e33f084cd483674aa89aef6eee05776c2d4ed2bdfe
E033,115992,slice_065.png,78310,89783195fc738547ab6df4b7b80e3cde7bef7f434ddc93bf4e5ae2fd80b0493e
E033,115992,slice_066.png,78640,09d5afce2f7f5ed37cc9b703f1a382f4ad248ec9b39fe6539c57ad4a8fdb23af
E033,115992,slice_067.png,80351,cab9500d5a47e37c312847a7c1e317d1bc70c499852c3163baebc58f9a29114a
E033,115992,slice_068.png,82253,c36039ddf82e69887945a6736604749b12843a53289bd8bad89ef57b59416544
E033,115992,slice_069.png,81213,69cb2dd5dc0a96ad9a1a138beb5895a987774d8b89424796af8049ab3f8980df
E033,115992,slice_070.png,81298,96c0550cdceff278cd467ec9098329376855f3c55755b9ab2b0691913e1187d3
E033,115992,slice_071.png,83467,8827a05877e18dae80e270662036baaf079ce0e0ffa956fa13c3b9a73ddc803c
E033,115992,slice_072.png,84524,35b3e61cd991e2f8744e98b216c7bb32faee6a70c2fd387d62197ab92af5b8e5
E033,115992,slice_073.png,87204,cce06d4dfdfb0f1fbfc184d17a586b1b283d04a00f0bef596b0bbc2e6109b581
E034,209249,slice_000.png,82093,37c834b61911e184d3aa03978e104e8b3d6fd87539cc62d4aee21fdf6fddc10c
E034,209249,slice_001.png,78847,4c000568e6c6a6b717513079cb00b19f96605fd00188c78fd2b865d97d541143
E034,209249,slice_002.png,76629,8c7dfe625cc6b7e1fc8eb3fb98f06971589fc0601c4ae892a18451da069a9f19
E034,209249,slice_003.png,73652,fbf66341150faaeade7f14638699d9d58725ba533abe57e4831065ad8af0eee1
E034,209249,slice_004.png,71128,7cd5e2e32d444b0b98877512a0eb56f73b42e7b4796abb4e5db3859d6d895db7
E034,209249,slice_005.png,68104,5b6944f2bd5e5e8cd0d0748f4cce91303ed2b83684f203cac59cb4bdce47c175
E034,209249,slice_006.png,66258,85dacb76f4633f753b5f394fc450a94dc75bb3d61c8428b78928dcdedb24b0d3
E034,209249,slice_007.png,64504,a3e1ca1ce7a777b8f459d417980a2f6b2c91f4ff5151a12c08e48f4dcc62019b
E034,209249,slice_008.png,62569,9c7f53cf16d6115df8b289607d3a6105e25ab91a9ea784747541cb274053aab1
E034,209249,slice_009.png,60824,d4e4f0f7a81d43c192360c2a0affa708bf83add1d446d6d0baf1ffed9dce70bd
E034,209249,slice_010.png,60255,ea63eea67f934e3011cad099d35290d9d22cd485dea1a8add542dedecc635c03
E034,209249,slice_011.png,59656,68aecf8b2d9d193c80600560c8c058c738834626f95a00eabbe31cb4d0dad813
E034,209249,slice_012.png,60669,2a956e7940f8e06f5b85346f4e25e1ca0a123c76d6d25a866ca8fd847340334b
E034,209249,slice_013.png,61365,daa5020874e8903c164d5cae2640f0b95463471e46890d04faac4dc4b1b15d30
E034,209249,slice_014.png,61476,944ffda08f763c9f2aa2f686ffad2a98aa76c9f44d91db551902620d7bd32014
E034,209249,slice_015.png,61544,f03a9189d1a41e86404b06ccb00ad65a415d8625b369e17bb8fc3c69b1f293c3
E034,209249,slice_016.png,61574,6c5940c1108f13c705cffc775534193588ae9569ca250a477224d38a3d5a739c
E034,209249,slice_017.png,61653,fb7e38fb04536e6853647470bfea49611c9ef6af7ba86f1c4f2a8e767bbfa3bb
E034,209249,slice_018.png,60840,25cf900a1d45e5158ccce073dab480a4fc5db5ba090313c633ee66d33f4089e8
E034,209249,slice_019.png,60161,61658901d6d0bcd3dda29d51ea937d81a6eb650848b2df5a220def2e07277144
E034,209249,slice_020.png,60455,09cf3030abb816aa8203c26406e454fda2413c3df8ce4641952dd06460072172
E034,209249,slice_021.png,61229,d790f4f865812baf2090303875a14b490fcbb0f0fbb04c3d5a8425ab3c02d2d1
E034,209249,slice_022.png,60905,38a1db5bb13bdf7526d85f4abeac38faaebe7a9072df1df9cacabe588e07b9e7
E034,209249,slice_023.png,61977,8e371cba01e37af0aa35250ecf07d64ee41779f24dcf0e470bc4488442148e46
E034,209249,slice_024.png,61974,5cddad30aefc862ba55f17af4bf2d309d243241806952a50cc21a0805d499871
E034,209249,slice_025.png,61653,69b3ab2f8f49ba1fa52c22b4361a499f9d663d24289752ee3c41bbe2d5b49c07
E034,209249,slice_026.png,62203,3f1523412210709bbfbe513764f9d341899844c9fc0589af604711f38864941f
E034,209249,slice_027.png,62183,a7aa653bdc1bc31dfdb6f785f4ab1cbbd6fb6f894d9cb8d0aaac9090dd4ab855
E034,209249,slice_028.png,61102,0468ff6b6e05740fc4a7a422fa2e27c3bda9205c4834956965128e49a8e1794d
E034,209249,slice_029.png,60418,f8c832e0cfd56f396bd26530b03caa3e898cf598fec01782f081d2c3e82e4088
E034,209249,slice_030.png,60340,65079a58b40133e6fcc3aaa0274a02d2f09fc7007aa97f95422f4b606870cf96
E034,209249,slice_031.png,59870,0ac570ad446ceaf8928d46c5d62c3b429858da5d45b234d1552099f0f977da09
E034,209249,slice_032.png,59401,613a103d98bc355af036c79530c902064d991b6c4968d5cab97f400cff6cd4c3
E034,209249,slice_033.png,59452,93babaac0f2f44246acbe75064b5a6b364d87c389fc82ebc4192cf41e0649d3d
E034,209249,slice_034.png,59884,d81cf5cf8c2d15ab362e6aa0940f9ed4ef1ae4477db8a14d443c8268b534e322
E034,209249,slice_035.png,60638,e2cd41496877172b1edaa98072f7f52a5555a6b60893f52c2ab7db808dba5db1
E034,209249,slice_036.png,60905,d1ed0551626357c4878c2c39bb0fadc759d87a05481c9164c845682f2363b681
E034,209249,slice_037.png,60648,e6fd88b087cfc1fd98602579cf27ccbc8aad2e236b44614f49ee675628738219
E034,209249,slice_038.png,60761,257663eb0fb0843cff728b01e7ae5f15fcd7ab21961d34a48d4907e5b7156bd5
E034,209249,slice_039.png,60714,5703597161ae68bc5a9ad099e9e8e3a47dfbd846982def9917fc8db6709b6aa6
E034,209249,slice_040.png,60756,facedc21a6a2d0fc44ca5ec1d66cf3b33c95ef77a75cf0513ea7ad5f76f0f588
E034,209249,slice_041.png,60816,8efd684dd259fa02688f88453ae3b8ac39c28d500609889f95375d6f9ba80b05
E034,209249,slice_042.png,60770,af81187a235e91decaad9cc2173ec5633194107b80da3b97d8e88f8fa84b6527
E034,209249,slice_043.png,61514,bb2dd720dcd6e5aebecd0bd6bb457cffb8534cb03b4b9deffc3bb15ed1454fe3
E034,209249,slice_044.png,61500,ca237f3d851d529a13c642413ae67d784a6e58939908f504532f4c6d008f6ea7
E034,209249,slice_045.png,61341,b74bd882ba6b229e7a5917b66a0f17911ca2fc547586d6046d15132652949de1
E034,209249,slice_046.png,61566,233847a6bb7b96a8549063f786bb7dcb5e13dfc2b85367ffaa66ae62a77a8c4f
E034,209249,slice_047.png,61779,6811b8d8be1588b3beb3eb5be42d4fb960438e532245e7a5a53427f705ef8fa0
E034,209249,slice_048.png,62062,0452fc025c7bcdf565a394efd6ea57ab312bd1af2cf06cce6dcb033b35de0ab7
E034,209249,slice_049.png,62469,da1a1cbfcb83bb9d428070d56dd6f0318633e0a24fd9482b61c5ef8a62332e3d
E034,209249,slice_050.png,62486,c702f4fb4f09308f2e1af73feb6edeb5d64f978e0a545f508b49de9fdfbc55df
E034,209249,slice_051.png,62408,0777840964a6360c67e28eb530dc97fa5a1eb61429df70c77abcc952459cd156
E034,209249,slice_052.png,62985,cba149d672b765de1b4c490a5f4940b374b7367e37d60c82929a495b2c73097b
E034,209249,slice_053.png,63304,f85be3a71ed12a3ea9ddff98f91e47133bdd4c5f530cb8c57fcd9a4ef0730407
E034,209249,slice_054.png,63392,abcec7938ad4dccae43f4ba02fba536a73294207e17d2016fd44a6cf569c59c4
E034,209249,slice_055.png,63174,fc591903c5d1f6a43c5ed78f1ae74dcbe15772ea71c03784e92d6d70bf7a77b8
E034,209249,slice_056.png,63157,845f53136a316d36434aa96b14b5eb9e13f0391dfe8a756717f00518b194ff3b
E034,209249,slice_057.png,63651,0b1722597bf79f3c700e06673ff66492fc7c7e0ff638fbfa6b7c9751530d01c2
E034,209249,slice_058.png,64094,19b02e63d86bde4878adca6e1330186ae51afe9151320fb4b365fb4ae561287a
E034,209249,slice_059.png,64036,ab8c4ce18929afd326112098f80703b530bf16a75291266a166855f2217c04db
E034,209249,slice_060.png,64387,2b16830993d8f4939f6ec7b0b6db1b38d31370a923fb3bdb9dc279179746d95d
E034,209249,slice_061.png,64667,69bb49397573b82c7db39360c56da2c90a91d6a0e3270417252f9a86b98c0770
E034,209249,slice_062.png,65021,2780ad49616516c73622d9734bee24e3fcd9f46fddd6c79528dcb246529d38e4
E034,209249,slice_063.png,64620,14e379266fb02d55b4d16517e6bc08dd7dcb5f886458c02fa320b91fa5f919e0
E034,209249,slice_064.png,64587,510d5d78a32340fa3269d3b9a988cfd378a390af215ebfadee351ca805af1d89
E034,209249,slice_065.png,65271,4ecdc07ce613f25f3862fd7694d40047495fa8bc88ec03514e82986d1ab0114a
E034,209249,slice_066.png,65889,c5bf734af4a8df0f6adeb144525a42743861c929349906baee53dde7a24bc72e
E034,209249,slice_067.png,66272,7394952f1ce88080cf28f33e0f01743d8c0467d0520d8dac66a69cc2857d7c92
E034,209249,slice_068.png,66631,90f8452493ae0e245280a1ae542da150cede5cab493d052ccb02b2f5a4fd83b9
E034,209249,slice_069.png,67376,93fe2e8b4a4fa50c869654d44d25e914e0ac0d7164709e52e653901091ad4df7
E034,209249,slice_070.png,67441,cdbdb74d6df9b2239f2b6cc1a7b11c35e1e668857ff1ee64b53880b26fca2fee
E034,209249,slice_071.png,68378,c054b6402c05a0e544016282455f98d9c433e040d0157244af3d659fd484e4d8
E035,110849,slice_000.png,96602,74dd8b9863ab72bd08848a1125e19c073b0f35ef0b96339955a4f49cbcec24e9
E035,110849,slice_001.png,93489,8414663dbbaaa7a5edcc3f38e5f39e63046176147cc16f82d891174352bfa4dc
E035,110849,slice_002.png,92154,db096e5b1ad460b74e4281ada2030b4caaa0b88bcc975cb85d9372652753a1f8
E035,110849,slice_003.png,92161,450b48fb1a43867e2bd480e915265ddeb8db4d7f9b6a74d54ea2c2038ed6d9a5
E035,110849,slice_004.png,91347,4afa01f681856d0e10c9d9cc7e4b1b7c69fb8bfb6dd8ec6dfc1e53c95933827a
E035,110849,slice_005.png,90509,cb86f040868542b4f44c9916fdbac602328388cc945937d30c157946b166bbe8
E035,110849,slice_006.png,88718,917bad8806a9766812390ab1bea8330b6386fd812be7d11a7d9d750b4e2b9fa5
E035,110849,slice_007.png,86651,990182b2a72e372687dbf385be779ab659cb8cba0e697294a27f53fe99ade960
E035,110849,slice_008.png,83783,2ece5a5ef19f361f1a9f6f2154a7b04f833eec83d2bc73c693e35f6d36c92ee6
E035,110849,slice_009.png,83449,f42f93b877e3f63f5f149e7923e5e3e4dc6722209122e7b700d4d19e63a16979
E035,110849,slice_010.png,82811,71c28ce9dcce53f9a802e676ef6834a725fc4bb60f7e715bc2c034a59e7b363a
E035,110849,slice_011.png,82761,fedde609f47de3ad9848c1b8969dbb786376be5300458de8f6f7844642250a55
E035,110849,slice_012.png,82820,02b3a71769ad1ed2f83ca07f33b8a5b4b4fb8537d0850afeaa65e233e0fc7762
E035,110849,slice_013.png,83109,0e271b2dfe359ce90ef9bb5e3e3a46672526c22036b23dcb2c42925727760117
E035,110849,slice_014.png,82676,db97730f5d54661c135f8f03b1d16ec986b67bc743849559ae8e2c755247e8d2
E035,110849,slice_015.png,83301,2a77b0ba825adbc65350de8b34e52b824db068aa2b33d59a60012b39a7dd2bbb
E035,110849,slice_016.png,83109,17277cffdc4986d37c5c8b54ebab7369ea4a49398c049ea2b1938c1d3371aa65
E035,110849,slice_017.png,83819,195820c5267be3f8f55d5e6edd7d372958e2a490104a8108ef05f1fda9d36d54
E035,110849,slice_018.png,83488,7c593a47b601bd262e67c475e3f31844130614c57be6225f91e36b29c1777fdb
E035,110849,slice_019.png,84484,871eef4bd851cc12b403eba2bac0c89206e7f68ce8ceb6cc70ab4892701fe000
E035,110849,slice_020.png,85562,15994705c5399be9c1394593df39c92ef7ad234d29d2420df37034e8d5892746
E035,110849,slice_021.png,85376,9ff59d141ddcdfdb6cbbcf11240bbd9b28a07a9a93cc666b0cb37db8827cc077
E035,110849,slice_022.png,84695,a5cae8548bcbfda1fd641415098bcac25a3f5877bd7cf683c20ad2349207f708
E035,110849,slice_023.png,85380,4c3f09d777d7a91d0e0cedf469b5cd44dec780980f6806894f5fb1e43b6f774b
E035,110849,slice_024.png,85071,456b0154c7693387147a5e57cf52f9f94d605c0a67bbd225787944b45a2489b8
E035,110849,slice_025.png,84826,0fcacb112dbd9f0ff1b9e85b770ff3c75e2b840241d2cf2ca7e8006451972a93
E035,110849,slice_026.png,84205,ffcddd48f1dffa45f36710754efda508248b05d8519b71ace41987f64a558348
E035,110849,slice_027.png,83493,aabbe17436397dd70893bc5a680d8a582d82a227084833cb25b7c94929d705e3
E035,110849,slice_028.png,83032,5c4ea8d5c3479c053b368146231e9aa80cf71be940c77434c9680a62ed858499
E035,110849,slice_029.png,82859,e23d5e2338472b21a6f992ae281bc2f1c225ae1570d93ac2e53a304a5a4e1c96
E035,110849,slice_030.png,82774,1698a746a4a4a624612c062245f488768fe6f22bccf24b0a83d4712fb8fb2f71
E035,110849,slice_031.png,82950,6ba75f1d28844ee951801084459b6489e1e3bdb8de7fb640cc7ae3c3e7830c44
E035,110849,slice_032.png,82956,1bf2819eb94d68bb59bfc5d8b8ceada465118d79bc6cd5097d2c500f181a0071
E035,110849,slice_033.png,83767,f6274dcb0a57eb0200f8d8081808b808ddb4b63e2ef3c1291c09befd8798c4c1
E035,110849,slice_034.png,84139,7a5aa94a19f951c7976b36d08942763d57bfe11912c47ca18c68bb0a00dfd391
E035,110849,slice_035.png,84679,366c6731a799902f85fb4a123f0457a39aa9ae667097a342c4879eecbffc6d3f
E035,110849,slice_036.png,84613,8415d21f87d88167d120c8a49ec2050c26ab4226d6ce9a8b041916b4be66d95d
E035,110849,slice_037.png,85057,9aa67993355f0ada42fbb78738468ea2cc6f4a79ea53ba681c97bee3c9f12570
E035,110849,slice_038.png,84062,4ab4059fb6ce6c26c27b0e8df91c8cad509991cbc0da0a818b2fcf7ba9feb93b
E035,110849,slice_039.png,84530,baea90f4d004eaea754b9cd093eecb9e33b4ca52e2fcd18a18ebea38236352c7
E035,110849,slice_040.png,84375,5f3c872a878976c57ce90209c6f740e4ecfc70c19149f97b7636ef9778727523
E035,110849,slice_041.png,84539,18ed50de03e0a9612653dbf5896657d73d21bbe1b6e456040c1bba39dba7a871
E035,110849,slice_042.png,84497,800a4b652fef3752e0133f9193ccfa281849ebde881415e7e39a873ff2ae47f2
E035,110849,slice_043.png,85032,3a11ca36623bdf6c00babd7eae518a1a5552a3c97f333c2b36f139741d909b2c
E035,110849,slice_044.png,85597,a93bae1cf06c2e3dcf5dc0feceb69c8bd0c2d306f809f7e0b2cfcb0f2797a501
E035,110849,slice_045.png,86424,7f9113869b9374afda93ef3cfd631ea14cffcb8aa8ef236416e1c867a7cece9b
E035,110849,slice_046.png,86118,bd1e4467f173893ce449a994563d4463b37579546d8752ab6d3897b5fb7da887
E035,110849,slice_047.png,87050,31f34576010abae22cee7bc5d2a25c689a25b32cd9edb278982a669151cf0f3d
E035,110849,slice_048.png,86970,568da141cb27e1889fd1dfcf061cfd91cccdc503ece3d5fb6f7c9b898f1c9e82
E035,110849,slice_049.png,87203,8d95b407094d8959923a4d90ece75d409fa9b3c1cf7d1975efad1526a4a307db
E035,110849,slice_050.png,87082,be6371d117618aadb8844cbf827ac61501350f850f3414fe87d1b75f690dd91a
E035,110849,slice_051.png,87684,a8432e230a7a99e5d135ef14e35543c9b1fa9fd030a923e3f360bef622865a66
E035,110849,slice_052.png,87680,0c664b4a81adb599d573aa14a5be2f0da3343f8104fb4d8fc1733a1777e91b28
E035,110849,slice_053.png,87872,4a365df799f5ae3afe58351c10c21996f8f60592203fdf9fd4d98f49b3f0fa84
E035,110849,slice_054.png,86990,9058ac8c1a25195df33ac646a53305e7199df8ce0d64cb905fd90dce6866ec26
E035,110849,slice_055.png,87721,72ddd77c6ad34ad71161d83bc0fd04b9112b1f932c452e360702e445b4f80df7
E035,110849,slice_056.png,87965,51b9beb5825659ec982f3c71bcd54e98320b0578a5b8808eb73da27e94d44842
E035,110849,slice_057.png,88014,d2b606b023d091f02fb1dbc47c2a53a58d7e25ad5e63431cfd53b968ec0e1e87
E035,110849,slice_058.png,87919,01ad2954becbc00a369f51a6d091cf95569dd550bcf2eb30b3769ac55b12a1f6
E035,110849,slice_059.png,88883,e89f644f6af0dab9858eedd5ebdc02d0927269073352de59629b915471ec7e87
E035,110849,slice_060.png,89828,5881bd12e83e7cea3f97610aff639b42a6137f0a467126baa3617cb0b1488678
E035,110849,slice_061.png,91067,e4575cbf7d7565e07b2485834ac05092f0585e6554466bbd57f9fe3ef1f4abb2
E035,110849,slice_062.png,91176,a124d0e8afab9eb7b1bf50e70ffffd62b5fc18fc0cdbdc6b4353f93619f0749d
E035,110849,slice_063.png,91401,9cd2b34c32698c1466591b646ba2cad853a8c6780f756e4bfd3401b6fc6713ea
E035,110849,slice_064.png,91053,37688b552d8e24c8757de32bad0b5ad167e55533d56cb127ffdf4abda6e3577a
E035,110849,slice_065.png,91559,d978dc96d1409d003b2d1aea2cdd647dfcf05a692316edb51387abfeb40f187c
E035,110849,slice_066.png,91176,8afdbbc32d535294302271cea7bb14048983aa6d46003bc7c14003bce4f8b418
E035,110849,slice_067.png,92012,e4e2cc8dba4809fa15c90f7fc17dd9f36cba7d70e777c4bb7e72514b137bc8ce
E035,110849,slice_068.png,91900,f63e8fc2472f880b95fce89c86a708f9df7ca2ca2d198a8453f51fc852933cc9
E035,110849,slice_069.png,92788,a0c44ff1be501899f4e7157728048d7ea6c34b4ab61cb1c16bfd8bdc380e12f5
E035,110849,slice_070.png,96349,9de91117e061aabe6d02f29efb48ee54dc79a1616891043845e1c6774f80d3d5
E036,201310,slice_000.png,71332,2330e093892bea3d0b17682630a07769d8aef55dc1d23382e0554b9a64e37787
E036,201310,slice_001.png,70037,febbed3005b91da1512a6b8eb5aee33ff9ba7d2b63fb2499d2e5fe9d3b875746
E036,201310,slice_002.png,70163,3d47a6b9ede3860618cbaa9f2789abf8a44c9a61929245811c08a3b45ddb7262
E036,201310,slice_003.png,70596,b0fff0f813f6b82421356bfdc87639766d6ee0979f7e826c98a0b3ee7e45b697
E036,201310,slice_004.png,71036,2353cccf810d46c0395b149dcc0325e7202394ee3d43ce642f27c10777342cc1
E036,201310,slice_005.png,71636,2f5916e4f02f4f80018bf752304487e3d0a569cb8961f0da12aa8cc3f765cd6c
E036,201310,slice_006.png,72250,829e74714d12d5c8b96c6dd323edd5e755336c171860464bc627e0b9805cecc1
E036,201310,slice_007.png,72865,01c278c54b986e25e57cb578a08ffc681c09a088ecd1af10b3080df07831e023
E036,201310,slice_008.png,73528,ad1c684438eca24b79b49ec6ca2249f654d457650a21d7278fd1ab9232e058d4
E036,201310,slice_009.png,73545,dd6f063a7f35ce56aff65dac0c8a1aba77f7ec1b12e59dcb1f8723e882192a2e
E036,201310,slice_010.png,73155,3a5235d0f73e8df6ad6bddf238e5948222c853d9e34e2b719aab2ada3817afd2
E036,201310,slice_011.png,73134,64e9ce2e3dee1e658aaead2aa6cf1647cfc3a8b480f13a2647b001bb5a6e74ed
E036,201310,slice_012.png,73308,097142e58ec9195faf34d6d85fd4fa805a1c8ace753d6f0433457155ede7206e
E036,201310,slice_013.png,72855,2967bf9af35b1fcd1250f557f9090a1d9e906bfa025e863321c2ecdd766ccac3
E036,201310,slice_014.png,73001,ed0651df40a3828fb473ade8e7ebc9307ea7b18cac7b5f9d1b1f603c09ef479c
E036,201310,slice_015.png,73255,2582b541e6974083460e2bbd4675cb11c5a19bf9fbd18fe2514e9feeec9f6b47
E036,201310,slice_016.png,72934,a8891a0591fdebb05632a617e8d9806e5a4996384570ba65b5b46600252f6571
E036,201310,slice_017.png,72708,94e0cbf949f3d9731d04b3ab49b370017cb2ff076a9ae138c81a5f0a14c9a1e3
E036,201310,slice_018.png,72480,f9b2344cbce1eba479928e900cadc56d3315219925ef53c0e865597770cdaaf3
E036,201310,slice_019.png,72181,5501088cf067f48890908c0fe748b8cafe6df4946b9e052cbce14ea0d3dd2799
E036,201310,slice_020.png,71928,23bae3dab3d2b8a75315a3ce2961eee38dc5723d424ebdd0083f06f22a5093e9
E036,201310,slice_021.png,71933,e763c9d230801caa56263bfce4a3a9eb77d1d0530363242f7368e31259bda3b6
E036,201310,slice_022.png,72092,34bb7d63b839296d664aeafa39b282f3e0d0255ede13b9b2bd3f502a59cbf24a
E036,201310,slice_023.png,71945,20a4d73d155fba8b89d9a6d5de3a57c6e0ec5422f6f5780fc2efa8dededecdda
E036,201310,slice_024.png,71522,d42b320290c7c5f9d99cac4a0ed3da86facf1cdab2b8139dca2adca1ba9555ad
E036,201310,slice_025.png,71424,e9f456176c95ae7ec469692b6988f2af5458d92eac57dd05ef2db0b8e48ac29a
E036,201310,slice_026.png,71128,0fe729b821967761927c2f8a532ef5c4e9011cad355168114ccce70941705bd3
E036,201310,slice_027.png,70557,da5686bf8228f4e65a29e381a3d17cff5fa6b53af697bf068ce5510eabbbf1ee
E036,201310,slice_028.png,70610,7c0c2da844e59efe6dc4f89f3daf2e69ca59786786331882a3d82196b373afe6
E036,201310,slice_029.png,70755,85e2e4e10fb243696f75563a66181885fdf0d0c98600ba4466eddcd03b154052
E036,201310,slice_030.png,70677,1d1b7f43fde6139884a01a982644aed7cfed624825dcb053f97a01896c6bba18
E036,201310,slice_031.png,71252,2a9aeba5487cb3ddbc4f7a6a53b593ce0bcd4507f6ce8d52e33c232c62e6e49a
E036,201310,slice_032.png,71784,d87bab412732f74ea7f03e361a656583f3daf255fc70639cd518d727fd6f01c8
E036,201310,slice_033.png,72073,ab64fbc2c5ba5baa363fb6bfca4fae2a67f088ac24283ff34e455a477984a724
E036,201310,slice_034.png,72024,6f90a0af2b157e792714e483c6124288f05e83575813828ac81729710c4cf3b0
E036,201310,slice_035.png,71769,854ba774942fa607aee27d11afe8b3db86441ec9956bd8e037e644d5fa886afe
E036,201310,slice_036.png,71816,2e6ee27dc2232fcbd738292fbd685a4efac8974fb3466a231043d6b08c5f1583
E036,201310,slice_037.png,71615,00123f5bad0a587f3efd78cde5f27ec50a99ac319a562f7ca6f98ae7f133a2ff
E036,201310,slice_038.png,71639,77543812af92fd665b9128d9d8749d172df1387efadc6a0be9285177537b8875
E036,201310,slice_039.png,71966,70c4c2ad418b946f8d8620d719fc7fa5bd3cde4596d9d464c9bd5e080e70a8c1
E036,201310,slice_040.png,71683,38b78e1a6c1d0a73b3cc3bf1332119f396d7c47e48176cbf7c1834233ab74317
E036,201310,slice_041.png,71730,743a63930b37e43b4311c53a0036d765a7d801e4ab3732342ab7426154bbb06f
E036,201310,slice_042.png,71933,d649f0a0b1446472b14b29eedc23675241594b7f24e69e44855f8ceba0050ecb
E036,201310,slice_043.png,72235,3939f8e44d4eb153915ce58e3ea006eac2878caca077772df750c9f3a3eaa7e7
E036,201310,slice_044.png,72896,c97c218261b997c28d9b3be62f362e498c1103f30e575b4497ef3effdfc709a4
E036,201310,slice_045.png,73501,35f8ebb1718b0e0104fbfa5a73a5a02036ce7a1eb863959e9e30caa7c1b1166b
E036,201310,slice_046.png,73954,7f43debeb360ca072d99e5a7b1d22e2aade87f563c3a2396af76224583b811e2
E036,201310,slice_047.png,75596,1e8d26ba79d7b07c4e9d4631518969ccc28cab0ebe0153ea6740509e07e06541
E036,201310,slice_048.png,75913,470d2b4ef59ed7f02ca61bafaab0d0ea2e68ca5b57964dbcd2ede65922bb0bea
E036,201310,slice_049.png,76199,b329f3a0a91643a34747cefc3292cb815b7d60805179fbcc4aed2ee730ad6b75
E036,201310,slice_050.png,76541,aea1230b60d131376c427ea2b1c3807d5a054363874da2a6cb61de797d704d75
E036,201310,slice_051.png,76873,ff14ee16d83c02360d2d27108bd2c3cf18a29dbb08640b8f785b9bb8bd682d94
E036,201310,slice_052.png,77046,d891b5b7aea6e9a89a82fb998dc57d6c4483a1e9944e6ece02cac98b0ed7f66c
E036,201310,slice_053.png,77684,1e144818101961a82c350e4076fba7ce4a73eefd59961398e1031325664ab7c5
E036,201310,slice_054.png,77731,73a0c38d15bebe84e8b5d0369e823b18c4b6bc8dff9c1e9feedb142377479cfb
E036,201310,slice_055.png,78068,56d14728415ace6f0700566022e1aa9db33514573a59921a485177f811adc7dd
E036,201310,slice_056.png,78492,be45f0d3ddedfc5f2dbd36e779bc8e7b1a5a7819aa1b9507b9c49f33b947aec1
E036,201310,slice_057.png,78882,117da80768130cf8de4eb96f7329b9e92b216ac40172cffb14dde572395efb30
E036,201310,slice_058.png,79647,c6932b26b76b9a1d4c1cc2c612dd5a575a5b12dcc86d362a513abcadd68c2e2b
E036,201310,slice_059.png,80107,67263e8814669fd83308c7e84e884bc01d5baf5a890490aa2e18794dc9b798bc
E036,201310,slice_060.png,80861,77130787801832eda600bc4a6241c573a62cacde214279df5abb022cba115f9c
E036,201310,slice_061.png,81811,b7d5af8019795488358ee34fdee6ca0ea2827fd4edb8a6fea832a0e9f249a623
E036,201310,slice_062.png,82702,441822cfb52127b703456db5fc31ba44a089994ce591df0ecc72615490bfa519
E036,201310,slice_063.png,83896,979414ef5b0c4f6a616b55be65a6cb0351139e04e8fb4c420e0de48e28d820bb
E036,201310,slice_064.png,85729,e1f664431a7dcf7823b38b7dd7480a689b7d2124069e8365763544d7db911a23
E037,116181,slice_000.png,80718,6e724cabd05ff3edd599937f793334ea8712c461f8db7ab25a4bd80157d6524a
E037,116181,slice_001.png,80696,b4ef3342772c07b6a770f999d9b2c5f4668f8934f21e37f339ef32d2e89e2df3
E037,116181,slice_002.png,79857,9fbf8cc06fe8a28e13a1ab1ea5e1735d12871752b88d3574259462cdde5116ce
E037,116181,slice_003.png,81099,7aac64e48645297dc1fe35c9d28c53f5d3f5d4fe48d0b3f3664a73fe178f327d
E037,116181,slice_004.png,81565,cc2fbadf757dc4619dce20793758ba729d1baba9466562d882663920bc967a46
E037,116181,slice_005.png,83558,ac4a3827e3ef28f52780d0fe502c0f7a242a06b484f8e0a443dd21dc7ff1e614
E037,116181,slice_006.png,84753,f1810fd8af592745a94f37a9a3b778afd964a06b4f6f2194a8d90a1e0a4bb55c
E037,116181,slice_007.png,85597,dafdce62643ec584c991508f60390d81a12c01bd029323c1000c795f876ed1ca
E037,116181,slice_008.png,84841,bec51a59b71c58f6055e04f22c7f32980d3d534ddcc40828364790073de54990
E037,116181,slice_009.png,84286,c77321fe5f3da565210eb0a14b7af74d052357c4dc7fa39f009ea12a43bdbefd
E037,116181,slice_010.png,84229,5e3f2da2690b6995cd5f1cb9dd9c8c458914a87f73982548a0b08b552c2afe6f
E037,116181,slice_011.png,85307,b6f7efce29177a7258f9866e1309654fc9acca42cfa8648a6efb6b6f59f7f95d
E037,116181,slice_012.png,86214,1766a2c17a062a7314ba1b9d0f566b034c22293acd2bed2f8b26e688b1342cf7
E037,116181,slice_013.png,86733,a89590d47335bc6f153e06df0ff09f68c9e64386c9e3754eba13f94661044fd4
E037,116181,slice_014.png,85444,8fdec926a2bf9a687e305ef08eaf4a10641d9cf2a84ff391db14150fb70d9bc6
E037,116181,slice_015.png,84545,b9f93bf34ae7b82e96e9d3212ad62cacb8b55a31591a8302ddeace5f462dba31
E037,116181,slice_016.png,84035,d7a39ebdf4d538500e908eeb2cf59132f5e24e0a7c89596e28d490405ad5b577
E037,116181,slice_017.png,84887,018b857d728c3fd200e785cc192681beb85edb7cc61615379f4a8314af0884bb
E037,116181,slice_018.png,84241,4161f0eba0bbe7bafdb7e9cfc7368afff83d0a09391172deef807fe80095fa32
E037,116181,slice_019.png,83892,b32f10832a10af8e57b9f94c900e3221c04f430eb6fd01a0ab34192f0e4759de
E037,116181,slice_020.png,82509,cc349bf87f507793c0ee1df2d641476b1e3d2cca77eb513c0a9a0aa5133aad59
E037,116181,slice_021.png,83000,28235edea9f190fef3c26a96787f665f1352a63a2873c88a8930d60a03f20fcd
E037,116181,slice_022.png,82397,a4aac279340ca61f407cff5215ef739ec71f056222bbe52e0a2d840312d58d40
E037,116181,slice_023.png,82545,8bca206bdf718e880005c3a13a43d9d64e45a6d6d92bed2bcf601dd434602a4d
E037,116181,slice_024.png,82811,5ef3254cdde11b8249277d6113e5b0975bf6a5f65bbdec7909e1f783811ddcc9
E037,116181,slice_025.png,82175,f3459ffd3a037276642f3788659ddfdbb02310bbebf8b6d97fe3f4da04052ffa
E037,116181,slice_026.png,80898,9617dfed544bd769394e2f7b12135d29ad9de1d39c6e0b77790f98cc3b2cf48f
E037,116181,slice_027.png,80697,2efdabed602fd5d7e1b0f48bfe96c2d3f23be40b14d0c8f9faae5886d5fc51ad
E037,116181,slice_028.png,80415,ee906e3c834477fd5b4abbc0308bbcf12a0dadf92af7cefa33b976b6045915df
E037,116181,slice_029.png,80058,163c5563a8afdc5bd3f6d03dc667d013407b384432f498cdd69e7043552bb417
E037,116181,slice_030.png,80590,467d23d8f4ea0bd15694f7b3061d8a1d5c408be732b74175863e57c3b3290cd3
E037,116181,slice_031.png,80132,49d1381c8b45afb6146bcff1e908c256d4638763eda76c9b3235c310403d8752
E037,116181,slice_032.png,79827,13039c816190823e40b7d12a3defb5c3ea2a5d94d85a18179ff7836867018d55
E037,116181,slice_033.png,80159,4000b2cf89c345556cc67b47d6763a71f225180a2f79e0f3fd6d9a0382b47bdb
E037,116181,slice_034.png,79909,3e1d6fc453ebbc83c16203c5bba52682a94bf9e3ba3da4e140f992959258fb55
E037,116181,slice_035.png,80401,ed1c12b988d427c2105066289792a97590c319fa7af8d646a630ba7ad1ef7721
E037,116181,slice_036.png,80913,6baaa5be07b57f60e5d8326aeb12880ff7fafcc1aa9e4da717ad15ff676cfd49
E037,116181,slice_037.png,80432,0416f20d7df7cb383c6ad60bac961ec8268842f05e7fac71d209b9f0246ff76c
E037,116181,slice_038.png,80634,28ee86526c73aa05cbd14c5888d98dc614b0cceed43e98a6fb7f13b8696a0bf0
E037,116181,slice_039.png,81120,89ec6816df389a56eee4b125fed2015f8591545c6a0440676dcba40388c1ace5
E037,116181,slice_040.png,80326,03fe50c3d5ad6bf3e2e5affc04da98399786224bacd95d2f3326e4f7405a8697
E037,116181,slice_041.png,81142,9cbe1eebe9f619836a6b9ee3cce6615115f04d9bc05e78feddce529178c0ce8f
E037,116181,slice_042.png,82066,8436daa7a6ec8038a0789dbe62c3f2ba7ec75d693b68b4fabd3bc829a64cf18c
E037,116181,slice_043.png,81948,007bce6c36dc4ff23b1826b2b3bd0c54324966b95d19705000d7ddd138389754
E037,116181,slice_044.png,81061,62c161ce9732915f828bec95afe6fbea272372b32be953777b27370310fea50a
E037,116181,slice_045.png,80635,6eb838d202f02ddacf064e72209c39db47151573d464d8f9ba6dda42857fd21f
E037,116181,slice_046.png,80493,6382d0cf4a22243b170865d01c7c12abef0f3df5faa1d264064e8c78ef78d4cc
E037,116181,slice_047.png,81696,a95b3df54ca2313c6aa62b05ad265a3f50d7d4bfe5b0d28719301fb23974cdf7
E037,116181,slice_048.png,82939,2da54784abe3a0c46df8dcd695d8aa713c27cc4eef555d715435c92ed10cbdd6
E037,116181,slice_049.png,83282,c2b22c55f5db3b23bbe3f4ae04ea0d1d97ddb78be1f6b9606666d0cf40287fc2
E037,116181,slice_050.png,83116,95a28dfa48793b8a38699bacf6697a29b3a2b428a0c5998b6f433abd96f497c4
E037,116181,slice_051.png,83287,a48b9a0f37e4614c112437255c229881f349d910b957cc1830a79aa15ef57678
E037,116181,slice_052.png,82424,d7d3cc540fd647e5a7a8e9e7cc03a1c97f226cfbff13509118bba20c6185f0b9
E037,116181,slice_053.png,83449,7f28874c63a496630faa5a3b94ad8cb5066e3d16c130e3ddbc47d11f378cb562
E037,116181,slice_054.png,84725,1c253262498c1d4b919ccde7960c9c33f8ce4ffeab98802adaa24e2a3a1cde45
E037,116181,slice_055.png,85827,2f009be13c30e7c8249357a7fe8761675e39183963a80e44eea7274eeb01a69c
E037,116181,slice_056.png,85857,bb927e3131ea70510237963d9723ab791de6947ff70f634bde88add306f579c8
E037,116181,slice_057.png,87022,07c5fd25382830e19c8d9ebf3b0b8938335a063df54d6362367ed486f1b15fd6
E037,116181,slice_058.png,87116,8eca96c5856744a2ca4316c95e40bfaa084769ed0d12e7d1a4951a8955d05966
E037,116181,slice_059.png,88465,d5815726da27a4d407844957b3827444054dadfbcc68d4b013982f42da69e1e9
E037,116181,slice_060.png,89081,3eed11b1284d2f42fe359d103d9ca46da6cd67549681ee2d8027e7776c3d6061
E037,116181,slice_061.png,89865,99d335208731f312df0355bc01ab533a1de0eb7d677b0d648ffc63c7db76a8c3
E037,116181,slice_062.png,91915,eb3742f89fe6ed84acb6bb31ecc38f8d8c123ed5b5480dbfbd87c83b7a5ac79c
E038,123427,slice_000.png,113940,aec4e54538d615d182a1fe00fb0f2d0e84c22be0f83c8f28f545862a2f159ead
E038,123427,slice_001.png,108330,a0b026d0c38b8e6e8912b534f7061dd95c0cf6d63dcb58ae06e220e9777a0a0a
E038,123427,slice_002.png,106726,0c3f43c11c7b7182c0cec0ab0674071e83fd85fa4f735f98eeab5bd748abc0e5
E038,123427,slice_003.png,106653,bfe9ccab933aeaa48e4edbc9119d85dc2966d4a21f60a17b7bc3d3025f734977
E038,123427,slice_004.png,105649,270c58f40409ffca1f2d5f84a6eb7eaa7b6a108e9bf16fa018502d7086edbac7
E038,123427,slice_005.png,102273,16088bb74774c3a1e032c289947fdccc5ed10a749b9a903c1408943d0bdf9c9a
E038,123427,slice_006.png,102142,eef43bd4be830fa6c27ffa8f3b238579ac2c688e6be079c536c9ba34cc1d7557
E038,123427,slice_007.png,103753,026e772b18c1b9f6f754e3792c6314d84e4ad493cadbbeef8bd03371694bf17f
E038,123427,slice_008.png,103338,b92375c07d4f167041df33890f9ffe091c65492b3e7e767b09683b47c00803a5
E038,123427,slice_009.png,102884,75c29f3a9768c5d5e2dda12e5dc3f668e4195257ac267e2ffda3ed858c318cfb
E038,123427,slice_010.png,102240,8c7838bbb7d2cd06e3dc26e0ebc5878a7c46eb601176234ff601f3f3082af61a
E038,123427,slice_011.png,103006,03f1f275cb4b268831108685363c5856d23d6a20f002f719bf00fdd37e8d94ea
E038,123427,slice_012.png,104272,7feb8ab02bb6c2c26df70c797a18f81412154953135ce617ec2d769b0221ee7e
E038,123427,slice_013.png,102858,90c56c44923a67bd4c69a4b76bc93ef06d24c5b437c653499cf1c6af4f8ed6fe
E038,123427,slice_014.png,102996,9fb31f121a6a0cc6f2823d5b97b0437e41e707f582e0dd64b3b27a66f254dd8b
E038,123427,slice_015.png,105759,169301f77c312b5812110b6e894d8ddd6c55ac49dd7491ea301fd86b1f998b9e
E038,123427,slice_016.png,105483,e33cc5b5bba75cb2d317e61e51e624c6ed66e3c3b2d1d9d7dfbee36eecff8aae
E038,123427,slice_017.png,104084,467b1ebbb1512a3986c1cddfdf86deb25fac7e269f780e38899e3f908b719fec
E038,123427,slice_018.png,103990,32e1779f588bc391abff765c2f78eb3fb5aa663456b024649cf2627d0e9f36ea
E038,123427,slice_019.png,106667,fdbcf7bf4051cf692873eb8dcca31325f9170a15fa0cd8a4115bc4f08ef294fe
E038,123427,slice_020.png,109394,dfc2d05e4f8e031b3d7fe284cbaf5d48228896590ad1afb4fcc8d2c8aa49fa96
E038,123427,slice_021.png,106316,87ab33946260e6ab4f334993f35c6367d986dcb8f166ed1d6547815a271cd2e8
E038,123427,slice_022.png,105971,98bfe12308e05f8f1862b9282065cf9d6ad405697103a16abb7111d18e49c1d6
E038,123427,slice_023.png,108494,744a1138736daad3640a5578a29491bba708b455f4155edb81488d0ff2d910ef
E038,123427,slice_024.png,107756,7f6acba3b9c512195a066135e43bae9a3cf29c6cf528d230a89924577b6955d6
E038,123427,slice_025.png,106040,c740e33990915e4620175e8c2b103c6eca6462464f02bb10063341229ce5c9f2
E038,123427,slice_026.png,104994,86ed4a7bf0702c34b794b70b14449ee70f40505a7b84eb0c8a10eddf4b43aa43
E038,123427,slice_027.png,105672,4a7b760728e2b7c60f922ae1e20637eecd931b6df564bab6377ded1413406915
E038,123427,slice_028.png,106862,21e4014a5ad3476830cb555490cffe01989f58a13c238a518a9aa446b0bd274a
E038,123427,slice_029.png,104860,49113de0dfeb1884ff8a42accf326f563cded0b981c8cb40834b7eab6c6ca661
E038,123427,slice_030.png,105579,be0585e78999b2101e43f9ab16e5a1b03448d13bca29e84c068362429e07affb
E038,123427,slice_031.png,107522,fd8a09f44b762cbbcbee7bc781d233526f9d23b579449be8ad61e2672a389875
E038,123427,slice_032.png,106926,eaded2a70cd7ae4166ebef3b8a7f3d6ca7e686c2715ccbfe329ad67437aac7d4
E038,123427,slice_033.png,104331,99dc2a32b202bd2bb2e17feb9db636fced66d316385e5a5547099ffc2fe6968e
E038,123427,slice_034.png,102916,2b6d6abe3d5def8c27a661508d6f53a3ddd82271491775b491784e81ae9c45a6
E038,123427,slice_035.png,103493,9496c06efa0ba43dd059f1d79db1fb3eff1a6bc6ad8ad1d72a2ce24507a1e77c
E038,123427,slice_036.png,102295,95339f9a12a972d0377d30d5189881dac94e9a6cc6fa37887b8ff261561aaa87
E038,123427,slice_037.png,100037,b6aa1a61b959a28925c170bb96a6f3b5e0787ae38aff9427a5ea6fba4c3518ea
E038,123427,slice_038.png,100419,1bcf3a90d16282461a5fa66b065b95e119096eb0639b8dff8a361d804081caa8
E038,123427,slice_039.png,102097,5c84e14bec10fdff321b43c33d3df9dd0a1244fee137d032c3aec7a38d927195
E038,123427,slice_040.png,103092,497ccf960248dac0e7c417ee9222c36dfb35b7b1a2d7a0f12b0bd48eb2bddebd
E038,123427,slice_041.png,100786,1cca4cb5264acc54285bde9f8abda6fca0a7042068ff3a9b7465bceff5b53f00
E038,123427,slice_042.png,99536,50c61690638a43d93f48283c2c0eb2883708859d208185c787ab5eb0547caa81
E038,123427,slice_043.png,101342,8a23f8928f95fd0899e4471220a70cd49a96507eacdcc5e4cc24052a36483adb
E038,123427,slice_044.png,100785,24973a9ff238226ce43bb0c4fb6de328d15888b3a049b993a93ffe9144270aa6
E038,123427,slice_045.png,98514,2da0e072431e6b356a93ecdcf44ee9463a242e88d86b50ec3b7aa4c66facea82
E038,123427,slice_046.png,98267,6981557cbc54438922e45652a3da7000a0f206037aed7fc7a200c336aa3a803d
E038,123427,slice_047.png,99476,e0d476e4993bca3e764c3958909ac8c4a7b19c2ea5e7c025b8f8675c4cabd870
E038,123427,slice_048.png,100356,12fab889bc87b3c7123bc868e943691f4407a3b0c6e56fc75d8ec6f538d62649
E038,123427,slice_049.png,99591,158efd76b1b3bddf287c60f588777168e704a7e29dc791f87cd3bf9120d7b157
E038,123427,slice_050.png,100150,813561825e63d2256455d27d0bdaf2fe90f2b8fb06edf2d0e589510ffdc3df54
E038,123427,slice_051.png,102643,954d2605f08e6ee594dfd5d8c48f604630ebd186013cf20f13a405d70cef3d7b
E038,123427,slice_052.png,101090,2e16f55ccf91b32b6691815ebc5736aa2325cd03e5128e97c1949f7b004b89da
E038,123427,slice_053.png,99059,9464e2b92736a41dbf694eee173179f9fa656bd22b6035ce9be68e0da9ec0f3a
E038,123427,slice_054.png,97954,880339a4f0731e029c54bdf319c87783ce27a233f65cc32ec11498098e339476
E038,123427,slice_055.png,98085,e64074d430118b1fe561829bce2a2600d5a8f5ddaf1e8edce569580a08594436
E038,123427,slice_056.png,98530,e3e93567ec42ca0e81dd02e64902bdae0a881f2b8b9eefb53ed238851ca642fd
E038,123427,slice_057.png,96942,83e4e2f25f7bee00121808cb06a1fed5293d14b71c11a68d5c685b5f3b87a97b
E038,123427,slice_058.png,97775,99d30611fd3bd6cc8ef5ee065bdc68f5010df1b99ec1ce7051cefa913028c999
E038,123427,slice_059.png,100813,9cb37d8445a5fcb4c0f4013c3bcbd95c2d1d35a02888099b479cf292f00668bc
E038,123427,slice_060.png,100371,cea3a294f9de7386256dd60dad50be2eefe8918d358af61f141a6a0cdadba20c
E038,123427,slice_061.png,98201,7aeab4d2fe16dd6c8c805f9a8f07c9054ef6ddf8191f3caad614824dac2735a5
E038,123427,slice_062.png,98159,3dbccd525a9eae938b40291853c5b03ec93e294de43c551cb439ccf94c84a81d
E038,123427,slice_063.png,100599,18889e466e4fca95567b21694d64b43bb213115aff1a3f31b64bbca818ac7207
E038,123427,slice_064.png,101680,93bac94fde90b8f3f731e5cebbd625a6498680f7673044c81656469622fb3a91
E038,123427,slice_065.png,99220,5dfa1aa164a4f831f352d551c83648caa472870824002f8b03703c2e615eb0d6
E038,123427,slice_066.png,98471,310fba196e61beeb20f407f6e61bf7b2891415277c5ef61ecbd74cf89170f068
E038,123427,slice_067.png,101621,06bd5eccc13fe88e5a86e22630318b56371029cf4b33573138025aa5d1fe80e5
E038,123427,slice_068.png,100348,0e2de739cd166937adc6761a3fcef1ecdcfbd035d23fd4b4c20e05bb81bcb78a
E038,123427,slice_069.png,98959,680a4e819e7c69c0db7ff2eda24ab6c79593e6944cdbc4fceb0b24e2e6b75c1e
E038,123427,slice_070.png,99538,a0d0b55c19902cd53c9e60a80b82c533fcc9de2713f28676fd7eef12ce198fe1
E038,123427,slice_071.png,100547,f2f2e37e007be344be75f4904e60fd569a175f657228ec8c95f8e1d4dd89674c
E038,123427,slice_072.png,102158,a6b098e32b247420fbd3ec01e5f0988a6b195b7b884b4855a108de9eea9b9d24
E038,123427,slice_073.png,99075,79b90ac1b7d6521ba1112fd8423434d38bfb1b3eeec281d2a78fcedbccbeb902
E038,123427,slice_074.png,99189,ba4aea1f335c7ec58e443e9ff17009901bac6f4262fb3bcf4f94b600096960b4
E039,206441,slice_000.png,92965,d916b345524947d2bfb9dc0192a15430de89c772f7ba601e12f2840a6a5ca6df
E039,206441,slice_001.png,91954,99b21bb49a8ecde28253ef66ffa6a23de1df81fc54625a336d490cdac31015a7
E039,206441,slice_002.png,91453,a38ad183ed92f5c06e97cb5f041d6eba2dc09c8a010c39fdf555188586f1bf3a
E039,206441,slice_003.png,91906,cd126cc0a5b79a5ae148f9abac60aedf49618dbc61ff44f277646e73504fc444
E039,206441,slice_004.png,91457,b09edf08e0ef7e2695d6d009573ba3b86926ab1bc2333abcdef3a3064553c948
E039,206441,slice_005.png,91242,9eaa07f36e59c7253e70ec7b5e9955f1099bafc5898e1b7bb5dd82066d6effb7
E039,206441,slice_006.png,90042,5c4996a775639f3442d25516e55374acbb79a203375d103f6d814ef00981e917
E039,206441,slice_007.png,88928,593db9b2faccba60f6ad52fb270505d4b799ed0d084755926587ac14d17e1cee
E039,206441,slice_008.png,88754,77209dab8f5d8f0eaf1a8986b7705e9eeafecc8f765c62d0d0301ac06f1f4704
E039,206441,slice_009.png,88569,99f7505f1d5c0acdf6229818a31f0a5d230de62692db4430b5f71c2991dd8f3e
E039,206441,slice_010.png,88814,8fb0685ca08350ef48e3bffc4b5f9d326e8d76b0ace9292f0756bdb0878f77e3
E039,206441,slice_011.png,89815,4bffecf12bf500fef91ab9d336efdd6a538b1503a798fd748e6920e3fb962f6d
E039,206441,slice_012.png,89434,82dc2ab1f95ca8100c2fdb4f7fa7852e04ab2aaf47e86db29b21daa8a957cec2
E039,206441,slice_013.png,89231,174a761c9c25f52fe10eb8908e22fdb9d29109ae7b2ce7af7f5ecd445f3899a6
E039,206441,slice_014.png,88538,3b01dac1468ea0916ad66a388f229b6014769428e4f116f78f1bdc3fac038667
E039,206441,slice_015.png,88967,85b203f2060de70cc74d4b06a038c2acb10bc952158af3481af73badfe328f83
E039,206441,slice_016.png,87902,3c359c55f88c29ca1dd7990c5bfe89c2a2b2b62239409e2b4f62a7186db42fa6
E039,206441,slice_017.png,88068,1527162c51b7c70ffcf2470f27c5b771b1907a4031628dc7e438c8d7e184d514
E039,206441,slice_018.png,87345,e29d4fdf09d29eb71ab4c14475d0c460d691c5e52a02cee925f8f60bf67e69e8
E039,206441,slice_019.png,87987,0263f0509fde6c8679698080eeef4e0ca22075924a7f9593ed76c1c1aa54fdb6
E039,206441,slice_020.png,88527,46558d34448161688f5b58a6f3edc29fe1c439bb3bd6e946dff1085fb4870b57
E039,206441,slice_021.png,88420,c6f55541b2078d491bdc2efed3eb1945f98b046902c18d6a282ab4971b26b1f6
E039,206441,slice_022.png,87231,5bb654658e4ce1ac5b3419cb170d32557ae87aacb2396fda74f6b51f144893c6
E039,206441,slice_023.png,87642,7d95e07b7b7faba0a71df4c3dc2889f7313bc5da8825c69c2c941df8040ce2c9
E039,206441,slice_024.png,86157,b76b1fa0f1af78ea50b73ba8ce1861c21abcdfdef432601297df5559ecc74b8b
E039,206441,slice_025.png,85971,9ced3b74bea91f762dcee4053eb80f74a6d027859e42da35493fe97fb83de603
E039,206441,slice_026.png,85737,5637921668255b95f770dc0c45236b0e87807952ba7fd0fafebc92b71efbe112
E039,206441,slice_027.png,86786,5575a4f5d56ed097b85557f3054a8f687a9ad95ba3323c69831879d1b64d101d
E039,206441,slice_028.png,87185,41b2a19251eb3714dc185851f56450a31f3efcbe7c4c2f557f827510313bb81b
E039,206441,slice_029.png,88548,781bce2ada0f153d414e0db2df3847a0cac281ec6fea9ffdfad9ec2f64a80b3b
E039,206441,slice_030.png,88894,029e783c1e171825b6a05afce0ff8e1edcfc82c6dee6161c40da140eb941f029
E039,206441,slice_031.png,89643,0c74711c9ad6ed04184c1f3440a70fc785c212bad9fed4e8c5442ceb8014463e
E039,206441,slice_032.png,90049,16ea648f50da4c8565f56f02b6ac02bbe69b4c264c658469cfb330710a874e79
E039,206441,slice_033.png,89986,8deb7492c99267f6179de23ff8cc02370221f52f5bf31bb847efe94517b537c2
E039,206441,slice_034.png,89037,758a678cf83faa2011efcda43af21b1717451b1eae2b0986e0895c13b88a0b36
E039,206441,slice_035.png,89995,ee2850fa8f97808cf268ba886740254d81c1612a572eff653b91a89e1ea792eb
E039,206441,slice_036.png,90376,136b165b2b3348cb2ae2cccb7c77531f75c3cf243f9599bb361551c5b559b78f
E039,206441,slice_037.png,91280,d7818a2f340ddabda8b27c76f043b83efe3952932982d4272be7e351406f1d73
E039,206441,slice_038.png,91764,79d8048f8001049217f23077049c1eaa7062a926489e108c816c3b5a76d3421e
E039,206441,slice_039.png,92662,b1fc9d4b6d649547c92f640615572ac49b5ec15bc84de4eb4994394c2657ade8
E039,206441,slice_040.png,93068,455f361c433dfab99fe967438f8520c0c104b57149e50e45ceb7156aff0d405f
E039,206441,slice_041.png,93674,bbee799faad04c00f2b6462e704ac323d60971dfff00e92a6403f7f2be86d289
E039,206441,slice_042.png,93191,3ca786ac2d7c3207cb7402053f6fb1053bb99947d2d45cd5eadbca9b22d9d1e2
E039,206441,slice_043.png,94560,307a9e6818a4c69ae29dc77f92cac9b2ef86f5d6eb6acf110ef683d0b787a370
E039,206441,slice_044.png,96532,4d83c8d1f68e32b39bce9071a59354421d1fecff805ac2bf588efb79e92c46f6
E039,206441,slice_045.png,97382,f13ee3705c9df1a535fae9bf99038a924bf854f758e500830fb077f851e1bb6e
E039,206441,slice_046.png,97098,8437f83032582962a70ad5457dda1c52f28542caa93a5b55822ae3452b381287
E039,206441,slice_047.png,99182,6fe23ad42551b3e8289bd510edcfa24639740dc2af730476d15ea595733eba76
E040,115259,slice_000.png,124384,6433d4f336716ad30dadd13bb0f7268f4f8e93db832667dea7bae2e309a64f5a
E040,115259,slice_001.png,123463,617521d797984dc9c02d49196fdd74ce68bf83326ac44da4f21beec1a9b11dfe
E040,115259,slice_002.png,121692,9e63818212e4eab88ff083d7ea88a812d335c31c5c75c8896b35eb152a6ec29d
E040,115259,slice_003.png,117844,de8216ea533c7f89a532d3a4eb332a0bb15c4c3ae61f0c3afb912f35dace5202
E040,115259,slice_004.png,114204,47aac010850bbcf3c9ab8d34c0e4e12fbde875c5b7f4566b015dcb52db6899d6
E040,115259,slice_005.png,111114,61b1ba9522b3f0bc3f03b47b325af6f09df3f869a804c63b75007bae6ce172ac
E040,115259,slice_006.png,108645,0f87409fba56130785398bf7f1e31b67d09e94b5b1613a14d9775d26ee248f6d
E040,115259,slice_007.png,108201,42549254f217777a923e74000278353f9d18895a5f06090b3bb9fc7972215b78
E040,115259,slice_008.png,106802,f71f5c0137c76b8106b195c2f26f5678ec606c18b6cd8008ab48b6fb39d4836f
E040,115259,slice_009.png,104675,477ef19c02148eec9b0eb62c4c52a37d10abde35d6d5059f7dd76b8270948eba
E040,115259,slice_010.png,103431,f8edcacc86591369cf464a00372fe4aa4567eb9a10810fee5c6b53173e052fa7
E040,115259,slice_011.png,101502,6121b3f7e7d25b4ad0473562c2df8a0ee4766da6398efedf7f4a5d4acddb2f43
E040,115259,slice_012.png,102097,3b232af9ff8aa6ce40fd4daabbc71714a58c98b5aafc56bc0bf109b36f181d09
E040,115259,slice_013.png,103613,99be65441e104e97f89598a5ce5c71602605b5cde4b063e09bf6e9c545cca76b
E040,115259,slice_014.png,103739,67f3515d7ee9bbfddcf447bceb50893ff2895af0e674862b8d09b97817fe624d
E040,115259,slice_015.png,102985,c5500cf441dc673f1ac0a959cce8ac203a32a8b82e6c20423df60f3c524b0c91
E040,115259,slice_016.png,101958,5817f196de277cad9b5c44f9dbb48e202af6869991e492605d836c28ceecf8fa
E040,115259,slice_017.png,101717,e567cbfde3c16c94f317a3d2c6ad4cc8af0c3cbe61f0a4e3721a7ee6819bd2ef
E040,115259,slice_018.png,102786,e7c247adeb8744cfd63b4a99ce97501e1b0b87bd72028ee978441fab2e58eae3
E040,115259,slice_019.png,105129,ec168e2ae665b2caa20a55d77077295de127bbeee098875999d99c064c30f1a8
E040,115259,slice_020.png,105908,669676acd4d9ce09961dbb0c259766a3896a5cb279f2a1684e7ab92b276ab69a
E040,115259,slice_021.png,104837,9996bacaf0a8cb4ff7289850063cadcc44d699cdb9b5b6bdc37e861def7904cb
E040,115259,slice_022.png,103637,ad48b380715f30a8f05af30fc364bf1418011f66ead770dc0071322a37d38441
E040,115259,slice_023.png,102524,eb6f9ee554d2678aff68540e78df744e09838996f2743d26ad7af67f3b88a9d8
E040,115259,slice_024.png,102854,fc8581029ff472f5128033f4feb144701f520540cc1fb2bcb9af1c085ea7bffc
E040,115259,slice_025.png,103818,f6acc7aa4d80d57493a9545fec1aebcbcfc7fa48650263e53a9c64297681c743
E040,115259,slice_026.png,103913,4a5bfb8ec847b17eb0079d40d03aaba19b59892d7694917d1e32e76089185d25
E040,115259,slice_027.png,103333,752bf505e9c3362a6e347094a5e0408eaf48438d8f31ee096c2779b0df34c3d8
E040,115259,slice_028.png,102320,1f0adb296a962866edccbfc20be5c593bfeef9b602bd41f7fc20217e84dcf839
E040,115259,slice_029.png,102326,2f3df90a2bf688d1ded8667b26921803e06031e98cfbf0b53b5d16ef847dec3a
E040,115259,slice_030.png,102301,a1753c6bfcbdcf10c7b577fdb94ff332895d6abf1c722eb12b058b919f62e4eb
E040,115259,slice_031.png,103885,9ec87a95c835e0e5eba1e369e8cff37768d3b1ee098d2d9e7102081ea83ae704
E040,115259,slice_032.png,104936,21adbe220e644947a5423d543ef8db974fa2262540fa3ae5f6ecfa86fac070a5
E040,115259,slice_033.png,104860,62e268f84ed42703be3bb47364597cd4d8b75428b9a03288449340d542145c9d
E040,115259,slice_034.png,103515,448fa8ba2fb2970bf201269437fdc23e9c192383c7e3615e13aec947c833e3a2
E040,115259,slice_035.png,103114,e5994fe7a500636d73f7d2f4afe43e4f88da9d95d9039fc1b3df0bf59c1ca57c
E040,115259,slice_036.png,103312,c5f5d6f04de07f5af33e56158753f995d5f61e54a58d65534abc965b2a4407f6
E040,115259,slice_037.png,102540,ae766d2d3e98b4a4acfaeba94631e97df6789031cfc944f18e234ba5a41eaccc
E040,115259,slice_038.png,103327,f2856f2c826dc97825778dd6e207a6b0730dad07dc3a0a2c8b3380bfa2f3b249
E040,115259,slice_039.png,102877,4f34ba5a77775ea13d606af1610afdff672d867a5715db51f5ed2750dfef74e5
E040,115259,slice_040.png,101623,bc2b7e3fc1d94c50618c3cd1b9d379613c453c8ce999d9ed01e5cdd7c912bfce
E040,115259,slice_041.png,101649,a0d9bd1fec69a1f824b725884072378fe8740cc184aeb2031e87b0a42d7e720f
E040,115259,slice_042.png,102657,4531dd100329e577bfb2b5dc8b81c95e9b683f146d7cc6e8ecf6255d8b3b933a
E040,115259,slice_043.png,102761,9f40a89631b9ed9c8892b65129ace898f4255e69b8e8698c1fce33f5dda8abdf
E040,115259,slice_044.png,103073,88642c7f88654dc529fc1c9395669d8a17550c6676daafeb47aa3e5ed2507c6f
E040,115259,slice_045.png,103627,e1945f3b51d396701b1d7c0aa9412ca0dd23786bcf5abc5ddc7e6824dc949f59
E040,115259,slice_046.png,102588,f5643663cfea67d0f1171b9fe4724bc98a50c78112537b9e6445c3f93c010838
E040,115259,slice_047.png,102668,5a245f069b822958eef08ae7e1b5a194fcaded05828c5eb91c31173d6e4b2dcb
E040,115259,slice_048.png,103322,2a8b1dee818f099c37e7cb78770077fdb3421f67ad06e45df9fc3d933683b648
E040,115259,slice_049.png,103044,498480c4104d181805ca53da6cf454914d4279d30528a04d9fdaf19312cf74db
E040,115259,slice_050.png,103583,5f2d0d3c4bb58a8ee4fa4328818190c44781d34bd8b6ddee5c4eba98d83f7bfb
E040,115259,slice_051.png,104992,99262bee89fb54f28a7dcca5471f8df45b17fabf4c1981d7e72f922078c1a151
E040,115259,slice_052.png,104480,e2b951c46cc53747716cb9aed2c2d52f90826c8a5596a3934dcdf682fa0d3c46
E040,115259,slice_053.png,104484,2c173c1d05e73741d78b21068d094c1b39e1e47c08ebd3172f0e0d82c419d30c
E040,115259,slice_054.png,105412,3349f6660c226607f68a4230b944186fe1f3d8d41820e7ff2f97cfac855899a7
E040,115259,slice_055.png,104956,ee665dd818be6a9fb90e6c9a0b2a39c6829c4a420ad1f25097f4d201ad8b8784
E040,115259,slice_056.png,105537,8709d857a5c4eedb904b2e7334cb340c99848088948c43e297616f907947b981
E040,115259,slice_057.png,106258,8a910bb6203f97de7299cfb31617d8acda1983b47e1ef676454f6ccbc351ebdc
E040,115259,slice_058.png,104988,6858b992d9cb2215f3b9fee97dbaa4ccdcc0bfdf22df06e93c791a67bddfecef
E040,115259,slice_059.png,104384,45f372442f8aabedd2618613b5a8d032a65eb49ff9699c39c9e2b998bb6c425d
E040,115259,slice_060.png,105346,07e604c2aa148f996d57b22d9cffc83a4f56299724124d3e1caed323e5ef34f8
E040,115259,slice_061.png,104814,a6150511bbca1b96dbd3ee921711c063ac23d305995a016c903a1132f3c8ea34
E040,115259,slice_062.png,105254,e934fba41b4eb1a8370ff6bc8891b4b64f286956fc22945d8a35d55e22a511cd
E040,115259,slice_063.png,106715,53eab86daef29ccee62124adf70def26a91b2624208ba762d6063a79d51d146a
E040,115259,slice_064.png,105760,836faed5e79d15164381cce240fd7af957131725365ffda40619b862b96cd885
E040,115259,slice_065.png,106244,93d2c8c33ef8575e3a900e874219f771c0b40fb0dc23092ee4c559dd73ca614d
E040,115259,slice_066.png,108040,7bbeadb5f57db569d48f1bc2c9848c36d1ecc53442e743b8769a8d1fe5a185ad
E040,115259,slice_067.png,107229,a8029a7606e01625a206034ceec3eea371a7ff7d67e37695e66201155dd909bb
E040,115259,slice_068.png,109188,22684d921c2281096cadea073cde687a6e32069522cf72f09ba7d22578b1dc60
E040,115259,slice_069.png,112095,2d67941b31f47fafa7f2b13a6ef8e8ed4ac6e22201540af6e78e9fecc86e02bb
E040,115259,slice_070.png,111685,eec26f1594a3732f80693575c6128190acd3d505074ea597b1a87317ebe44e60
E040,115259,slice_071.png,112792,b2daa7fe61eb94cf0bec39a2017acda25da112973b5deed8640058b8d24c80bc
E040,115259,slice_072.png,114638,9a41ff30a8b4d02c9cfef19ab21c818e32de1bc3f5ece3a4b334a1fafa37e5fb
E040,115259,slice_073.png,113356,b029b3199bdc379ffc08a9fb0bdd5c5393b708ab97ce19c4cd033f61770ce8cc
E041,124568,slice_000.png,93494,c85270f81864ff1a9016c44810472acdbd3618a30f070f272b95d0738a164ca2
E041,124568,slice_001.png,89419,f8c460301d8021776754fc8393be852e18368a5329733e504ac831b2718942bc
E041,124568,slice_002.png,88243,1efe5b86cdb4ff5a5586293f47e4755e6bdefafc3e16de236cf87085bac9e31a
E041,124568,slice_003.png,89194,27b6e6e1659bb7353612fa7985edcbf48aea27bfbf59f9812899d4b74e386836
E041,124568,slice_004.png,88420,a3b3e149d18cb6ea305a162c73c0a4a650a7fc50cb7f2b1f353d2295ce367909
E041,124568,slice_005.png,86445,bfd1c70b5bd693ffb346fbd70bb35819fcfe9eae067c2caab4490f8f112070ef
E041,124568,slice_006.png,86784,8a55fb787c88b0b869e9f1aeeb982be24fffc801cfb02559fd1913369c09deb2
E041,124568,slice_007.png,88454,7bea7f5a0e5696fc95caa58af1f9e12dcfc09013526c602fd7852b6d99831631
E041,124568,slice_008.png,87623,624ac3335cf984f2be8ebd62b206c5ddca1340c3a3567ba809d25076384bb57b
E041,124568,slice_009.png,85799,13be4aecf39df7e21df53cdc35fb1208d18cc270555b2b3836e97b69f5b06395
E041,124568,slice_010.png,84702,b034884fb18d756c5c452be46699b10fd1258ae2b7abba58096d2d6a3416bf39
E041,124568,slice_011.png,85036,9f0654810598a31eeb363cf78748b580abf054dafb5b8cca8830f64ad185dc1a
E041,124568,slice_012.png,82589,2836171fe4a4252338986db185535a029085a2dcc7fe0e66882d7ad01fdad343
E041,124568,slice_013.png,80339,3af502dc5284555cff29eb797e1c02ed02db738214875f11d5faaad4d6590541
E041,124568,slice_014.png,79610,ca071b4d48d1dab454ea0d7ed09182bc586f195d75db357d468c0bc20575b052
E041,124568,slice_015.png,80903,4fb9b757f69c7e76321ebe632c576344f019aafc3d48b0c6211d23569fcbea45
E041,124568,slice_016.png,80629,648ec569cd37525fac97ca57a205022f4f782287d74df34f4c2b31991ca4729d
E041,124568,slice_017.png,79220,1536a31170465821ff76c276fbad87fac13fe4c32d8f3809376b736498b8f293
E041,124568,slice_018.png,80260,8fe7290f2cc32e9f8b4b0b136c9b511a9aaa7578c7348420e25387e7ffeb7fd2
E041,124568,slice_019.png,81491,fbeed9aeeda8cab621ae09fcfda6c65340cf90cbacfa965851b035fce018ad9f
E041,124568,slice_020.png,83298,9c828fc428e1824b1c13482729fa0ee0d9ef4d755bdb6cdc94725b5cdbff878b
E041,124568,slice_021.png,82552,55d6b3f10a55b8ab9d4ad059768b78b83822581ccbee5b97e72a7b8b62f77811
E041,124568,slice_022.png,81967,90ef63529206265fc0bba5ff5eab0c982b3d894f5de5d0d7354090487019feb6
E041,124568,slice_023.png,84226,af08712578a890fef625a6fefdafd6fc412c900d5c283ec003971a89e92e9a4f
E041,124568,slice_024.png,84264,fbf8c1f650a1dbcf541c4f98691bec5535a2bca2cd3c4774c68b3d6662b87d4f
E041,124568,slice_025.png,82740,86376724e84b814b8a11b4564ab658069ae4783ec31fcf0519231415548f28bd
E041,124568,slice_026.png,81988,6f5a2d6c4f48d68a731d79bc5b8055b9df1cf74963591698c1eabc034f1aa789
E041,124568,slice_027.png,82451,3b93f889b2394dbf0c026bbb118b9b94f0f4394c7cd1d2349fa3f58607120297
E041,124568,slice_028.png,83190,84ea6b9e9b10c17ef3ff791246d9b134070464af8e9f2237be42712ee5e146e9
E041,124568,slice_029.png,81995,b24f4faae04d23b1909958e82775d629f179876f0ec13b8615316233c9007e45
E041,124568,slice_030.png,82806,87bd571d600dab5b89e586695f08daeecd5a6da88ccccbec7e865536c29eee10
E041,124568,slice_031.png,85718,d91015f2fe55a1e342bf752cb6807d56fdfe13f039707a0de3611dbf3f9aa087
E041,124568,slice_032.png,85060,c942ac6cbc5e5974f5a5423ca4097fb9f38a29e2c6065bea43fc569f5b5c10b2
E041,124568,slice_033.png,84521,bf4433d781a720931760bce916d1cdd870af3d96e56712c87cbd7d09d4f4c01f
E041,124568,slice_034.png,85753,cbfd18c81abae01ba818139f222a7a46e0467806a800678240de272b6ed50ff3
E041,124568,slice_035.png,86680,42c906de0b47fa0df59c85b2bf479a50d7a08d74e9b33ffcd7e7e8f8bd299edf
E041,124568,slice_036.png,87828,0e5daf8048c30fc7a0bfa28a3c66930cde4dbbabc60282f86cd3953d93126454
E041,124568,slice_037.png,85935,e0fb736b931d38fb643ca252f8b0351a08ed9434603bc844043ae09e5005d922
E041,124568,slice_038.png,85438,a39f17f2f540b8857f504078301c27d59e288a912344d1701eb714b09653429f
E041,124568,slice_039.png,88229,654a41521654a1b942a9fcaecbb254b46c48e1ce3ca0d8e0e1c431797d4ec1ec
E041,124568,slice_040.png,88040,00626fc4448a733bd8863919680420e68e43b51a5ce5b9d3499686e1adf4eb06
E041,124568,slice_041.png,86687,e78fb22e6ba5b27eadefe4effe0f57bcf151180c3eccc684ffa3466fff51b9d4
E041,124568,slice_042.png,85572,5036a329071af6cc207ed2c21aa24bb706873dd756f3779bb3f8dcfe7badf1d6
E041,124568,slice_043.png,87159,f37f54d21e0fae9f0e1784c3ffcd3da8eec9472f2aa267fd5898dcf526ed7dd3
E041,124568,slice_044.png,87518,a5c1351f551688b86c37988d7270723b41a48858eb1fdd1018ada20232db9f04
E041,124568,slice_045.png,85675,a05f177d6541c10abbfbbdeaf27857c5fe356290bd3a0dadd0819b1ab3aa7b2d
E041,124568,slice_046.png,86253,722f39583d9c125f8c10307e05c71ba913be068c03f3e011b54bda8e1b8aa9f1
E041,124568,slice_047.png,88228,59d785b6133d266ee4ac86f73d22021b77492144db9f39c60fd3ecaf2872ac1d
E041,124568,slice_048.png,87630,12f74cd5719b8eaddaa24d6c848a759edc436da0943c95520e340892d8941b76
E041,124568,slice_049.png,87741,d88c68fe5c47e12963fb9fa745aa195bced0576ad05cea44c40e0fd94fbfaf7d
E041,124568,slice_050.png,89089,cb072a297796d96c1e9b93cf2dd354cab5a89c1c796d9b9a791bf513768d82c4
E041,124568,slice_051.png,90252,75f6a7d3080138b3684edc2cc7701b416d28e766fc333dc21d3e24db45d9d6c8
E041,124568,slice_052.png,91070,50359adca83295889ad239743f25ff010d4576b950d02800c89006c7655419b0
E041,124568,slice_053.png,89233,8edb60792f9d147100e1dc8d4191e1462dad1a944acee8b9fd7f1f4500369b81
E041,124568,slice_054.png,88636,4bf9383290675a9326572bc6d0358e4de9eda6e59ab9ecba0edaffabfa912ed4
E041,124568,slice_055.png,89887,cafeecefaa32a72db551b60b39d367d079f7c0a3a3a292166d5bcabc24ee6705
E041,124568,slice_056.png,88720,e747dceaea670f5511269a4dc0cfd9b09c3626f3e883d37ac88bce614525ecbb
E041,124568,slice_057.png,87108,f9fc8cf9a8940f78b42c5b66a659e8bd3011b1d1181d571acfe3be6b75aaa9a6
E041,124568,slice_058.png,88390,daad72235bf0ee1b3ba07481b0429e5f14cea1c90f33f36460000ca812543963
E041,124568,slice_059.png,90814,aa6b29be7bfb29284d6d92bdcdce2049b529e67f3868ddcad1d40554ac052882
E041,124568,slice_060.png,91122,1e0a8abd8dfd6d4511f95530ba6f1bea399836cfcb3b6f11f8aae4f54ff2f89a
E041,124568,slice_061.png,87412,63d2365e491f22b71a89447e8b3ce76d82601df89063eeb3d4df56b5bdb7f793
E041,124568,slice_062.png,88049,dd94938b8c2be2c2ed6a915364f499d7eddd5fd88a8adf5b255e1b9e5e8a5b6d
E041,124568,slice_063.png,91223,18214e8bbbb19ddc70bb89c3399e053600f0bea16618fb0b256157d8abec0900
E041,124568,slice_064.png,91085,312771c3325ea18f47df98aa51514d1203a455dc5c43b53c0129c06380263134
E041,124568,slice_065.png,90253,a00a4f1309faf265bd8622e7ff3ef01e65cce6b1d0bccffa0ab272db8a24ad98
E041,124568,slice_066.png,90703,9a4e90b5bb6730df284e746391e1cc446779637d2225bba3395540a9dbcf00c6
E041,124568,slice_067.png,92061,90835b0ae5f1f396a24188932f143f09939c169a1c4ab347e56617fc430f3e82
E041,124568,slice_068.png,93798,e698b8ef7d178a5f5439c15d0c470bb4d1e3ce0f1e1409666e7e601157ec40cf
E041,124568,slice_069.png,92535,4b3d827ed46f1281c19a576deae61f8260829563c06dc86d6d8555c52761a9ed
E041,124568,slice_070.png,91774,0bebb86e9775dd17919533c81d8dfe58e259e5db00b9346ef12e937df1acaa7b
E041,124568,slice_071.png,93421,4beef5b035f71eecda6a17e54d77fb99093a798cc7e5f39eb83c6279e605e184
E041,124568,slice_072.png,94202,bb67036b297b72c1740967b4981128669069b4a646726f253428d3ebe6ca7b3d
E041,124568,slice_073.png,92266,b89cbefc72ce1c4a63fdf2a722172886c0f35030e3f366b145b2c18d8693d27b
E041,124568,slice_074.png,92308,435f0feb24c591dac010b340f908bfe1f9ca76a4583f2aaba1150aab6ca658e8
E041,124568,slice_075.png,94850,ed4420f3db25142648fca70022b59be5c9b017d2f6f5fefef8d14cdd067cadfe
E041,124568,slice_076.png,95749,d32a633adb86e7b532e543ff64fa028a3ed5ec795667b2880fb2db63d79e025c
E041,124568,slice_077.png,94396,912fe85231c317031aa19da67ab0a00266bc142dcc2a47080e11d975e7ab3565
E041,124568,slice_078.png,95529,ca8907ed4ba459f3543836d2b98bebe6fe1f2a986ba03b3ef338b70e84a091ee
E042,206081,slice_000.png,121812,f1899f98d813d040854181e5dbc6281f9e954950ab9d534ec914f6450b0f3186
E042,206081,slice_001.png,119767,9c9348b4f2da5955e8d8b487e66f927615224551ac02e73e85fa3e878a9c5a52
E042,206081,slice_002.png,118479,57c38a536834f70c6e3d2ddf29760757e9a97de937a35ea8880d17952fdedd9f
E042,206081,slice_003.png,118628,b63a5bf3e0ed3c0bd80edcf7eba2b24ff7571f0dc51a49045b48cd890ffcee4f
E042,206081,slice_004.png,118126,bfdd4cde6cc71446f30ef362c6296fb172dac87d467692c21a5c4d4e6f8d824e
E042,206081,slice_005.png,117533,3b022368e540c5bd1bee3b200e20f10c9ed74e955f277852bcec90633e5b3db8
E042,206081,slice_006.png,116028,bf4eec9768cef853adbeab78c8214c916be6ec14cf055770d6bd2c4d98e767b0
E042,206081,slice_007.png,115375,6d2a74fa1e3bc19c32faff8aba1a3a4e816d81a22ccd99eee958cf7a7bf85673
E042,206081,slice_008.png,115265,a34646040c9994d3fca69f6a2db45b54f23d55a487b3261adce0e086b397db0d
E042,206081,slice_009.png,116218,5faaaa42c91cbbd4b54b5f2c1f10bcf82ed6389777331ec38bc29da0f2f33888
E042,206081,slice_010.png,117270,78a493636c7b437c0e2a44bd9bb13ebc6feb9aee26b8f55ab95baca7479742e9
E042,206081,slice_011.png,117767,6805e580c0f40e2e1fe522bd7aa930ff7a3120b3e4b3ef4f592d9635240fe678
E042,206081,slice_012.png,119460,1828729854f5ada6778249dadf4e9418d6cced9cdeec4b2a9b01c5af72e61876
E042,206081,slice_013.png,119826,24e32d58db481368ec42c971b5cd0796623637531e581a630a88fda42efb6350
E042,206081,slice_014.png,121379,4cda1309f2b0b77ac28ea688ff825e983684b88648adcad3a15c2dd0c776d573
E042,206081,slice_015.png,121426,3697b76ac3efa4aac40b3e0deea86e6ba64095914c17013dd4eb8562bd7296db
E042,206081,slice_016.png,122546,96b72efe50518e1d03f71851309f34e58f77132dfec40eaa5857a4a9962ead72
E042,206081,slice_017.png,124045,79c105bd19eb910a598b142978a535574112167ce7394ebc01162ae513d8b017
E042,206081,slice_018.png,125630,cbdb9fe69577914aaf765c383355bdd632e05af2811f865f196b3113ca09c4bb
E042,206081,slice_019.png,127047,a8e5d4cfa25fa7db4de28605ed38f1daf30fc2a7a1d6dfc0106b60942bccb3a3
E042,206081,slice_020.png,128271,13bc70a226f550d4e4fa13ffdc99e7ca3c8cadb0b61dbd7cb1ce7e38308f601c
E042,206081,slice_021.png,130104,447d1f505d64edeb1a44a7a43f56949d06367df511c79047e81b4308314d0b89
E042,206081,slice_022.png,130970,133e3edbbc3424315c0a999fa90103093c9f63d12f178cdc438f31008bded860
E042,206081,slice_023.png,132027,94310c9f780620cc374f8c9ac4a1dd5bbd90c044642a91152ee8b3e382713f4d
E042,206081,slice_024.png,132418,22e511c11cd8d4c4a55febdc86d71e7b837dc597240f7f161b321045a8102254
E042,206081,slice_025.png,132484,7f3f5714c4729d60eee513ae9517056c5d64843c70412f1dd1cfe75058bcbab8
E042,206081,slice_026.png,132581,bd6a52c76464e1fe92b7d4f1345ee452c073f4dbb5e57a77943314330fc85c2d
E042,206081,slice_027.png,133396,ff6190a1e98760c885118718755277815437a56e9daec800128540e1fa6dfe26
E042,206081,slice_028.png,133314,9800d7d7ae9070b306c4a7cb83e2821f7dc6fcfeb8fc8b70cfcb74a0eb32e7bd
E042,206081,slice_029.png,132830,fa4f21aac582c0c9e33579836b2ff84adfbc1df81e35c8f33813874aa36ffb16
E042,206081,slice_030.png,132437,af3f246609c2f86ab97d5cadcc5e650ef1573aa6d9d5ed7c5c0de195e5e52c97
E042,206081,slice_031.png,132125,1ad1a8e1277ce99b8336bd0e8e924ffa69f8677198546312b741222c952d6d7e
E042,206081,slice_032.png,133697,f70658e2e5aef76c8b3f372b694ab69bad557c9b2b0d9af626f8506b157f1d0f
E042,206081,slice_033.png,133636,fce66f8728e80acaf86271574982fa8ea340478c0dc3df38e9757a56b9c5ad28
E042,206081,slice_034.png,133463,3702e12dbc983514dd283fbc909790484e209d8bb6ad0dbea3988ee50e9e3dfd
E042,206081,slice_035.png,133421,3a44d68b3ba457d31cad5bc46bbd462f2c4b7477240c3d86ca2ce206fd860dcc
E042,206081,slice_036.png,133893,252add888a99598ab3d9e8cbe0c77d1f5bc649afd22cb2a687a5dc53d53a69fe
E042,206081,slice_037.png,134565,bc95fae0ae29c1e3799797a4ffc42ab43a61a027b2f609155fd34d16d1dab114
E042,206081,slice_038.png,134710,e74e4dc83e3a0e97bff3314cb807e431c35969f6239c7896236a5140a0733ba1
E042,206081,slice_039.png,135755,fe59e77b51e60553595c5f568d9f30327291aa94a6ca08d36bbd1de584bfa3db
E042,206081,slice_040.png,136241,020ab4cfb04352759813d9c91169e6e215a36a18fbef851a16c8bf1595c0829a
E042,206081,slice_041.png,138849,118967599736f777409f352cc733b5ead6d06ccc7ba67da26ba88c3ea040f414
E042,206081,slice_042.png,139379,1392569d3b12130a1e57f99ba6bbd11d808d06a9feb81a709954718defda949a
E042,206081,slice_043.png,139279,f6b3be3172b47746fd2746e866707a3750f5340126a3e48ccf174ca7f3952baa
E042,206081,slice_044.png,138623,be66ee8e2d8343b4e9fee6edc7ad760ef901c4dbb43345b29f7ede1cfea2a89d
E042,206081,slice_045.png,138846,8fc6c3f52958f04c2b0cf0f9892f34c27a75adf4be645fae0c8aa4e181b33265
E042,206081,slice_046.png,138320,a81f7da5c3af1ffac314476d464d258cd85d20fc6de0eb929416d29cea6ddd9e
E042,206081,slice_047.png,138511,c7ce4e265f8af1c5780fad4b75b470cab0fde520871566fcd4fd42fc65486e6a
E042,206081,slice_048.png,139814,75d6ddfdfbabf4370958df7578bf74bef4483f8b9302726a6f45a309be2c37ce
E042,206081,slice_049.png,139747,962d8ad41adfad89b5e854c056f76244f4c1630abf8814a3a2314fbb5d3e3b2b
E042,206081,slice_050.png,141123,10138dcd81a86806222c5396c76eed2f83b090aa56c26f4fbfdd08051438351f
E042,206081,slice_051.png,140975,3cead246263f49c50a365a1f632a5d23f26be84eae98199efae6e90e703bce75
E042,206081,slice_052.png,142008,66a5ee1802d39e56c9084c09c8fb4b732788ab2d5bd0946c92ce36aeeaa1c196
E042,206081,slice_053.png,142457,2409953fe96d126476d30d984755b79fecc8acad56f44b72d91f1ec3bb7ede36
E042,206081,slice_054.png,143241,234d9082daf1080eb7172bc23f2fb880ee50a09853ce98871aceafd14cc56841
E042,206081,slice_055.png,144218,169dde4d21c5564edce60b2d7c019b6d6fdaaaec05e85a10bdb96462c8ef73dd
E042,206081,slice_056.png,144634,540017ad173f95581c62e631fea2096ab3ae1d2e9f22deed6560dde98d9b1c55
E042,206081,slice_057.png,145400,5daf7bca06b110f11a3206db2d8470072b80b62f6196db51f7a5f437c9d4871e
E042,206081,slice_058.png,145362,af6b0ee508fd3944b2f6861b24fc036938d704ce779be749cfc6fa69f541f047
E042,206081,slice_059.png,146664,003cdc470754041f1a9fc108279b52fd7d7e2d7331b90dac615d1756b170127e
E042,206081,slice_060.png,147891,a8efd4767821f174285d7d098b644cdfc38264a4765f766aba5d817805b43c8a
E042,206081,slice_061.png,149643,1a8e826e09c37ea93ff7a5b239edcf8834c6cc475e41dbb252fa059e05366b27
E042,206081,slice_062.png,151682,489b24d5ce8e6f451890fb355165ccf9e5d89642eb9208754373a28edfd17d45
E043,204460,slice_000.png,83695,a3edad04db3e675f5ba8b6d18eed2e4a5462742705e41338323e79fd03e65de8
E043,204460,slice_001.png,82672,f86310ae23f3af4e84e6d1c122453339c54e635deddd97862f2f8153a3a44957
E043,204460,slice_002.png,82463,93863770d074419b680378e59927262bb0b5b749821a51ff1610995e6ce77af9
E043,204460,slice_003.png,82653,884097f9b336b1020a218a1189f0c4816c67115faaeed7a64a99b7e80e4e4a9a
E043,204460,slice_004.png,82028,294b7d34896c5c221342733ce239e98737472ff23f7bf229b07a73dac3436198
E043,204460,slice_005.png,82666,e3a71bd03faf65bbc8823b6e5bf75547bdf34cd90243bb8c2148612f75ce26bb
E043,204460,slice_006.png,83140,87b192d12c6b976a4f550b65d87a33c868921433095cbc709a008a451f238de7
E043,204460,slice_007.png,83368,8667d44d30ecd75fcdbf7aa2ff54489fd0839efea4b998931e6c395ac523544d
E043,204460,slice_008.png,83946,2d4374d7d79151296da90bac1a36c1c9f747ce41443a26d74e2dae285834a5d9
E043,204460,slice_009.png,83309,8fab43e4307a4ea0801efa04997814e2735973857ee81c231e75177d0c51b291
E043,204460,slice_010.png,82655,139eab6ca0bf0d38db96a4bc0c7ceb8dd5e2e247bd62f4b049b53c4bca94b5c3
E043,204460,slice_011.png,81843,4b4e6c47d78588e68326d14287749e7fc9a64855c9eff17d92b4721169d94008
E043,204460,slice_012.png,81996,6f46cc700d413c4fde20b4d9e42330fa74809fb860a5383d8eb9870c05f5df9a
E043,204460,slice_013.png,81481,6011cd31fc3e0109963c23b055b31a6d95a688ffaaf7205521e93687f02031cc
E043,204460,slice_014.png,81775,0b394babf5fbfa42138ac86c45a983c6323fe160c3bef0700618603061c1eb32
E043,204460,slice_015.png,83125,f478dfc0afd6156885f4ea6a9d88f6566f28a1d2ea29b9cc27e1d741b8912ce0
E043,204460,slice_016.png,83576,64f143d983b3743e4b16019333e43c0600a7bbb30cc2f72d896321c507cf2bdf
E043,204460,slice_017.png,83519,e86f7ff8f6c7aacad5db7bf2cf1fd1100f332cc91032052175463e646c41dcf1
E043,204460,slice_018.png,82301,2e6dbf19c5c954da837715a71dc3bcc5026f15fc0527b47a63e56945e7c6415e
E043,204460,slice_019.png,81636,e684ee33f930e806bd6b59eb4208ea2cc1686fa42a0aa66ae84201d135a12b83
E043,204460,slice_020.png,81167,00ddb454979f6113dd1de6f45c4f6aba0ed6f05377a0777b3ca07a8ba34d89b2
E043,204460,slice_021.png,81120,350aa6062897939688b74c79dca8e1862e059b7d153c66cff89087d0b5fd563b
E043,204460,slice_022.png,82669,648e4d869761bfb11c9f75fc6e44b1fc3b0da5d6c5d703dba3e2c28ff1162ac7
E043,204460,slice_023.png,83569,1b4c8e1eef87144088369d0a1da9127308bb387be322393082c00a39142cb71c
E043,204460,slice_024.png,84057,5be1d5a78dec18fd824ee4bb388c3f6f0773dcdba41e125cfcb38fdd44298478
E043,204460,slice_025.png,83005,3b24d2ad3e222a34e7c790f344c76fda1cc482b0ae5672ca3f824c4cddb468bc
E043,204460,slice_026.png,83000,59cd4dc851005e8d96cd50ce1e11284719eb6b3ad993ddea875650ff35815e03
E043,204460,slice_027.png,83170,39a54121f935109ac003644d8eae15335356432c456686886082a17b76fe2fd6
E043,204460,slice_028.png,83859,d1a96c1ee8edd22173ce179bc795e6422bf8c746fbf2ec1555e6e53ecc2ca856
E043,204460,slice_029.png,84967,cb83a21505a825ac0d24b44e1df33857248673d9180a7de91effac9ff71653e1
E043,204460,slice_030.png,85014,1380392ba32b903940d7f0d79b18ca8b1261588260a1f24edea4f19bea827f25
E043,204460,slice_031.png,84531,ef4229ef37399812af7de6ecbaa17c8f8f262bc4a16b28d74b3ab8d3850f5466
E043,204460,slice_032.png,83573,6d1e9ee78336b858e1bbd5d9ad2a650b05cb7d677553d78231e43e3a1f95b897
E043,204460,slice_033.png,83627,7b27dc19c86c88757a707192737b9200750b66f603444b2cc99edff82b2292de
E043,204460,slice_034.png,83479,6cbcc4d14f5aff9c126655fd1b802baa26075a54660233d6771681e4be256f7d
E043,204460,slice_035.png,83547,33ec5f5277ef0e7b8cf53ccd632381328341eb486091bc807672c5faee2f4d1f
E043,204460,slice_036.png,84126,41052d4af1701c2496146706f970a59405c44d65d74d7babf179b37bca0e0207
E043,204460,slice_037.png,84518,e9336dabcd6cee4a51bb4fec0c06e37c6bf1d6a2cb1269d74f3a3def79ae1abc
E043,204460,slice_038.png,84262,ccaec149b17be2910084771bdebc9ab89853723f4708db48acd92f97928190bc
E043,204460,slice_039.png,82811,f09082a97bddd6525991ed4609a99cdb25cd1742c155074c356ff50f1500d2c1
E043,204460,slice_040.png,83183,ddbfce56ca51449859138cb9e20204a5757366f4c220bf17c72784728c199e9d
E043,204460,slice_041.png,83521,7200d7f67dad8257b3755ffe349d7228c555bddb930464ce4aba1a72263a34c6
E043,204460,slice_042.png,84417,5372b16f6c8a235347649ef3c6a7d3c68c8bf776b7c2b5d0736ae43c5626b933
E043,204460,slice_043.png,84947,8d24e65e45ed1984b41327ec1114b96d231982ccc90aadea8a8dcf0bc77958d4
E043,204460,slice_044.png,85745,9121e72d78d9beea3f70ddc7d941c0ec5453f201d8aa7d2428419c7c36a3bbbb
E043,204460,slice_045.png,86163,6634ff78078db06f6238fb7f285ee3ec7d27cb47581506554e85ccddfcd66f45
E043,204460,slice_046.png,87207,4ff01f21e34936a41cf1eb723f0cb7df0919dbab70fa734ca85895de32da591f
E043,204460,slice_047.png,87718,d7b357f768f983dc196109f6af495b6efdc35811340adffa0dda88d70aa30027
E043,204460,slice_048.png,88974,ff6f4fa041650afc7605c0f902713c1210b7f8bbfe1a9f989094cd2991a4e7f2
E043,204460,slice_049.png,89572,af6d12ee4b2c17497ca0889a4bef9a37d8f18b798bd0f67398ed81ac4ada0fe0
E043,204460,slice_050.png,90670,d93665260360ad751498b414bfb77f14ec6bde6288e18eb8db8c27ac4b1c33e0
E043,204460,slice_051.png,91735,00844a573c075f8febec1ed89f31e3b1deb3ec1db699e1020db90b5f00a68e82
E043,204460,slice_052.png,93027,befa41f503787adee6cd317c498ba6b449603ca50b6450ff5a0a98a2376b2e7e
E043,204460,slice_053.png,93958,210d5089e73b3167f5ea9ad3a406d297a5a10fbbf81625a74187e601d9eed28a
E043,204460,slice_054.png,94618,ae41949542adc5ccf70435d513242d5cb1aeefd3b1fd64aad4ed1d4624b439f4
E043,204460,slice_055.png,95262,708a46117890b15165031b657fb25346bcd37ccff19be70e6a3732c5b90926db
E044,125808,slice_000.png,64413,924d8b95ca47782cbd37f97d2165bfb13c1d9a04c412f9c5c7f5cfab9c1c7648
E044,125808,slice_001.png,65231,5e04a6b8721485fbf0b999fe4b06b8dd01ad2e9b51c0e310555bf3903793f788
E044,125808,slice_002.png,66403,009a8c6692abd9c311c0b9c895fe21e784a083c83ad1b8109a0e80b139c9b07c
E044,125808,slice_003.png,66749,380b3e399b42ee1b3de989efdff51327740fea64ed6e4506782f397f533951eb
E044,125808,slice_004.png,66669,b6f2f97e81596809299c604e442fc6099168c6537aa88761f6a2d449484ca878
E044,125808,slice_005.png,66130,2ec2faf169c4cccb8757c41351d0e77a747754a7834bc1420d4d0f4337a587b6
E044,125808,slice_006.png,66773,d3b704bc56bba3d3ca579c5feb844c64b6af76a0f25d9832c6e31faf3baf4672
E044,125808,slice_007.png,67317,cddf9bd079be43dfbdb36d79c61917fd94f999673bfc6123def31967a0543002
E044,125808,slice_008.png,67039,1ada99123b276290ac50e9e088a545aaa81e9ff169813d1b155d177db55213ff
E044,125808,slice_009.png,67030,20f596020d419d24edbc936169e1d086fefd1fe9698c5724f43d8d43caccc659
E044,125808,slice_010.png,66938,083e0ce48da633c8c57fa0ecdcfde5a7127b9e50c409c55bdf23b3f5c8fbd3cc
E044,125808,slice_011.png,66639,9d1e82c34e3ce495aa759517999b87d6db4b8d37efa4c0d9c50acd2ec358510b
E044,125808,slice_012.png,67428,8f25164abb1e9deef7a0e3a6c9a127c7bc25102e7710396f9496d0ee52f3e51f
E044,125808,slice_013.png,67279,b916225bb56141c443f6d609c4909ef8f76428bbaece9121a038e9ce8478ca3e
E044,125808,slice_014.png,67179,188c826a36479223b1cc97d8ab1319d6663e264e9848f203a92b3f1c476eba1a
E044,125808,slice_015.png,67852,c52f14b0ce4801a7c45059444cbbbdcedd2ffbae9f2f445518e126101cad99af
E044,125808,slice_016.png,68108,ffe0e3590c288e9afeffd819479c7aa94cf7a9e6f27e4dc20a9b642f54159689
E044,125808,slice_017.png,67577,a89568172ed4b02083782c3821a7f4b2f95c8d1dda3d09630d160217d11bb5a7
E044,125808,slice_018.png,67093,9f35df1fe8fa57ec37870bad1b2df445b2e191b65b1467b07f86ab07bb2df288
E044,125808,slice_019.png,67798,5df396d8760b35353bde3764b9126d3ceb4b7ca0993d52f8b25af7ac673a39a5
E044,125808,slice_020.png,67990,f0d12c42be9cb8538df184733fa8f85ef4a196dc0fce3bb07f72ffa46bb0e1a1
E044,125808,slice_021.png,69041,873cfc015c837814f0a3ff18212cb3cd10537221f3aabd3179c41a4a22202d47
E044,125808,slice_022.png,69465,f3bbea7c42559ebcec586711cdbe2c3f96349512bd105f9a7c22302f84e7f4ba
E044,125808,slice_023.png,69136,b143d6386e27f92c3e53a52d39e31ecba15001b12e2c6c3f89d3517e87564960
E044,125808,slice_024.png,69640,2ec1a4610ca8bff4124be600af79d62d7c9c7973736bf3f14f256bdf0d135f16
E044,125808,slice_025.png,70114,0e434bc4ffac92fedc1200313f83fc8860a8ea858a5999838d6521bc7f16302d
E044,125808,slice_026.png,69754,4dacda0f9fe629fe9474340bdf0e36529e66b053bc7c3dc0729b54412fc0d9f1
E044,125808,slice_027.png,69578,10196c0c6e2aec9b2a4738039f97e8cf077f79c96dbdb15bfeb5044f769defb7
E044,125808,slice_028.png,70760,27d87ea5553552ed8148ae01a7e6d671d0bc8406c2ce4ea3e835733ce1b34dbe
E044,125808,slice_029.png,70269,83b1cc8d10b0e54c1d52b9cf8b481d8288f47e1190673bbb1471668927967a85
E044,125808,slice_030.png,71555,eae037989e99974db4579e0c51eed475ed3c60e97f876f7eada56d64f1c1244b
E044,125808,slice_031.png,71791,9c1059560753e156786b764d275bbf64bd4baf9b582574903208a0825304b735
E044,125808,slice_032.png,71369,54835eff07ffa3e6dc54e527298a163f39dc295754af88677cfc56d3f0cbb782
E044,125808,slice_033.png,71557,9c812c575b2ac7bc26b522d866df2f093933e37d5a510ad457ef7d40bb09593c
E044,125808,slice_034.png,71297,51389e320c6b9787ffd4433d63517dd30e894439b9f37d72a68f0a88f5ca52b0
E044,125808,slice_035.png,70408,444618286b27d2bbc7bd1def09652fefc5ab1ee24949432a1642231ef778482a
E044,125808,slice_036.png,69974,ced57741eeb7e686dcd301119e09ea7ab3b33a959e7f5df198ae34759c18bb61
E044,125808,slice_037.png,70292,1fde43ccb0b2749a4cd36f3b0f9d3b963f3e5c8a86ba61aa03fa67fb07ba8e68
E044,125808,slice_038.png,70381,a1bb623e052818d379dd78a6f9a3c39ce3ff47197fd1a6c895bc4f551b524b2d
E044,125808,slice_039.png,71657,6529195f6ac4397ce0d0f188d28a021cf7eea6ef488a4a842dbd6f005a3a38df
E044,125808,slice_040.png,71433,1f95ba44beb8440d5f0a22b5241a78cc7df6737475e110103bbce1073eaf8a07
E044,125808,slice_041.png,71077,2ff2018d261575e3a0749aa858dac78f1bdc41c7d018fa8a83468ec4e77e70b1
E044,125808,slice_042.png,71539,5bc62e548f8d3870d6d4cf6652a3fd127d295c786213dca2aee68086d05f2fff
E044,125808,slice_043.png,71877,5bf398764b13958f879596130266f7435f58310324df4c0c43f8533e00dd3c81
E044,125808,slice_044.png,72156,53b95edd175f145f5c5575ab93310f1214bd87484e886340b4d5b46022983d57
E044,125808,slice_045.png,72157,aa31b2f4d8f58a6a9f09ab078baaa6d0b1882a678d1de28e1601124087d5b69d
E044,125808,slice_046.png,71979,f13ce8c644b9a747d2baa9f6ce8ed0185f8ffc1833ce88e7f6862868987916aa
E044,125808,slice_047.png,72096,4a419bcea5aa590de3cb15df26215688dea184d30bdc8f894b8165c45d43acb5
E044,125808,slice_048.png,72251,7fa6e673de9c70cd9355e0becf4e611a906e735ceeeb8d23e2c5abc81140e292
E044,125808,slice_049.png,73224,3931ef892380e25cb00114aec873e63d26227e4b5b8b294484b72fae88ecdbdc
E044,125808,slice_050.png,73761,6822ebf54dfc41c428d738269aedc1d6e4f3a89f07ef0bdbb6dcd6b8c62d17e2
E044,125808,slice_051.png,74428,1aa1ff420f681ebaeb98b483a2dc5860b7fbff75c389aa6b663c11b78fceda19
E044,125808,slice_052.png,73834,0bba76c88fcbac5ce122f6b26b55aefdf3328ca551c3543df7fa5c55f51ae8e2
E044,125808,slice_053.png,73361,afcb29435ef047df74e5377d8f91bd0ebfdbc85dbc4e56323cc6b7793322dd3c
E044,125808,slice_054.png,73702,4cf7eabdf65dffc75a9af1b3ee6a144b57daa5e08fa240c1d7c49826510cf44b
E044,125808,slice_055.png,74536,1207827391cb4042768c41ea8203507239347d358fe83b575fdf8c878ba28098
E044,125808,slice_056.png,74950,e76f814d78be7e5ea37ce932773d07b65cf1c61f8e7adb547e56728ce9f99afe
E044,125808,slice_057.png,75582,8c3ce638279183711b055faa14871263536926615f6118c7a2de0aab6a2ba6aa
E044,125808,slice_058.png,75773,4e2048c8374abce7d3daabfb3fb1ca1044f384268a63a57fa46607571e5c3d79
E044,125808,slice_059.png,76610,cda7cb2311851c4a509a459d48471348c26bad1000c3ef99a9a67a5f49798f75
E044,125808,slice_060.png,78238,b3095d963652917c34790e7f21b5e0896be6c9378eabf056999a1ec5fcbb56d1
E044,125808,slice_061.png,80018,446a3f500619edc1c6b3d61b99c17af9a23166c7159c728ffbcbfa2ca154ffae
E044,125808,slice_062.png,81912,9c58778628eac91d6dda669b83a1624aeca49abc9f3fc5c69ef22dac27199a36
E045,112633,slice_000.png,56888,a84f622a9683dbee197f5d3432ce547ebfdd411d8373f939668ed8c3abbbef45
E045,112633,slice_001.png,55321,420e5b71e37eb718886e8d176fa3dc183d0c371418ce3f82977c0f7a760d86fa
E045,112633,slice_002.png,54983,89a398b05f07b968cf92c085fde6a3526ffdf2bda7c9c52b65a383769c20066e
E045,112633,slice_003.png,53245,62ba2c1ecd9f6ab9f6912f23235f5649f0d5ff800aa6abbc6be3424053f50ae3
E045,112633,slice_004.png,53183,6fb6dda232beac3a5f2ce29fc3410cfa8609446b3135129a717df5665d201012
E045,112633,slice_005.png,54365,5957083cc4b0402dd09648445611f4a09824a4d3e0c66994769572b093943c65
E045,112633,slice_006.png,55108,23c61a58ee34456eba23627416c4e550b8447661d34d35070aaa257004e70dd8
E045,112633,slice_007.png,56163,20bfd6d666769928515216260aa50b980215dde52bed9e15674cd6636eb1808e
E045,112633,slice_008.png,57076,9c83640d8a87afe348d247102a61aa499e42a737f6fb38295472cb56573f599f
E045,112633,slice_009.png,57327,457719f49c9ada32ae22e1b55612b7fd9a6dcef4a6def995940286bff2b9720f
E045,112633,slice_010.png,57174,d531423cbcc49395e9282b107de9310c5148ea1c35937eaa80a982b0fa39f179
E045,112633,slice_011.png,57888,b7ab366cc641f42d9faf7a27ceadedfb97c6199956ecde092ad85cc02462e415
E045,112633,slice_012.png,57810,f0a8d9c673bc5054660c80c217068719b1ee0838b878bcdcc15431abbab2038c
E045,112633,slice_013.png,58501,da2178609f7497a1db5af1365ab44c183d2ce94885c09bffc1a0d1662a113004
E045,112633,slice_014.png,59758,a243385bb4692aeca881b61aeed2385358b2d977a5ca0727d74c63c482015b2b
E045,112633,slice_015.png,59165,cf7ce431ed45c61775fe4bad1c4535ba3d5e7c4f2f57a1a096b0280064f394f3
E045,112633,slice_016.png,59879,12fa725105653dffd184af165614bd0c246244622e85fa32a2242af913c4388b
E045,112633,slice_017.png,60994,93fd185fbe17288f2d06a5d415c4841b06181d69954a8706c67389bfe069172d
E045,112633,slice_018.png,61292,1ef46a9874e4875255994a2aba97ebed5e0a800e9b287db2014d0f85b677f6c0
E045,112633,slice_019.png,61104,12b009f9b3b46947a6b94c843228ef5cffa53e445e55abee102b107388a08868
E045,112633,slice_020.png,61562,9025e6f8a6e566ffeb26f55241e7f6565745ee80c67db5b37d521d5dbbc9a645
E045,112633,slice_021.png,61283,1cab20641552075aaaa64b9bdb060f331b70947314b5b95e8cbca71025a8abe9
E045,112633,slice_022.png,61188,8afd1ca4a1d67c43ec0afb50ccc2f2cea85bebbd6c951077410cc0aada901793
E045,112633,slice_023.png,61247,a3e990e91272dba81649f8922a6dabdc4fbe8d98374ee1124b6297b50d3d1d26
E045,112633,slice_024.png,62112,7fb0503e9800c4bb1973b0fc6f7644337abb8c9aa11b8b02a59e04c3edb454c4
E045,112633,slice_025.png,61620,6730bfbbeda49452c9e09bb9ea631126069b9b555a840d646b3198549dac7d53
E045,112633,slice_026.png,61555,a227b237cd900ea8d4a1d589963c8d74b304facc1989a0a6921e7cccdee3110c
E045,112633,slice_027.png,62230,9c8aef4450ed48861689cfb968d392c6ab0d7156d094c9cf4068adb5450790ec
E045,112633,slice_028.png,62099,8565e8b7684d08aa7253d36b54ad6557dd3d120a2e99c9fd93bec4a77358061b
E045,112633,slice_029.png,62487,d69f24e92f3be7aadfaae6344c52fe0c982a17e7502482acce11231acd9f8dc7
E045,112633,slice_030.png,62761,3502fbb5f5b07bf81e6867a78b3e2161a086958b0d58c22bfd6005a49eb5b946
E045,112633,slice_031.png,62673,3620ad456fbc304996ddaf250e78195427c935a746d2f6f7988117599ffe2105
E045,112633,slice_032.png,62224,9e6815c0590f06b42e5a6e2735cf2e2f16ecf9d41cfb1662c14bb101dc166e1f
E045,112633,slice_033.png,62157,3b5e323330e99d94ebd4519020f372f7028d95bbcd56e460e9e6078c187f187f
E045,112633,slice_034.png,62557,fff669a211128693bb3fef88bff2eb84400b15873bba61de7d4e5f97c05a590a
E045,112633,slice_035.png,63115,28fad5e4b0a1be80f0dc7ad919261d02270af9334fec1112111c14c26c16f564
E045,112633,slice_036.png,62942,ca8a44899046668e5a04e19a5fda8147e6f4a652fabb4303d831aa80c2054755
E045,112633,slice_037.png,63554,9a12a65db3480636331fbd3c2a51d8234c84a3f25c24c14f288bfd58ab5459c4
E045,112633,slice_038.png,63454,14e24a00742e866408bf0f1dd8e4458958b8574607b96e43f5ca1912282b496d
E045,112633,slice_039.png,63632,e366695b3d57dc942d76332274db856b5f1b8ff60c3a09569c4c86330bcc1840
E045,112633,slice_040.png,64194,0464e70eb8f000dd73d631b9ed3b1faff18d281ede324ba0c24cde648830f1fe
E045,112633,slice_041.png,65079,518741c1cbf8a61fb50f46d69e39c59d21814ad88efab679f5514707167bd5d9
E045,112633,slice_042.png,65274,eb911336f124b2a6e56a99564a542650c128c3fc1b4e50082867feaeee80bc37
E045,112633,slice_043.png,64109,73489a2abc71684bb521dec5dee8ad36762340cf05a3518917c9366ef90906f3
E045,112633,slice_044.png,63288,04426feee432438e82a72d42c5de5545b76aa2576f6c9f731d1dd7de598bed14
E045,112633,slice_045.png,62557,2f5adfa2b4ccd4cbad7df89a3cda9e38c04b386d19169523036c320eb973e158
E045,112633,slice_046.png,62808,3a0a76aecba223cb4387bfb4fbfab073e00b24a55403b8fc2f72b762004d01cb
E045,112633,slice_047.png,63838,4c583f3d8fd0d05de081c60551c12a4cfab8c6088c7a14a21b7a2d72d6af6f33
E045,112633,slice_048.png,64504,f63d9c70bbd06aa5d3d4ee523c74c16631cb82d84831f51825b78a6b1948c4c6
E045,112633,slice_049.png,64478,8d765bc16d43b65fced2de9b186d58486f4991621da62a85f3de6adc1dc239be
E045,112633,slice_050.png,64181,9d903237e81f5e22e5941ff731ceb78224c5c617f7a1e2f19b5e0e6569ca09a0
E045,112633,slice_051.png,64213,c8b4c9ae465ae4ae29657ababde7a4249fec8de8b89748e6f53564e3258ed9b7
E045,112633,slice_052.png,63711,667d8fa942551e338d3306e8be6118fe474cd3427ad272bae9a77105402f6d7a
E045,112633,slice_053.png,63990,217759d2070449881f7981dd3554acfa585c17b8ad58748f153e4b2f708ed290
E045,112633,slice_054.png,64734,1e1cf92b8350431dddcc264364807c204395b23dddea17346a05ed09d662014a
E045,112633,slice_055.png,64566,7bbbe36c4a1910f6e83f1b5123309557458665affee11e5e2f635889ebeb9e8b
E045,112633,slice_056.png,63593,abf50b51849199b0de0f69d68aafbd993530ed90e713bbcad7b0c8d62c00dbeb
E045,112633,slice_057.png,63614,dcd7a79cdce6e2e927fd1d69f0ed14f0b6c8e4cc5d8cebc1875384bfecbb5733
E045,112633,slice_058.png,63568,02913793f612226e5b8e23830031edee2944b2a94208da7de0c31a2c22bfff90
E045,112633,slice_059.png,64818,ece6186e3a0698e87993a543b0e169d55b39f91cef4b6049510e05b8c2f05543
E045,112633,slice_060.png,65866,53904d883b56c5628fc94d92cd748ec68494e5354de8411778d660e90673d06b
E045,112633,slice_061.png,66174,d30efaabaab0b089ccdbffe3f8235f9b0d72b4be506ae00b93482f7dd127b221
E045,112633,slice_062.png,65176,1af0dd8e262405450e5c570da50e2d6addc9171b4a8bb82289d6ac62116b194f
E045,112633,slice_063.png,64780,e0d8cc4c4162f0569bad03d3e2523f4781b96abdf86b4f84f19cc5284d62d5c3
E045,112633,slice_064.png,65404,92c30f3edf348a0aabcd2ef46703007b7f9f2905d649ceca3602cc1e43790655
E045,112633,slice_065.png,66976,806d26a7b2948885ce74da10c78c322b79a22b2549bb808cb3ab77b1210f915d
E045,112633,slice_066.png,67138,7d209c04295ca6177bb4df48c1dcc39ec10ba274c393ebcf302bb3a740deba6e
E045,112633,slice_067.png,67311,1cb1610c0aff197c5c739f38f19d01bc4834f1add1af7f66c91af66d9bfb4271
E045,112633,slice_068.png,66696,8f97419687c2e51e6f22f6078585dba5a9c510d120934e1f343c981f103e0c67
E045,112633,slice_069.png,66430,c3f9cec117cf9e29398b080b455165479b117e559627b524e02e867673255043
E045,112633,slice_070.png,66787,62f9f65c3a7219298eeec8cf47941cb2ea2d151bad3e976c4f59b43723aedf77
E045,112633,slice_071.png,68053,90878868eb01519e1b15926dd627ea09ed414fd12f8a576520422ab0a3e202a9
E045,112633,slice_072.png,69121,6be0acdae4d526e9b5cb5fa87b63b231d7afac1d94c1029490c1e71b2a061af0
E045,112633,slice_073.png,69758,df1b97470f2b573465bcb96581084dc39e4c4b24ee92297cfd06bcfd9f8f5be0
E045,112633,slice_074.png,70138,75e708a5fe14e08566e5564f4ccd9fb08c7b3d4071cdc64f69bd8c6cb1823c57
E045,112633,slice_075.png,71107,c3436a66d0694b46727033ba9edefc5dbd18f79b18eb55988cf9d02525db536f
E045,112633,slice_076.png,72187,1b407a8315713df3becaa27dc76398490287d1492fe8534563720e01f2061716
E045,112633,slice_077.png,73707,cbc9c81bff3be28440ec495ec4eec68a17961935a668c77a61e01035321c7d23
E045,112633,slice_078.png,74794,8c5e187d93004dd38e0a71fd68e919e0d425eb73926ebef22dc3b6981caee2d2
E045,112633,slice_079.png,75216,c69eea6ce04f0c0955ca3bcf4eb98bfb9cfd9e202aabde6f377069868ed0fd8f
E045,112633,slice_080.png,75161,189218d62ac82f030c879a271cb480ad208a2e8ab0e7e8ef1fdbff59cd181cdd
E045,112633,slice_081.png,75468,6d1dc523427a5e9509f6ca5bbb9106a7252a368f2477a364fe4b109b1959f7bd
E045,112633,slice_082.png,77021,83bdb6e6640c220c8be34ddc97afcea5ac058cc7f74b2b90ebdb0a4e5b0a6dac
E045,112633,slice_083.png,78449,7fa84cfd8caa7be822a09943a20fbfd20df2d06faf0bd73180c96a4be632d171
E046,132430,slice_000.png,83757,68691f8a78c14919ffab4ca286b286fde0b573374047f46b0845819069b788be
E046,132430,slice_001.png,79865,363a36eb321b067da41f5e2905cac2791c3ac257079391b46311bcc1475e6bba
E046,132430,slice_002.png,75950,6a663a434a17fba752b2d96f91015be6c5697ef4be47490da2123d93da60575f
E046,132430,slice_003.png,72097,fa99774c7d30f0926c31a525bf270d355fa1f4494383634fc60906c484b266c5
E046,132430,slice_004.png,68526,72481233d58e7afdeea677407cf053bd6ec017967a5ef5127cd2ed60a6234199
E046,132430,slice_005.png,69359,abc8d52eac9010c0db5c0be268fb6c29427d4f89e8bd7948c5ffc974a6baebbc
E046,132430,slice_006.png,69488,1af3845f0002edb5cb1440089c27950b2672aeb1f62e2f908e0fd4bd9b8402e2
E046,132430,slice_007.png,69156,6c584bcb98069bfbd92cab4105632e3b2c610051e041fa8bb37f04513b924fbe
E046,132430,slice_008.png,67817,7324bb5666a1b3118742560c93862cbf833dfa30dbbc1fae51e1b599c7c41187
E046,132430,slice_009.png,66201,de85200f8d1ebfea24752c4d05ca20f9ba695eb775482acf4e9b826c588b9edb
E046,132430,slice_010.png,65748,93cf52a54858ad53cd2009f29a125324285dd9404f1f0f6984c0482a7faf04c1
E046,132430,slice_011.png,67678,786dac7cf253f2620e919b0adedcbd5c001c80f1defc266bb7d52dfc0625e346
E046,132430,slice_012.png,68611,fc8d4c988d5009ca60e97b8fa4d755e5e93b37c854862ddf332f75655d58f265
E046,132430,slice_013.png,69708,d7efacffd87304711643683126e080fedea57d96d6c6f673af242ca9a7e1e530
E046,132430,slice_014.png,69074,1b047e16a3e99c7bbaee5c8aebb475f053afbf815648c3ca8e4eb4ee8b6dc3d8
E046,132430,slice_015.png,69089,33a67c445aff5b997c7d2d2881676a17b5d546b6aa256ad2cb9716c55441e5d2
E046,132430,slice_016.png,69624,20e319a665178f18622d7aa80a8242c26d6eb4733ca04d0c16f15e3fd8345b9c
E046,132430,slice_017.png,71059,54f99994199cef55568caa3b6bdd755fa565caf58f268e21e946ab8254a9d839
E046,132430,slice_018.png,71000,a7ba2dfecb602f4585207bc93702c042a695b2761672a57db3a4f5b43a5a4532
E046,132430,slice_019.png,70897,5a89b6a01cd789486085c5ce5a825b0ce59b928c206bbc88b7a68b0d076ced3c
E046,132430,slice_020.png,69289,12474846feec6b5e9f7d0724e12ac2a17e6d46bba0adf1d430c8539d67f9d5b6
E046,132430,slice_021.png,68116,f101ce230a8539faa7e92aac29888bca600675f3ebdd242c9d5c9c21d9dbb9f3
E046,132430,slice_022.png,68612,98dd17519cba41ce93c598371bf41d2dcca676d955de0cdf28d675a38c3f3fa5
E046,132430,slice_023.png,70880,1b50ebafba8fe6e8457d98125b95876577f371ca5396d28b81f0224a69998486
E046,132430,slice_024.png,71391,0dbdab3edc13626b7ae30f47a3b594dcc622dc27fdc42af49c1ebc2a69b0eace
E046,132430,slice_025.png,71027,e6aae41d33c6cb10c5de2bc409b6bfdb598c4e2e6cf64946573171aff5232a68
E046,132430,slice_026.png,69745,81fa461660b6038fcc6148977f4c33babad474220aab2d35ffe24ced4f7a8c88
E046,132430,slice_027.png,69954,91dac11dc36705aaa23706aae7563a404a664ac0db804d797899688526086a3d
E046,132430,slice_028.png,70195,5ec4044e7ce587f52696409a1313bf92b02cc1d62ab5a4c1b247c10263026eea
E046,132430,slice_029.png,72231,47c057ec8a00d2c286cfced8e5d76da5618e18ca79dc494237ebcb06495dcbf6
E046,132430,slice_030.png,72612,ddbfdbb6e427972005a7b266d977d387904a607f5bc75787525a3554be0d6c65
E046,132430,slice_031.png,72842,69bbb0ce2a550b393b842091819e5e935832148eedb14b0f1ebddcb3f226d3f1
E046,132430,slice_032.png,72139,1288ca741466683bbee3339afc5c874934c37aeb96b5a479eeb9f707105325bc
E046,132430,slice_033.png,72615,7fb4ca752193400d3bea86c4a7c56b5a87f9e6c9069eaac165b0f2c3fcf1f626
E046,132430,slice_034.png,73574,1d3b469c1dffdf01aadd49f9c39a6104b58066650dc7dc16d8bdbd91763ab879
E046,132430,slice_035.png,75287,a601ac3924fbe4fe2beb5dd1c163d0b19e3070b93eda295f7321be228e77351a
E046,132430,slice_036.png,76091,d094e0393f45fa49ba210d57149601c1ffe96da44247c9e7e8c5fcc546a80164
E046,132430,slice_037.png,76446,48b5fce0b06bf8257b4e8ab7decacc955a5b942dc138bc5ec8481077f45906bd
E046,132430,slice_038.png,76531,7b34555526f08c5020f9a87782c31c35f843fee612c9bc72bcbfc9a16e0c1e25
E046,132430,slice_039.png,76968,3e1ccf7f1e17d87f671d64dbc51e75206bfd3ea4e52893552449cabcfbe1872e
E046,132430,slice_040.png,78547,f0f87dfb4fa33e9cf17208872db7a574dedae9310126f9b8fb92e4e02abbf16f
E046,132430,slice_041.png,81512,4601c55ae1ca540f3b97a88f3cb3febbc652c9c662349db10019606e6bd931fb
E046,132430,slice_042.png,82382,4a98eedaa3800816dfa27dbf37f6a77184c8b2236d61efac0c54f40eafbf9451
E046,132430,slice_043.png,83376,68d0753d44e244f6756ce8f85bb94fffa4cf14bb6aa9da84828ddfdf0c8b3454
E046,132430,slice_044.png,83159,6764ea6400d6147be4dfcb68e9676a39875d18eb9ae23bba4db70cdf02bf9296
E046,132430,slice_045.png,84385,034377ed5b460b9cd1eb668fbcfb8c4f345eeac29cc81ed805ece038af841544
E046,132430,slice_046.png,85271,58595a9e763d4720fc85ed755005d60c2c094b448d6029670f5fdb5e33d22792
E046,132430,slice_047.png,87878,822a7adec053885f5653398c37dd15d1697472b6f79b75bbc60289f28f28a780
E046,132430,slice_048.png,89541,69759bfd5455c9006c974683dbf1764bc10bbdcdf0ebd9226875799421427565
E046,132430,slice_049.png,89563,2e140ca5cdeefe360c2033273eeeb9ae204de7dab573afb1de61955a141c5075
E046,132430,slice_050.png,89770,ce1c915a9221b94ca7e6b5a3cd03d2f824875a8b4da2bfc17f6e15950def8beb
E046,132430,slice_051.png,91182,c008a7cd98ff67e484fdefd4f48f3328e8c11f1dd54ec4feda0561e68f8fd084
E046,132430,slice_052.png,93468,e7a4fe0a5e17148f6c503ecb8ba8c6324c87600945fecafcb96b5b8fe4ea97dd
E046,132430,slice_053.png,97105,2be7baf99a70ba02f7ccb58bc2be49b6117dd647cc363275a2a7f71b7b6a2615
E046,132430,slice_054.png,98265,5d723e0e34bf648842d5aebf36f399a78b613c8e729f28bb1958a0258b2c14d0
E046,132430,slice_055.png,99496,d57b315f6079d83b7707d9dd693597bea71c3bea59ebac9ca013d15c600e8f5d
E046,132430,slice_056.png,99387,83b608cbf57b0f3d500171819d1274d4917afa1cee66c90c1101254ba42da46f
E046,132430,slice_057.png,101548,e1840717c5faecd302d0d62c64b5c5fdea2fab791d2297dffa661545b013132b
E046,132430,slice_058.png,103976,e6fcc1a0bd47f251f191b66f6853074031ecfa84f879672b58b4f7ce8e902f80
E046,132430,slice_059.png,107098,3d624fc6d539e7787d8495f4aa3b43f839781c06936091269a474f699d4bbc56
E047,117547,slice_000.png,113934,39f18256f724ab3c05603460a72db76939e218083e8555a4e28dafe6cf3f1785
E047,117547,slice_001.png,112253,613bb6658282e9a434182f917658d12a03e01e78def745ef7af65c41caee8dce
E047,117547,slice_002.png,111008,0342266f0cb2157a39a41fec742cf7766807434ded240deed976dc067a48320e
E047,117547,slice_003.png,109431,bb8c5eb462ac8aaf948125793db6a83b3ba7f37dcc12f3eb6fe82eb67ee45b75
E047,117547,slice_004.png,105377,e5b1c4aea45504d54b60b1518ad9589419d14437fc72aa65e19dc1b86379603e
E047,117547,slice_005.png,99825,6637356cda5734c2b10780963a298d0a0ceb0d0bd6bc99c449266d59c96a61ad
E047,117547,slice_006.png,93997,a6cc10fff2221e6584e5a20b2fcdcaff9366a9759152890cdb1421fdac80a622
E047,117547,slice_007.png,88731,6fe11220ff0ace6c32da91980944baa4eb2e1bf23e6afadb578f0f42ffe3fc5a
E047,117547,slice_008.png,86405,c8de672dda517782b23c537cd0a0dfb3c541a93d37316357367786903d6ad025
E047,117547,slice_009.png,85199,17c026c57920a1ef3b969f7b2b38dd8b745af57c0d9ecb35c5a58ca7e5d650a9
E047,117547,slice_010.png,83229,db12eb9e01a99cffaa3b4c80a342661c4cf39f2d01589a98fa4aeff80154dc06
E047,117547,slice_011.png,85239,342a3d27bdd7feb5bb04c306548a232a04bd22029306bbe0b6dfd456d7530583
E047,117547,slice_012.png,86074,150486e0878895ee399ef6b1932553c5b83effb513ddecd63dbebd52dbbbe82f
E047,117547,slice_013.png,88092,bf155bcdbc85442ada1e13cdec4b56366a212354c9c24f9edbd9dd28335363c0
E047,117547,slice_014.png,88773,adf8c93233f0697c410589cb11f97c88e49d3392d107d533b882b8a8190b666f
E047,117547,slice_015.png,89021,014f3101822a94e1b7674ef142bceb017d780848c0acac313e2f411f1dd41b3a
E047,117547,slice_016.png,89591,13c0483aea20663bb48bd174006ab824637b517de1878b3ec67a031812525611
E047,117547,slice_017.png,90509,02cde1a541896805059cf651a4d39f48308dc55631933fdcd9265a3c68d382c1
E047,117547,slice_018.png,89366,074457833c78c39dc79699927f20a733aea9a830f72f0a50111787bbf33bd41a
E047,117547,slice_019.png,88414,a2fde5fcaeda840458989d91f67b295da800e9690097d385d8c8781faa1294e1
E047,117547,slice_020.png,88124,54115bdeba522fd873d618ac00e237180e37074643965f62681be3b2962049b0
E047,117547,slice_021.png,88264,86e31dcabd55106ab62e768c4122abd2a4816b0485a48667be4785131b49e1b4
E047,117547,slice_022.png,87963,84062a6a3ab808a34b120290bb00239478baf427dec4ab10c4b313a96c85aa9f
E047,117547,slice_023.png,86518,02f774c9d6710ee79feafd56ab30139076f50b386e21f1f5bda14998907badf8
E047,117547,slice_024.png,86015,0d2da0ab714040ec19579bb7782a4d2c21569a199521cd77df8172d55c856d66
E047,117547,slice_025.png,87044,5e235170f20a902ded1e3c4e5b6c33e35d670b58aecb04afc9de504ed3c24982
E047,117547,slice_026.png,86532,ade51121a6a48c0c00657c6fa5f98346f1c01215e6c6c14b358322790a1aadbe
E047,117547,slice_027.png,85438,f5519552b0bb238047f88c415900fcfc3db25baa4747486c1ff2527b1f323416
E047,117547,slice_028.png,85106,f1f3de7cf8083e0724d8e5070846bfba2c49a1f655cc95425a98a27e9cc6602f
E047,117547,slice_029.png,84667,809112ad8440a10fa501be18199983f51fe661543d49884aa383b492b448dea5
E047,117547,slice_030.png,84525,71762fafe4eacffaec5e705c61eb1f5527fa57d167637c453d1d40796a6115ca
E047,117547,slice_031.png,83644,7310086ba55bb9de2fb82f39cc65cde3c90be86a2ab49e34fd8687e61d82a9ca
E047,117547,slice_032.png,82321,860b1d77873be77c7af57c99a67e08b966eef545c4a53570c7a11f069765c2d2
E047,117547,slice_033.png,82173,36d3f7c11286210a6fdb05cf834bf1a7b637573ea63b0171b8a38b1b0f152d7a
E047,117547,slice_034.png,82125,dcb9f45d57e1fad024f51059967ed46b63238f4ccd275acdb33059aef53efc2f
E047,117547,slice_035.png,82400,b5632ac6227b303c9ee026ad435cdb3bd03a74c6ddde35a54fa29b9cd8441a39
E047,117547,slice_036.png,81583,50936fda89ba4e6b88876088119c8fb63f242d412484d95d361dc422e6fbb28d
E047,117547,slice_037.png,80497,e648654e504e6fe3eb592e0b1e7471208378bdceb8100dca6f04c4af7134e8ac
E047,117547,slice_038.png,80356,a47a84d242304c00d189a7088ccc416dd64de5ebd70ae05027922761ccb26c64
E047,117547,slice_039.png,80234,f31147bfe73289d21784c90f6c98eeebb80df26da020dd25daa1e2da5c9bf257
E047,117547,slice_040.png,80000,05b4680f7132b3b88609c4760d3e86d8d515c4c35241d0bb3554bc3de588256a
E047,117547,slice_041.png,80407,09664e50151cb78499f9cc858f59db25a8ca23aee3743d3102d2ae81fd4c36d7
E047,117547,slice_042.png,79766,4870b0d4deee2656e3233a61d20be8b042bfb4e0f2c848a928f1f3f79ff98298
E047,117547,slice_043.png,79656,771a49fb972f3e8275ab180ccc855c34311c77e472a2dac3dac216d86e70335b
E047,117547,slice_044.png,79256,b6ef6d6318154711f580b3d24c54d7d6444ece7e7bf226dede7828efda57bedd
E047,117547,slice_045.png,78421,ebe1887b9ff173025e573a272538c80b2fd3eeca01ca7c489df30f52e862ed49
E047,117547,slice_046.png,78138,e73f996cac8888ae4dc5a5674219fb20f18de621517e2d6fd38cd5804049c3fa
E047,117547,slice_047.png,77657,d79a73ca097f29731f7f55fbaebb02c9b3397d7743851d6368eaba5c7ff2c126
E047,117547,slice_048.png,77925,2b56b7f33e9312785d14079877bf9caf24c359a7e25b0d2cf51efd7eea461140
E047,117547,slice_049.png,77823,feab54b64f55ea231e26a6c0217d42b825e63bbd8ea73df0e0fafdb0ed917e90
E047,117547,slice_050.png,76948,607a0b38c8611a0cc86d4dd5ef1740859d467607e3f78254595b0cab09824021
E047,117547,slice_051.png,76732,386a490e6b9281d9f986f7a7db10ff5a6c2b9797b06d06ea68c73f1eab11c836
E047,117547,slice_052.png,77425,f5817af63966a09d3baef17fb89ae4cc53174c887479188a5afa0e9733dde3ab
E047,117547,slice_053.png,77912,3528a5d801028ff41f83c88d52a41ac5cef551c682510e81521fd6ada21eb10b
E047,117547,slice_054.png,79055,3944de37b89097c2397133702507b540f9575f0227b138804e0bf2e47365bd20
E047,117547,slice_055.png,79167,d72e8b9f062c18e071439c478f6caffbffd70beb9525de3f049033b577b35311
E047,117547,slice_056.png,79202,08496308fb55609e7b76506effe04e43d7f4852849e099f71196438a01c8d00d
E047,117547,slice_057.png,79428,5d6563d6f17813f6ddc832c167fef4a3c858b1cbbb6d5428f227c3a81200e450
E047,117547,slice_058.png,79523,2ccc933769cb9c5aa3ca922cb951b0cff30910a496f271a1f7b0e725d691db69
E047,117547,slice_059.png,79889,92c227db2f6415780b39b58a22611ee04b351351f49df4320d0f2a6cafb528c1
E047,117547,slice_060.png,79708,7f4b7a57d6fa03e36f0547ab23cd67c49a0635431700ea9497ac6edc1e55f50c
E047,117547,slice_061.png,79738,3980880919ceff6552c3bb947e692cbb4e6bb85da8b207847bc01bde7640b5d7
E047,117547,slice_062.png,80049,09a1072c7fee195185c062fb1396cbf460e58ff29516ec839e206331fd7d74cf
E047,117547,slice_063.png,79670,cf90ec08f00ec686fe4e840835e74aa88485e7dcdea755cb12c0eb114580e96a
E047,117547,slice_064.png,80346,6eebe01c75b3b9beecc09d2b5bdc1b6b4f8c740319a04ad02dd1b19cd8809f0f
E047,117547,slice_065.png,80896,40025a22b2e9f055fbd236f96f234cf74c835253b8a0186e69db78527905b047
E047,117547,slice_066.png,81623,8cebb97a2dd7e6dfe381134981fe8db3010a41e2624b6258c8b17e34ed31684d
E047,117547,slice_067.png,83229,f265f2306f3f36c0387b4a4fccc67c3286477e6df2b4a754b7727a32cb5e75fc
E047,117547,slice_068.png,83801,b0dfcb96ace29a43ef9a82921574ed4c395667667142d5d53edb95ed8fe01946
E047,117547,slice_069.png,84078,0e061fe0afc919d3683fd688dc476c99e5e3141ed77100642495a7de60a8fa82
E047,117547,slice_070.png,85601,90f5c32e9e8682bec2aca2747f28daa87d58922261fdb3b41509c58dd1c3d4cf
E048,208780,slice_000.png,78298,15ae6069a33db7d9fe807759d2d3ea10eddcaac8897e9d88b55ab173657e8138
E048,208780,slice_001.png,76616,2f2314a52ee185d0cc0cd814ffd34b3c5f081eb91f072b5b40141db8d108c193
E048,208780,slice_002.png,75588,cbf62f5520a58bf9dfe480e0bfbbd1401f7936e55c84e849104a59c9731a5fa1
E048,208780,slice_003.png,74826,3432b306a1ba4fe5977f530f433a271416da1b5721ba45ae515958efbed23375
E048,208780,slice_004.png,74076,01514146c570f0235ff84e86740d5169c16180ece012a4185ef210699d7fa9c5
E048,208780,slice_005.png,72748,db951ea5b927182ab8a1fdaf263c2b149a6009227fda6a3097bd52ecb4553722
E048,208780,slice_006.png,71126,072a96fb8722779841caf4d48519b5be5de2bce979584c51f79dc1131ce044d3
E048,208780,slice_007.png,69529,83eab8a2e2b17ffbb350a962f6973ff2bd2eae66ade38eb85485d5bb44985e45
E048,208780,slice_008.png,68564,10812dc2e3b4c68228f9b71f5d21ab74687f771d428e790723c35d6005c307cb
E048,208780,slice_009.png,68878,58edaaab40f5122b68823dcff0b738a23b2f6b030f78bf1a6926ecf28e4f8103
E048,208780,slice_010.png,70341,8c7afdd5fa02a655a35ede540d83cef9f617bee05d35f6e1688282af82e12394
E048,208780,slice_011.png,70718,15345b761164a5246c2bd3828a711add17e0d1f91627ac173fcfc2d886bb432c
E048,208780,slice_012.png,70600,6ac0073f38c6f29d216f124a27d287fa7313c9eede8f3d6ca4145ab6137c313e
E048,208780,slice_013.png,71582,80c55c1fe9df24a614a2f9a852444dd3164557f2b7cbfc748fe92310c9ef68b8
E048,208780,slice_014.png,72434,748bb28f68a3032e228db173183c358f4892ff71fa9863f129ad3a8fb05c9e8c
E048,208780,slice_015.png,72531,badf28f458e04fe10dc3d0f857ceba29c8dcdb04719029589f27989aa7bebc36
E048,208780,slice_016.png,73063,147ac04f2250b7f601f172eb910d9e3729646df26ebdd93fa792b3a588828b68
E048,208780,slice_017.png,73244,0d572b9aa65a2ce1350673de764ed34911acf07878b9f107b8ef445e8ce483b4
E048,208780,slice_018.png,73429,3d245d5e6c9e1a8f180a3a5d7638bfc43e84ca1e3bf00177710ecd02429e0c9f
E048,208780,slice_019.png,72955,9f9fc7a5b57b2ee7ad08ea47bf864edc017405177ee1d971c6054da259536bf2
E048,208780,slice_020.png,72501,834e03ce58027f2f933771bf5307bb726c36c4642b4e3abe4000f1cb2218e850
E048,208780,slice_021.png,73727,82c3c3d805e6e1f4edf173a540844da34e7d88ac955dfc702e2087e639bf55a3
E048,208780,slice_022.png,73589,df36c5ac063a5777a9efba3ecca8ddd75ec77d99f0d745761f4cc5e0a697499d
E048,208780,slice_023.png,74418,5f1668e43a44218bbd22fa808024a4ccafe90eb60ffe251381d39f1be2dc4bce
E048,208780,slice_024.png,74494,db76b195911c5d320e92cf73eb3a5b22c08f88d260002f41235914ed42f5572f
E048,208780,slice_025.png,74586,aded3a0ae46051150f5aaebe3c63487ece27866233a758ce6bb39986062e4b9c
E048,208780,slice_026.png,74430,cbcf6050adcafa9e7d4b996f732fd6d7aa4b9d29a23a7710ecd323229990d67a
E048,208780,slice_027.png,74574,0d641126525d5cfad04e395e28fae11bee152f8e06b28b5ae5189ef93ead2896
E048,208780,slice_028.png,74436,338e105c9646d7d9cce3d0945a55771f70e48519ffc4cc3cf5e6f850f094911d
E048,208780,slice_029.png,73782,b352b1948a72d58cd0e15debc7da394ca31c504c793dd42c1c6fadbc5a3cd8bb
E048,208780,slice_030.png,73673,9aeb560d7ca001b69d0e93bf8e267e285286dcb88c48b85384fedaf472dc175e
E048,208780,slice_031.png,73872,717841f0c4affb0065214da2571d0a987929e8f40d6334ccfd636e029c059372
E048,208780,slice_032.png,73735,d1977d2f33fc99c11fa48124d644e82dccd12c488831371ef68f549145764b2e
E048,208780,slice_033.png,73754,6f75d027222cd8ddeee636908c4afc1100dd1eae691181569189f812de799ffb
E048,208780,slice_034.png,73882,371d46d93c1f225649668687e612223da061a34e7069b76729a237247aa23e8b
E048,208780,slice_035.png,74339,c52dee1afdf509bfe65e3ccf04e28cb92d60381d345bb51bd9e608c4cc608453
E048,208780,slice_036.png,74790,0f6e47a9d694f5c1b3c73e1670cf7ea662ba9ddb783763b854cc5fe6e9e1a962
E048,208780,slice_037.png,74682,9c0ce47454f51aa14264e7528637e181e08626171d98b9ab6f756c0c24aee716
E048,208780,slice_038.png,74481,86b14d796af9e4572828d3c34d2609b4112b42ca5ac6f56bf450e9dcbe25325e
E048,208780,slice_039.png,74181,1831b1ccff4a5ef90698b98b0f9d5a575733fc0c87859bd69415b698dcdb15dc
E048,208780,slice_040.png,73694,68187ada3e59c018321109976e5d07f87624f76d57fd5299c9d34e0e70a08b47
E048,208780,slice_041.png,73818,23f94467e1904d9e28adc1133a23fd0ba1e20a5ec5f952cb11cc6991fa61ff8e
E048,208780,slice_042.png,73737,5dc7d1cb2a5486452ef6fe4e1ac6810037b317374f49950c0f799d27cb0fc270
E048,208780,slice_043.png,74246,6e74c39d417edfd873274bd3d920217a27a5bda18e286a8f9224bf0ceb4511a1
E048,208780,slice_044.png,74751,6d32d8a72a97d2aa21c764619085f371d1141e75e4b05735120544b55efbf168
E048,208780,slice_045.png,74765,481c0b64c7fb71194d4f65d962d6bb2236343de9ee723f1aa90ed80215ef8437
E048,208780,slice_046.png,75075,87b0903a4e99ae3d3cb4cb39f05113c25a5a331a10f7657b7702f627bfecda3d
E048,208780,slice_047.png,75138,e7b5124da294525e22d72597b6edd6c4638f6d8f9268ec2ad529fc8e6ebd4c06
E048,208780,slice_048.png,75002,b02e728d714a188ddaae6cef4a6639576f0f67b9122d315a1dbca5a5a9d97aec
E048,208780,slice_049.png,73987,192efbb11840e06ff861a4e969e7f9a1c438d7308f89072738b1762a5d8d6585
E048,208780,slice_050.png,73226,1391aceac45fdeb7ba1fba5461736186fe635c3c52cd13588d613e02554122f9
E048,208780,slice_051.png,72923,101897fb50acade7c0cf23ac9287cb72c104602c0d235b5b09320cebe01d5515
E048,208780,slice_052.png,72861,1c7535950bc322824c90e47ed87ddd5109b677e33e79d023fce7ab3be69fd3ab
E048,208780,slice_053.png,73069,83afd7214411da04141d179e1697db7d6d42d41da1faabcaa9acc689c022e048
E048,208780,slice_054.png,73187,5f33aba22492cfb805678a478dccd3b7e46c9a759698840d622e64ed6acb4439
E048,208780,slice_055.png,73127,4d1816cf54fe577dad7d21a2447809e11641d9fedec3483c50bead918295b4a1
E048,208780,slice_056.png,72973,b9ddf3c863656085dba9fc3b798c82e1223612ac4c375605b79a7d728a0331c7
E048,208780,slice_057.png,72884,8b467d98c96c758f8d27878799e2bd5e1bbabe4c8734ec0978e539f507dc1dd4
E048,208780,slice_058.png,72969,26c6bfdda5308966ca694332f8c21eecdaa927c00e418203120c4c4fe93d4c61
E048,208780,slice_059.png,73166,82197891298f4112893ae25da5874668cb93698d6b9c4584ffa552c8d5150147
E048,208780,slice_060.png,73172,931ffd315da6c1779689c8cb8e21d0aee4316a98095dcd666889493b383786f2
E048,208780,slice_061.png,73158,430f0c2104c81661260de28d15616a0434d89effaf9b9f438e0418ccae722b8b
E048,208780,slice_062.png,72804,bdfd734a29307375d841852e7da788a712999128a07cf3ac5e7537999cb64b86
E048,208780,slice_063.png,73000,2ff6f3fd4e625a0eebd31d2beee6292f24ee4941a403c9af556ef4a92854f386
E048,208780,slice_064.png,73121,95c7b9b7f27a5971c75eb88bc554635a8197d745ad5db340bdb4962ae3f42c4e
E048,208780,slice_065.png,73179,deacedf40540c626deeb0c77876e7a4de4d2d06340c36b901dab892368f61bb3
E048,208780,slice_066.png,73837,785b2267bfacdac431285581e17eaab207e2fe5738b3df59d26da4a5d1e4c455
E048,208780,slice_067.png,74467,bcc61964c553839d1fd0dba82680fb4dacd4b922ac5200d3624f8425c482bcb7
E048,208780,slice_068.png,75139,8a0e7f1a423518a84ae563c1e7131050e67e2eba22f1638ea04aec43ee1d4104
E048,208780,slice_069.png,75924,cf407418d64ace94255599341558d450cb04ee5eda312dd103755a347e7d2458
E048,208780,slice_070.png,76669,bd2646b94fcc8c0bd2e88758eacc41e2c2d6d874c07e4c9fc938a5fbd7bd6e3c
E048,208780,slice_071.png,78990,daa5f4913742eb58a4afc03e8d7fd3e6ffa0286a5007c0e1fc9a18d3f08faa9e
E049,110094,slice_000.png,116860,d7dcbb89a41c0edefad60d60df3c031d10106af1829e6d6436e688ca56c06978
E049,110094,slice_001.png,112963,87d7c0d0335eca51fd2b7a783c3515a16b3f6438e92e82b92f7bb10b8aded52c
E049,110094,slice_002.png,110798,6bf289d962f98db2e8eba5229989a81391400d0e9c91e9c2b27676d29b52e71e
E049,110094,slice_003.png,107122,c68421deb1262f4f4f2ba2cb454df3bd7c59f857d6cc67cb87d62655520f6679
E049,110094,slice_004.png,101510,446e494f770629576806b45d916d4294895b7057b9fe31f6ba93b7bb2941e314
E049,110094,slice_005.png,96888,b43dfe0ebc1331120d92362a6228ce78f848a515eff3901076e70394dc3718d3
E049,110094,slice_006.png,94213,ad909ff4877eb070aee29fccc98c7dafc0c807d9dcb6dc1687848f4718ad13e2
E049,110094,slice_007.png,92356,7c6590b0639ef77efe03d784c1460a1926fe1e9ac4cc0192b0db5a2347c7b364
E049,110094,slice_008.png,91624,63d68e4de8ad0e9a8a1e822d2ac326070baa69811a5fe9831a8cbd1f8500a728
E049,110094,slice_009.png,90247,1951c9a542b40710bd9afaf5e2b672d3f1876b64bab828db9af6443afcda0624
E049,110094,slice_010.png,89148,f868c17f5c12cdbfb40e2f9e6a5135284d465eca22013ba39ea34d936745271a
E049,110094,slice_011.png,90025,d0e28758d6d35e64466e7587b1e4453a4dcbf53103301ac2466676b74e053ecb
E049,110094,slice_012.png,90184,8aba29321dfc7ec5ac856173cd2c7f3114231fc796376d579a442044edc986f5
E049,110094,slice_013.png,90929,9757e3f5d6f84825c442b5aca646b55cd0c55b3328bd571579f32ced9920b9ff
E049,110094,slice_014.png,91476,21a7f4ac070cb1702eadbd4162b97c0af2ae02ee008c4e16f866af9365be3025
E049,110094,slice_015.png,90202,017afb760ce5c3a3702c68b992477278252c670feaf2cb82a49a9fcbef4c21b8
E049,110094,slice_016.png,89121,f3c336baa18d857d448590de0a3d62a59c143f6505efefc52f10db1a660bae2d
E049,110094,slice_017.png,88721,fb76b66af73baa2376bce780d6a9ba9e9aad1cf4d5c86699af0fdc7402f5a1d9
E049,110094,slice_018.png,89060,76524e753a5d02acae3b036d605b02ef9ae0e494a6f0f0adfee3ed9edd7783f0
E049,110094,slice_019.png,89383,99e9b6109c0ab9b46c3d7278c2280778cde60dd7a1bf05c65d8c00a18fbd46f8
E049,110094,slice_020.png,89154,53b4b5dd83706941bcf661429a6faf053e986bf2936f3d0b891a0040cc8ef251
E049,110094,slice_021.png,87529,a142ffa3d872073893303f5da8ecb9d8cc1a48b1079cd286e59e404cbef88f81
E049,110094,slice_022.png,86427,2a423a7757229defbf7f0812ae3036f3b97d9452ffd1a5ae9aad3048dec44c1d
E049,110094,slice_023.png,86754,f5af4a8a7016a5d8ec1087baa08c3131c2da44a9baa8eae0fcd071bbdac6c481
E049,110094,slice_024.png,87155,e7584bfa136d64cd22cda189b8fc9b50d4764fa088a1ac9070f990d3b187bce6
E049,110094,slice_025.png,88415,9d0e7f4ee423a2bbc8a356e4a46295563d2860276b149e121ad0f7fdc92c97d4
E049,110094,slice_026.png,88525,24454993d5fa83e26f289c81aca3dbb8189cab50f5232c0e83d38db95e2f2f90
E049,110094,slice_027.png,87601,00942a090768fc2b738a50edc3dd242a9f7c6a3c3004dbce8b039c77eb4e5ec7
E049,110094,slice_028.png,86097,23b02da4bcbfd6bbf9feecfa61431c6113eae285ee9028cb65b05fbdcc20664d
E049,110094,slice_029.png,85911,dc9700b9d2ea3ea3ff1fb7a2f8a61c9c3ca60dc36fdbdf7b5bd1755d95351681
E049,110094,slice_030.png,87222,8edd02cf759b98af701d0472fc2bea005ce6abd1902aa746069ded0910938b13
E049,110094,slice_031.png,88822,b6bde0088d1407d120648de2501100acd6ec380ea8c978e5fba780c712446001
E049,110094,slice_032.png,89192,47a90565268dccfa5fe0772dc10180f3a1260786d785d71ca160c40640450502
E049,110094,slice_033.png,88959,75ac359fdae4e67a2e819c315d3f210cb8c46d08547da49107b204cc5158fa7e
E049,110094,slice_034.png,88554,09913a36a502b9c34e8af72a0832d1fc2fbb5937a817941e1503360918c10267
E049,110094,slice_035.png,87794,942257a14a8c1716c41b7474a0236e39ed4d6b6c9ed6ffd58b238e87413c9405
E049,110094,slice_036.png,88551,4291d6b13af6b3cbdaef97e76967d4aefcede22e5e1f2cb76d3fe864b8995966
E049,110094,slice_037.png,90615,ba055374b508fadaa2c418eb1f0c603819605f01e9a934d9d67a16f445fe4051
E049,110094,slice_038.png,91039,34ff5fa26c387c8cffd621d605900763bd5b27f2e33cf6bbc0e367998ccc70fb
E049,110094,slice_039.png,90022,dc27b9931307b47052a4b94a240bac1fdf5161070e366dd6f76f5d4a38406e4d
E049,110094,slice_040.png,89286,402472dcd3f447ea41fcf986f2919f75734c2c393c4dfeb0c1cd59009d581449
E049,110094,slice_041.png,88834,7d68c29c3f0ed76ca671013e07ab5a887d9cb284c7f1e99ba179415a1c2e7bd1
E049,110094,slice_042.png,89338,beb12e49ed931fe582f4acd99a1d7b7bf0e0e35a461751572428aec436bbfd95
E049,110094,slice_043.png,91095,973060dfb9cb8de3833d55744381e1320169b2ff1e7427b9acf7dfd46c035171
E049,110094,slice_044.png,91668,e6acc6c86457b8380999ffed204210d48e469e8ff13c2b985e18f75ab3a8a1f1
E049,110094,slice_045.png,91361,63588958bfc988e3609bd0f03dbeb0eace578e1c3d867e088f11d3a88db787fc
E049,110094,slice_046.png,91055,177cc338c769a372390c3caed801f6bc1af0a62d457cf67be901b113e946bfa9
E049,110094,slice_047.png,90727,052ea18b30da7bae352813cdadbcf2aff0cd84225cea2ea4cea1214c452e1fe4
E049,110094,slice_048.png,91790,d2f05d213996c72f1a57b2a0bbe004decc1b25a3f660afab417c08a4215c2485
E049,110094,slice_049.png,94446,44b75a9f24d71e15fb4f96796461941583af177988af511a4dad93a4b02ffadb
E049,110094,slice_050.png,95402,0c2730b72c805c6b18d38128dc4bb4f851191b4afb8b98592d98f4fc1c84bbae
E049,110094,slice_051.png,95706,c0278b82bad9c4cb5d33264dbe5c8844247e28bd23ca72829822290b512f094b
E049,110094,slice_052.png,95750,1649a1b80acaff00d80f3111a40b02ce5a30b9929592e3a0bd6d0864360cfedf
E049,110094,slice_053.png,96314,9f29e842bf47687afd1231a0cf911c7473f0064967fdb5944081c08ef354de47
E049,110094,slice_054.png,97951,846fe775c6e82613bbca3ce9a79fc49685888fe34fc78ae237d8bfea14c953b8
E049,110094,slice_055.png,100390,9a36d4bf8b552921a0416586c1db69199afe2f1f7c827c9e7dfcdd94b8410cbd
E049,110094,slice_056.png,100814,a9c908a8796d39fa7f6bc77176b37593c1a348183479d5eaa4e56df0ccaccc5f
E049,110094,slice_057.png,101720,eb61d4d0502d58fa8cfb1a7b4e09d5cf06ec742305994bc3d944de91ad4f1964
E049,110094,slice_058.png,102242,8fbf80bcb17ebad2b81f3a12ecb369ce75a942b47b3b57e240224f471053786a
E049,110094,slice_059.png,102418,52d149a91fd92f83be1177ceb682dffa9ce0baa5ac517265226b636149ba0716
E049,110094,slice_060.png,102678,7c7c9955a4b1a6a7cace882aeda41d397cab89fddc099107c2874dab95b5163b
E049,110094,slice_061.png,104678,eab185ea8536674b32bdd51419fbea1b32e036f7e5bc8d310022588aab76e99d
E049,110094,slice_062.png,105402,56921ffcaf1ab73f83a456dfeceb40eaeac522378c91e5bdcbca7ac966458d71
E050,116804,slice_000.png,73652,36f0f42b66e4dbbb392130d1b88ea09efeaf25a5c98f735ff3ffbfb136c367b2
E050,116804,slice_001.png,73111,3697f3ebf310bbc1c7e94e18e02b0cc248fc48e18d2b6fa54b7904734dd62224
E050,116804,slice_002.png,73140,ce644d00fa7202a321e4ddf03a71de8a02e6f25a521f705b581e325574dfcc9d
E050,116804,slice_003.png,74072,b0dc6166af01f17d9bd66c8678203a67aff2bedc57082cd5703a04fa5d3a5c18
E050,116804,slice_004.png,73841,809c456fe384671606fc214c175e09760f04c34a7bb266fc9cbe3ff8ff413f8c
E050,116804,slice_005.png,73127,74ffe0c4000fdd3daa43d9242663c5b0ddb9a1ff50ae60942ade9d5551dc45d8
E050,116804,slice_006.png,72774,9c003f7855a6772c75c3c444da9a83dac68e2e451dc6b77fc7b2d5a2264dc6e7
E050,116804,slice_007.png,74589,0623fae116e6da68e44af6a89c8ae6356dd79123b7751901ebb93cd14ded6a5b
E050,116804,slice_008.png,74926,11be1ea8e275d4b078e3e23ac9224f53c594e998d8c5952598ea578d5bb9acee
E050,116804,slice_009.png,72799,4b19b8bc759a33e07328851512950ca3542c5c2ec8608e182963bc4b4997711d
E050,116804,slice_010.png,72812,c1c317ef9441e296831ae36b030812bc7422e1cf94979a7695e7de14f82aaf5f
E050,116804,slice_011.png,74472,512be551410d133a124ad88b4ddb33e94a58e10ac483e4d814e3a95971454d35
E050,116804,slice_012.png,74125,9abd88a14c8e0d2293e56ab5b36427918e64260d9dbef9cf2f3a46235e567fe3
E050,116804,slice_013.png,73472,c69adf1cda580f4c2ba48ec88560b63bcba2c76c8d0ced36c9f0f8cc33285f9c
E050,116804,slice_014.png,73754,a8613bd79eb9a1a37ff2b5538db342def65e4ad0cbc622819c9fad2e8b49a020
E050,116804,slice_015.png,74897,bd7ca5738322516b8c8ced5cbdcc719a8175b54c1b763caeb9f0ee805f7f17fc
E050,116804,slice_016.png,75191,f50b63c36d3defd1887dd2fc889a015f94446b5e4dac5a0e52f07defa40fb996
E050,116804,slice_017.png,74202,7f8bed8b2af285ed1a15f86cfe0c60da3f1c8848ce069183aedb2ad805939858
E050,116804,slice_018.png,74728,f1d409e940cff587925346e94f76c58f0d023d30e4eac9e94c2db25ef8fe9625
E050,116804,slice_019.png,74849,9af792fd47001ce4039a020639befc9181f43f358089e81548c649e551cbaaf7
E050,116804,slice_020.png,74929,e9925a56f343e4d492b0a9d44171a535b3bb54d28522deb5c61ed521f07683b5
E050,116804,slice_021.png,74767,5886475d15a587305f15d554a3331826dc5cde570f947908e657e944f8650ed8
E050,116804,slice_022.png,74474,0f51f020c000f2c899013a7951fec3f28bc059b22f81aef9ea3c77b72b2103b2
E050,116804,slice_023.png,75538,b223970b9f164485521bf6c35a8d6d053c58f6efb643a57185c7147e1481b6b5
E050,116804,slice_024.png,74864,25973c52450dfe1cd464b62f2bf63abb35c2d8305105bb0938c0f6a13af83395
E050,116804,slice_025.png,73539,34717812d2597a88e65184a9cb61ecaf7020f947fd23138a5dfa59920969acad
E050,116804,slice_026.png,72750,1da62abfdba2b00b01ae37fdac2bee423a9090ae0b7302c39c6c87093b7f74f7
E050,116804,slice_027.png,74440,8eed8e5d8137a24f7fa0cfdd89bbaa106dcdfdc9fe993259a2801baaebcb9dce
E050,116804,slice_028.png,75181,6b77f91a386e5994b30be4e0a42ac96099aac13ee6c73c4c28133d99dcf2ea54
E050,116804,slice_029.png,73688,b3312dd3f25b928544739a65b071b18f6ec1a1501c8c67806c226569857ea28c
E050,116804,slice_030.png,74413,020903982c5ad90698a92b7b4fa27adcc4151b0ced30d60f5618ede0df506290
E050,116804,slice_031.png,76179,e8fe12074842f5a12bb2513590c2a29a6a8841a146d00bcbe335538d4df74ceb
E050,116804,slice_032.png,76588,86e23a2f68ef5013e43655801ba1dbfaf4823799018caceb86d02c354226cabd
E050,116804,slice_033.png,75170,d34e34b8988bc6dc19c87d421a0493d51c67da8e4092d9a3db3ad9e0f7cd59d0
E050,116804,slice_034.png,74655,f021406131c1fbc403b9bac8ac942280f57ad4b7c958eb8b930e6882fbf2cae4
E050,116804,slice_035.png,75730,fec3b76ae44d7b1f80471191296880321d71c7fa5eaaadad7fc150fc85eec1eb
E050,116804,slice_036.png,75215,c888da5155bbb76d72dd689c2a99b355325eb3e6deb096bb514bb37b0de820f2
E050,116804,slice_037.png,73779,829ded6b409ebdaf0c49f6d440711139076484e924af6aca5b4ec7824cc481e8
E050,116804,slice_038.png,73833,2028a7bcdc1b1495c227bfed9f489a0dd1dcf1c84d1d256ba0709023cf021326
E050,116804,slice_039.png,74767,60113f168948d1d2885a87594420b7418c114919cb7bb6b6593df9a8740067e8
E050,116804,slice_040.png,74502,8016ba615516d976f26b683c2b0b32f84a7f1402c42593472aa3cdc6e8e7bda8
E050,116804,slice_041.png,74028,42482ae7689b025eee08171e9f6d4dc10104048848a7afc27b7bfb83cd24a30f
E050,116804,slice_042.png,74097,66dec7034cc788a424f006d5f5562524f1812a3d2e75797ec9ea31cb3b8d8f0a
E050,116804,slice_043.png,75144,dd95cd031bbada0de9d06c7b7d9832e6bb5b7067bce15ed88c22f6b5ee213ae0
E050,116804,slice_044.png,74948,b22a836a7c11836c800f357b7be2b1ba3271288fde85ddfaa35908b2606ff46b
E050,116804,slice_045.png,73253,d07e26ab7cafb25913bdec26bc65cc016b2d25e42d365e93f2b63cad770fc6e8
E050,116804,slice_046.png,72853,eb326f9e9f9667c354e2a24e69d56ef28c86481a7a1b082a4100865800d4d0b9
E050,116804,slice_047.png,74047,b54d7c02d0182587ce2ce661f48d625f92c77b63aa659941b8f0ed8054e4b9b2
E050,116804,slice_048.png,73891,3c33cd21ef2a356e1f291d18fc6ae7b364c989854e9c4c26211db9c820a367cb
E050,116804,slice_049.png,72695,906cb36633a72693abcec7817a359df48a9b7d75af5e44799bc7fff46333e789
E050,116804,slice_050.png,73627,8c1fde6b975da56e63891f1190e133e6e1ff99e599c28633b69aabbe7b6e8795
E050,116804,slice_051.png,74627,9c101866e19d7a2e8ad9a2b7d9aa61ed84012e26b7c110cc5563c57d7775fcec
E050,116804,slice_052.png,74436,4b80922637a52b01f84aa29554562423a67f70322c211403b297c5e543c214b3
E050,116804,slice_053.png,74149,7ea5a6c90edbc796c6501c8623c86e264a4bce10ef4659c7b517ae0f3c88193c
E050,116804,slice_054.png,73529,d14e4bdd50cdfd9c2a104d7ec6d90bb0e1c7f1152325729173c1e5da0588a21b
E050,116804,slice_055.png,74854,e128f409c333b6777c8d41dd31bdde9739e7251b12814ef4829d9925db0b543f
E050,116804,slice_056.png,75478,e6e6e9270a5755c689721a763d142b5d8b36934a2c90bf52406b7f1aacb52df1
E050,116804,slice_057.png,74095,2a1bd7a6a5bd584d4d90381647bb882ede77f4e8a8df95cf30098fda80d430ca
E050,116804,slice_058.png,75335,1fc49cd321a896e10cd3780e2c50bdea13ceda8a370476a9dc06d2fcc9fe82ab
E050,116804,slice_059.png,77157,e94277fa8a55c4e1cef499605e462958ae563a32ba596ed6744d88e8856321ff
E050,116804,slice_060.png,79303,4876a608655a540a9b42068350fae9c199af905dc7c5a5349e64b10ce5234334
E050,116804,slice_061.png,77934,c7d8542c6eea481272616c5f0f1643abd1713ababc30e428947f42a2915df923
E050,116804,slice_062.png,78206,9b75b2775e6c0df3ff16faeb73001fe605055bb052840f5c8c3ac157e26534de
E050,116804,slice_063.png,80632,21d6187d51354882b60b13f08cd5a098d46aeacbe87f70ddddd4a73156404e02
E050,116804,slice_064.png,80603,bc3947f4578cae429e35e07934d698151105d1fd0d77eee07df7a2b32efbd2c2
E050,116804,slice_065.png,80919,13ae7f5eed3628baf23ffea98e4808e46331a915b4704c3a5b7b30ae09d98964
E050,116804,slice_066.png,81545,b10895f825b946e529c9cb7e40309de9378b2bbcdacc629d360afc35d6764a50
E050,116804,slice_067.png,84886,644d81873224acd4f5fb2c08711c052769cd8c6b32060cfa3d5d3c7a230796b3
E050,116804,slice_068.png,87619,a7b1dbce0fc11b17f9301881c1500cf86f0a22600cd2017ea08b46b467152144
E051,115363,slice_000.png,123168,cf5a08f47f3e8f411eea459e113ff93d78da075b20a447287ad9907721b43b7b
E051,115363,slice_001.png,120572,cf4dfe7779115f075ae5e710c897d9b8bc400a606f886b0e2ae934bbd6b2b5b7
E051,115363,slice_002.png,117652,3b990027c19a669f12f8d0c6c0fef8d732aca11caeac81818d55c367bec1feef
E051,115363,slice_003.png,115525,dd6f059d63428c0ea300231789dd611dd54b621c2eed50bef473cf3b1d181186
E051,115363,slice_004.png,112408,a8c5fa7d8418598123eef39c987429c6da5fee3e5aad02867e409001eb7becf6
E051,115363,slice_005.png,111659,0f7bd2376bbd9fc48b6a33d18fa2ccd586d49ead5f2118adb7fcc60db867284d
E051,115363,slice_006.png,111905,15cebb36519a2b088be4014fa2cb5ae8c9f4891b97113a4036c0424ad9672ffe
E051,115363,slice_007.png,113874,1e8b9f8f7a0ac8031726f6d3f723f67b03d9ee190023fd6b8ad2644058f52607
E051,115363,slice_008.png,114041,b9ac3959ec7864d1b9ca6ef8f3dad705244201b0d2f40de451d85a95c51ebb51
E051,115363,slice_009.png,112024,0c4ff1cf548ad357a5dbd0deb64954c532c82b1f05a6f5ce3a4945530fa5565b
E051,115363,slice_010.png,109255,13a9937f5cb7660d7f988aa9563471974835508345dab588c594fb4a2bf72414
E051,115363,slice_011.png,108591,45e16b908b52db3d0580283593f5d52ee5dad17b4e7f79f1d4cb7a0b7169b18d
E051,115363,slice_012.png,107607,d0e072e2d87b50761ed62fe905d921d11fd6dccf65467ae89ab30fde56ef2c60
E051,115363,slice_013.png,108973,685b9d1e78316d7bf62f76dd7e22dcb1edd48935fa6a4afee995d7ac6cf799b4
E051,115363,slice_014.png,108075,d110aba45119a5efd86fae012c7ba7ada8f924f160b262d05f636651305e9d0f
E051,115363,slice_015.png,106571,db06b7652618938553752ac382108fdc4cac45c9d2f38e8f01b6a3b2f5f0582d
E051,115363,slice_016.png,102705,f77c0d943cee1cb183f8b5d4bc8fa45013b05ac3cdc0b8c637aa8b9524244da9
E051,115363,slice_017.png,101292,1226dac150e08950460ba4d5a32eb8d098cb1c309965f3069fb00d942cd7c3a8
E051,115363,slice_018.png,101452,c2df0d654b069585324962cb71dc13b1086f7075b6d52748172cc3b7f1df7351
E051,115363,slice_019.png,103235,cfece21037ce7a42d52be9757b83accf9c38c497ffeb2ed7559051972d04d0a7
E051,115363,slice_020.png,102662,6a24f05ace1344afd2e1da6e6e3d36287ea2551ffe69d074a7a455b6d83d2a4c
E051,115363,slice_021.png,101106,926b3f68730b7d8a2c7c82d4fd2ec3c844f0631c015f5e1c4e23294af615c99c
E051,115363,slice_022.png,99392,45eb8a40fddf11dad290cf99b2ba5068a770ff314d59ee4000d6dce27d2de480
E051,115363,slice_023.png,99387,99c6ea09bd4b363792c6c7faaf0b20076410c18d08e76c6c04d67048f20f4353
E051,115363,slice_024.png,100255,8ad94465e3473838a7f3e9079edf046d86dc7a43b7222b4555cfd8d06d4a789a
E051,115363,slice_025.png,102277,3f9a1bd472beac47e0decdff2dcd4b88b8e5cbe52a89912c6ee7a19877ec73f9
E051,115363,slice_026.png,101391,22f68841aade7b829f5245e41e3048a2027769fdfb929a88d30a0be07b65dfb1
E051,115363,slice_027.png,101568,3b0295af706154e3f0adf907fa09ac083fa26be42689b3cfef6e3ad5e2932920
E051,115363,slice_028.png,100609,9cf6f903c2a1bc7728c4b9e43655cee7a815161ac423abe712cefdf913d63ab3
E051,115363,slice_029.png,100539,7367662279a8d9b1f817261b88948a122828f9162246c2508eeb6f1945dde6ae
E051,115363,slice_030.png,100463,4f672a18f7e13589901f86505cae949b7bc803fb03ea90a0736d1c3cb45f6335
E051,115363,slice_031.png,100606,e19b300d09823841d6592e1935ad234abcbe1e7395ac3d8c04c35497171b799f
E051,115363,slice_032.png,98435,96c890ae5da5a81253112ec4aaf7a7edfebe2c892e4c6e5c6a756f258a064baa
E051,115363,slice_033.png,98183,96e69cb85ba1156b20719f8c2a6346213019d8d54c020f9c7b141f929b74274b
E051,115363,slice_034.png,97605,e4d7a522b6c97030c7326ba5b869c921aafafecd693b9e96f9544c69c4424bbc
E051,115363,slice_035.png,98270,76c522f72955723d78bbacf7c58b8f94ebec074bdc0a2445d541d93a5332ed02
E051,115363,slice_036.png,99246,37ea38a13db3c438abb348dffbe2024ff1adfc38da26505f6af5129e3ae3db8e
E051,115363,slice_037.png,100323,4ef4832c48b1c97d73a8096829197da66baac684e8026e0eeddbe1240fedeec7
E051,115363,slice_038.png,99432,f4b7c62d765af5ba9f235719bc9dcb896c9c8c1c281dbb8c1aa840caa483113b
E051,115363,slice_039.png,99321,ef6c4b5507370126cc4ca2c18a781dff39f53afcbfd4d49ff7883d1ae95e0050
E051,115363,slice_040.png,97745,d7f7bfd8b35744985cc08e2645450ac5d38730d3e281f0d1735a638980a750eb
E051,115363,slice_041.png,96959,3ac8a51c96fbe0f89a64f66e6693a48a7d6cf6c07269cb0ed321ee87bd9f0786
E051,115363,slice_042.png,97970,71ba3a1444ef581397e409dc480e0a0fdb779b2f2a7f3e2346e0df8e9145ce0b
E051,115363,slice_043.png,100195,48013afe362f92d63ee1f129043b893d5a369838f544fdedd03a89530d3de6c4
E051,115363,slice_044.png,100378,9e331305d599840017b1923d4690d41d59805a1a275110b142f1906b620e05a6
E051,115363,slice_045.png,100334,07cf6ff3f26eade0f95bf5ad346a5176f750c594f7e3c9746d14c491a717b928
E051,115363,slice_046.png,100127,177616b07a68a129dcde1485460e82e91e77b545cdd93008fbafa944de0eb2ea
E051,115363,slice_047.png,99853,16143f065c41d70c86321d8b6452ae4f08e26971e623d95e3b1a8a7f93161f3a
E051,115363,slice_048.png,100291,3dbe902bd773366066097af7cc420cd3a79e53d22ae1b75481152f54cfca76cb
E051,115363,slice_049.png,101260,ada2d357969ebc45abe3064459673c66906293ea69605fe106e1019bc7ed94fe
E051,115363,slice_050.png,100313,55b6239371ce5a0546d84a3997305e410d147ea8676fe19397be03b94857e2b4
E051,115363,slice_051.png,100987,fa68bd274e53a81d32a83e67bc0ad967bf5b97fb9abb96ecb7bf9dd92dc9e4b8
E051,115363,slice_052.png,101055,6843df9dfdf3c1532d0830fd6d55f623da0da766d1cfb7a5082d229f89f9d5d7
E051,115363,slice_053.png,102165,f44008d11feebae9609bafa047cd92dabeb3a4fbd735ffe9c1a6853d9ae4977e
E051,115363,slice_054.png,104067,92577dfc1e0c9e25362c35b9438bef6aad7ea891db2b8d44f9e2716e06df79b7
E051,115363,slice_055.png,106521,26e32bf411c60b2a6120053458c263b18c8c26897bfffaff60ea2ca28155d2d6
E051,115363,slice_056.png,107051,a21c3a042aecc74c28b5b2ab8ca5d202e21989c806ea67f5179c0cd5c1cdd2ef
E051,115363,slice_057.png,107825,5a1a96a585c98180a3e76a69de8628fc8265c0dfeda5db1afcea861f7decf038
E051,115363,slice_058.png,107574,6718af63b7b704b89c146ea2e1fedfd3bbc4434caf7dec22c1828e1db3a2dd66
E051,115363,slice_059.png,108718,129c451ac1914d6b79124de2703f07614d03bc0757de82a34b1efb20239dcda4
E051,115363,slice_060.png,111057,fc21978e3495ddb3e52c583a1dcbfc5bda31fca61ff64df5b5f54837636dabd3
E052,129073,slice_000.png,76081,38db79b1e8dff4c856b0e9fbdb8eff5eeac8c609ee583309a1f6ba37e46013d5
E052,129073,slice_001.png,76932,a1c9e6a3887053dc98d7c1690babcdb1c313133cd59c3eaf9214fd8981e2d256
E052,129073,slice_002.png,78369,1332b5c728da2b09e1126e98a1e6b5211beb65f1190ea75271a39a1bbc99146b
E052,129073,slice_003.png,78442,6ed3e9f063e523106e5959328e09c34990a664f6ce55cbd51acc8c1da2a081bc
E052,129073,slice_004.png,78895,be4bf83ac4d08f4cf4eee87775ae9defe4d45f213f63272bca75438f92b0f047
E052,129073,slice_005.png,78721,e690e9c3546b6e4553257dd9a854c7fa89baf0ffb4cb701def470b63b222ef95
E052,129073,slice_006.png,77692,bb897344cc7fdfe6b1532a047f8f710eddad1f0e9514068c3365eea1eb429e37
E052,129073,slice_007.png,78890,bb64006d56e86dc47ebe47c56a10d4fe10114c594daf09f79db0d2edde61e089
E052,129073,slice_008.png,80095,1b90d2d48381d84b6ea8f0e8e241b6fbb75446995f34f243cef6b6c6eda39882
E052,129073,slice_009.png,81053,8dccd4ae50d8e4faaee186d2f760be05e3e9840bdab0b148298f7932f5d92651
E052,129073,slice_010.png,81724,9b1c94ded1d737fdb6aeffa0486493e656bc56d5d4c6b41b7f4dc11224e40f07
E052,129073,slice_011.png,80339,33049395a32f6eb29da15c8aea70e5a3064c6b131e5c1b8bb439312afea4d7df
E052,129073,slice_012.png,79980,ecc807bb5d7bf652f117b44c8164be5d9e62c312c7c013ccf60bba20124dc564
E052,129073,slice_013.png,79833,963809b33a1774731570b752bd01bbd704ee499ed09acff050e7cc47deb27dcc
E052,129073,slice_014.png,79832,1189ff500c89860fb5b77b0a02d6997941409a4d7a6c4df3ea8dd30e574dd5af
E052,129073,slice_015.png,80387,18d2362b5764ca8c62ac9c433b5aa09849113f619b3a90770df50b79be30bf5d
E052,129073,slice_016.png,80200,6bd1af7068475771622a65f3492f080e813721e93462035c73f5dd8a8693a23e
E052,129073,slice_017.png,79715,b355a4c2adab6b8420ada89f9fb56f04c5073deeaf19f1dc4771e55c5de92570
E052,129073,slice_018.png,79567,e029f2aa2da578d81a33b2efb97e1ace8269ac91e57b294064f55f7009aa9211
E052,129073,slice_019.png,79738,0a52a872cb926a453ec32a905befcde678f467e6e1f59d53e4eb640ae2044228
E052,129073,slice_020.png,80206,f5430775803821e432429a1e7485720c6407b191fc391a29e539b13bd261711e
E052,129073,slice_021.png,80316,91f319bec1450a1b6558cdc4ec7cecd50d5bb87ddccd6e58e005c53a999d218c
E052,129073,slice_022.png,80025,c517a3c480c42ea158f3459044e24d2c61d462facba518beeafd5f9c4fda9c75
E052,129073,slice_023.png,78671,1bb2b90b28a521d368b557a5dbabb34c55cc2c3662f5c5636a7ddb24d73d30e8
E052,129073,slice_024.png,78052,943b384f118aed1e46837e5fa0e1ab27fc4dbac7d49d73016304fb9239f26fd7
E052,129073,slice_025.png,77822,6168ed10d8c68efa177cbfb8753f31005038031faa5817f86ffb3778aa60bf81
E052,129073,slice_026.png,77356,f63805386039d79364da290f8bb2d36532c99da0ba11301360900005e5e861cb
E052,129073,slice_027.png,77975,d028933f589f35a15e76e915fea3ab547c6a9a8f960d698330415d54c23e8a15
E052,129073,slice_028.png,77838,9eae8c9ccc65c5f3962355fd756a32b91b1335b3963a73c13c13a5b645125249
E052,129073,slice_029.png,77778,fcfc54620ccf07fb9fce396074b579254ac0f58f6c0c3307fd43fc2b7f02a715
E052,129073,slice_030.png,77249,d5d82abfdd017de4ad5a56f83dea510914c3e208cc2590e28a7deb4d77e812f5
E052,129073,slice_031.png,77081,ed806a2ed0259b511b8c3fad1491ed2c267f31de5a21900e98a1bec6dfdff179
E052,129073,slice_032.png,77041,b595e972971446a03598664f5a3bdfce6e73b3b59a720e701754217a4442f344
E052,129073,slice_033.png,77985,3e1c876a6c0a72c6bf6da4eb80c715c542400f85097ece17904a479682832cc8
E052,129073,slice_034.png,78690,6ce1505afdf54cc4d384c1023ce0193628ca4b2bd012a54be70c2849ff761e38
E052,129073,slice_035.png,77956,7edf5559db0dfbe058360853a3f9cb2d9c70db4afcaf0444db1a7c92daa5859d
E052,129073,slice_036.png,79161,e16e718d0a0ac4812490fd58ea41a5909f7d10434eebf7f77f71af4120aaa124
E052,129073,slice_037.png,79388,e530155d67632e3b4b1c9f02e83139ad83584c7793c41543f807f0c6306687cb
E052,129073,slice_038.png,80138,4a2ce931a9c1e901bdc7839ac2ffa9736bc49712c8b6c6f559865deeafb32c33
E052,129073,slice_039.png,80782,6b3b8f94e652e20b6969cdb3eb893f6d8d32f2209de5d1248f28a287f08993ee
E052,129073,slice_040.png,81241,9745415ed69bfdb32a5f652861a7eeb6952aa0d91762137a2f487ef97e1ce577
E052,129073,slice_041.png,81392,17821dfdd79274be1e276da4ba47c94378a9c473bf5ecbe60c6250c47ed492b2
E052,129073,slice_042.png,80220,5f572493f4f6ef12d4f3c248325753273cc09dbfece951d2f12b2c2ea2b13998
E052,129073,slice_043.png,80116,def0ad70b3654d20ba272a077f6a161f30eb3fb4dbf24b78b462d9eb1567b7cd
E052,129073,slice_044.png,79663,683da721fca39f33c64e18648591fb8ee2a68c008ef1b019934df99bd806d9c9
E052,129073,slice_045.png,79687,1ad0b7c2b401d3705a318d7d17206defd0a06923e6cfa6fd39d2f22b8ef2c2ef
E052,129073,slice_046.png,80161,221fbfab0d07870fbb5b6b18aa6c3687378f95c1d8d6cdff5b2d8105f8e07b0b
E052,129073,slice_047.png,80527,30aa5bcb483fc518ae3b2263f89c97a6de001883d73d1fc94396d2664a27a62a
E052,129073,slice_048.png,80732,9e2b1717ec8e6d5f10c7689a74987b5c9cd4c0e831a94b1c0675eb8cef018c52
E052,129073,slice_049.png,80325,10452cf64797a65786bc4995fc9867ea11059e5c5e36af41b8f97303e45cb736
E052,129073,slice_050.png,80265,69b145196db10ff998302d0b506ea46c61dc1146d75a73667a009cb8c7aeb9cd
E052,129073,slice_051.png,80148,8643a0c3e720a49bd9779bd4813af45913c747fdd6406bbaccefec803bc22675
E052,129073,slice_052.png,80042,1958be0aa9c47f62f1c2365aa0b7d594bdc23bd9ac74ced54806ac78e8acccb5
E052,129073,slice_053.png,80188,3edc71efed3e4cc59464da49e78d7b91fd759ef12c1db873f08e6a9d839a6615
E052,129073,slice_054.png,79972,920a430731ec394749f84f42dc44047805e8b68ed93c72bc7664329fd3513b06
E052,129073,slice_055.png,79859,c758bcbee15b8c8c4ef98ac42bb532167588baf3bcf0b5f2b2acfa27729648c4
E052,129073,slice_056.png,79434,f3861aa3e4e17c2d0d51c57d1dae9e87fb4f30e71fbc833d16e3d4f7994f1120
E052,129073,slice_057.png,78998,3b8fb84e5e2e328b010ba0550ccc5f08d349e8768d139f75402226e4c689bf0c
E052,129073,slice_058.png,78745,67f97739e2819e63813582bcfe2ea00e969239f68340af73fe17475c15ed609f
E052,129073,slice_059.png,79378,76d7ae1079807b3c63d0c7b000333d2a22334e359b76717cf859668e63510425
E052,129073,slice_060.png,79215,b4630f52d530df877737522d782c572e3a151af69263bd5b4b1e1a9ce504ebe3
E052,129073,slice_061.png,79564,99e7509fdbb3dcaf9f65e1f55e37186dedb99dbd0fc9610ed720b2a4fba0e897
E052,129073,slice_062.png,80233,001147fe053492072c6c257f00170935c210e13745f71b2edaaed092dc608831
E052,129073,slice_063.png,81004,e617a7ef4eda8219cae5eff1c870e451b9892a262e341ff10b8c808f885aaecc
E052,129073,slice_064.png,81976,1985229b3f3ebcb14176f69f078483e8d074e4cd4dba4edc8ccf1b6e484c80e5
E052,129073,slice_065.png,82976,9ee34f04217964ab4916e2caf6c7a05d11fea8069c3013da226bbb5d8e7c7b2f
E052,129073,slice_066.png,83834,a506987247489052644aede8177ac1e3e1d2d34b8670f3359fb4c82927d242f5
E052,129073,slice_067.png,84366,955443edb6391bdc5a63156fe77cb1b9d1f37c0f3313c323390575600b497cc8
E052,129073,slice_068.png,84983,d8f440f4cb6c07c011cfc3e3b637f47f5a36194c99dfa156ebf0a4d29b68530b
E053,108732,slice_000.png,92167,837b9ba76671234bf63845ca56a75b09ef46bb1aead2599b1057796e9204774e
E053,108732,slice_001.png,88522,b69b1544c0e965fbb2dccbf560a9660da3c153de3be90bc77ab4241a8f331525
E053,108732,slice_002.png,86536,61e6b19ff719f91f2556e7e97dca3bac716210f6b22e1088cb43d37c0040a468
E053,108732,slice_003.png,88126,289908313f8c1f79c1c9c26e4513258b31d4526ca93bd86447e461e9e4d97df0
E053,108732,slice_004.png,87354,18cd81c98f9e79e472e666f7545ad9685087056ced0d1bb95ff28c22d312b25e
E053,108732,slice_005.png,86904,f7f130ca0889ad32d3c094f09693587c0b55880668e07f22eeb6016b2a2a3fd6
E053,108732,slice_006.png,87264,859899f0bf5a4cc7575d9daba461f0b83ad2f3aa78f64a11c49268695179a694
E053,108732,slice_007.png,89195,4e4d05cd06339253e407f7a369191ba3dc89504bb67985bf01671db95ce5bd83
E053,108732,slice_008.png,90495,acb77bbdc80fe1e384b4b459a01bfd5c205a34ce53ae4dfdf80bbb7c74d53802
E053,108732,slice_009.png,88999,023c2459845dbb5a2c88990f9cf54c711e504fe744ee330cbfcaa9743d42e8db
E053,108732,slice_010.png,88570,7f0974dd3d001a7dc3d5a0c7320aded3f1609d38ea9a9f274dcd480f3718d768
E053,108732,slice_011.png,89950,c266f89eccc4c17741f9e72b86243752446902f0bd59f4e332ffe9bbc9e4b358
E053,108732,slice_012.png,89266,9dc6396f067d80f7b6ad829a8b8e929bce8bfe09f9d03bed9472a0c17610d7ce
E053,108732,slice_013.png,86753,cd86594cde301e63d20806530c4866c8f08c1af7a642360b95bd283ddcaee81b
E053,108732,slice_014.png,86690,f4b64fe0217934650ef57cfb52df70d42f570c5e2e127d2018a452a7d78bc7f7
E053,108732,slice_015.png,89729,7e978e56e711d33abd9d01cbafca138d596d72abb1a29d4c75d48f02bb167adc
E053,108732,slice_016.png,88883,e48c8e8664316c4ee282d2602d3394be2f2d5f473f4e760875289c82a5a8b246
E053,108732,slice_017.png,87268,13f6ef675597be6507e0d87fb9cc40a8eaa08a5713e88eb554abbc250bfdf987
E053,108732,slice_018.png,86971,d501e80f69b51e19346eedddec4b5faa592d883035cb01e0ac80cf52f503d733
E053,108732,slice_019.png,87802,0c21ad6ab992979f557c7c0fc7a1f023095e9d6b26803db51ca863c3c128f9b6
E053,108732,slice_020.png,88212,89fdf113eec25b941bd2d77af4c071b376f2a6ca9af72c910d2a8dcc40fbb930
E053,108732,slice_021.png,85160,9cb5c13ff1aab597728f96b35ebef456b338f49318d75006f7991ce6b6d4a6ca
E053,108732,slice_022.png,84196,c3c9462494eaae6599eee58dd76dd2b2e8488e31cf610038721ad10d8ee31f58
E053,108732,slice_023.png,86172,7e70c3518d8f0d7bf63a4ab1a1640fc973aaf743d5018fe94db7ca289d65b1d0
E053,108732,slice_024.png,85656,39edd6b5b0e3b201257f180fbe4c442e708fcafc65ec6eea8610502ba0b9108a
E053,108732,slice_025.png,84140,0933366dddaa8ee8a54939df9654d3ae5ba7e02223b65b674afb25f4a9592fc0
E053,108732,slice_026.png,84150,e113858b0087da4b59816b74f9a07824ed096fad38bd32ce4e859fbaf751358a
E053,108732,slice_027.png,85198,3161a746d8eaabbad81e83377efafff21eb28f1d83455222506133731a6cbba7
E053,108732,slice_028.png,83859,9dd22d75a7eaf5254feaedfa8d5bc66e29a56388a6f6e765530d91cca5f77f44
E053,108732,slice_029.png,81217,ed5122d340806f8e10219611eb6ce94b1a9a9926daac579b239ee976a32c50e0
E053,108732,slice_030.png,80930,a7d996d59fc5707010f3a4ecc55f62e2d5ee122d31fb64251195111feab6d609
E053,108732,slice_031.png,81507,bd57e33cf45080fe971168242141a76cf16aceeb03d4f96b6fa4a15c330542fb
E053,108732,slice_032.png,82261,7ef852a10fa1a3d386ce0c25b78e8dfd4faab67166fbb30c64082f2ef4d5a1c8
E053,108732,slice_033.png,80271,06acd0c98a16528136a80f82e7bd91a158299d643b4e4167cb85cfd8c6170057
E053,108732,slice_034.png,80756,f11f10991603fb372be142d9292ca283a7a3e5d4b0e034e2d6a58ed9b4c8d1ad
E053,108732,slice_035.png,83563,c6d70fe53d39bda65e20eaaad3addca72b32c0035be14a669b39aeb06dcf686a
E053,108732,slice_036.png,84039,225a0e2d7d9aa2ba1d08134ca15913bd5fc439333f7c5bd3f88b170d6dd4759c
E053,108732,slice_037.png,82206,5e756b8a5052b26eda521a68fdbbaa60954287dff108cf37ea8f85df090dbfb6
E053,108732,slice_038.png,81007,197db320de03515c96acd15312c8494e97d8b1200a4d03a1ca410fdce3d3de8d
E053,108732,slice_039.png,81220,a3be7afbc01935f6116c97253053e7e3977524684762b61a98b46140089dcd57
E053,108732,slice_040.png,80625,f603188b9ab18e1370fd9f7eb42f3d00b8415134980eaa75b1b102556ff08448
E053,108732,slice_041.png,79359,279ac40f3addac300053a7ee4b1e233fdc96de02b90ef489aaed214153cc5e73
E053,108732,slice_042.png,79705,d1df890c274e272681b6ae98145a4e0fe738cb17a4b9033ec0273760953cd4d9
E053,108732,slice_043.png,81220,dd59a27fe65d0a11a400f9b6ee10fcf19bfef94fd26faba9f4911b70ae70608e
E053,108732,slice_044.png,82178,c583fbfc8ca8ffae5ca5fbffbb7f54a0ff1e7c725d89fccde7688b0616bd1fb8
E053,108732,slice_045.png,80864,da1dd96f903ef108bdcf8ceacee889e3a46cfb1f492c3c183fc36fa14c412bd3
E053,108732,slice_046.png,80533,73c2b5124065f1f80903cd2dbeb85a49bd485fc0e147230cd56c31a111904088
E053,108732,slice_047.png,82435,f39ce26defab5b2559f21d79d4f22be41db94ede474cc6e77c7c3dcddfb42d01
E053,108732,slice_048.png,80715,370c6a6deb4763f745b9c8cca50f4e0db31cbc7b0aef1c4825721cb751c188cd
E053,108732,slice_049.png,78303,98cbe1d694d8ab538d56214aa09b146b4eafcf6a29e8586ef9ec63b4dcf86f39
E053,108732,slice_050.png,77495,0ad33c206f4652125c33e2840fd6e44c7af458274f32471de6aa63741a9f5eb2
E053,108732,slice_051.png,78714,6152448e73cad203dbd583b5cf7da4119a475c101955fe6ac12fce3470bed527
E053,108732,slice_052.png,79655,10204b220b01475384000be0eccb46f0e0188a1ca9b708fa15119f0a384311e6
E053,108732,slice_053.png,78243,ef7f07293a448c6165ec58669f17644d4caa0a70b01d66c2af7d159e23ae69c7
E053,108732,slice_054.png,79343,f17ef77c9da5f40f7354b4d8d7567bd1b6b9d6039832284af7a4b80addcb85b0
E053,108732,slice_055.png,80606,dd1b6982bc8f6816775c25675a21d0064ff0faca6ac07af70ba3df9a15aca9f4
E053,108732,slice_056.png,80277,7829018c77a5fcca986c3f63f0de47f674ae4338affac40dbf01513c2451d950
E053,108732,slice_057.png,78221,b021bfacacf0f4c874f62bf36458ed3085e1ba362832b6090065610e73397383
E053,108732,slice_058.png,77701,d9a4afece410664aac28d29d36069800db2bb5f6effc95f21f15388aa0e1a0c3
E053,108732,slice_059.png,79693,43d326e65b6dcc473f13cf8570122aec26da82b74e7404f424d72960ba1ad36c
E053,108732,slice_060.png,79320,75a9bfe2eb5a2560049c3def7842702f6004f72b2b9d50b94721c80e3e98bc06
E053,108732,slice_061.png,79041,494169ced5cb0fb8b40224b372a5a544f849f07199c6d2e1861e5655a2140d58
E053,108732,slice_062.png,79894,441407df061780e7c4c6495f312bb85741dab1785ff2fc43136c16d16c869218
E053,108732,slice_063.png,81079,0a5818f87a8d1d1f26447486d3c951a96e4b61980d0938999bcef6dc85827874
E053,108732,slice_064.png,83220,d519a4849e956e6583008e553229035b914c60af99691c7f30b59b0f949e787f
E053,108732,slice_065.png,82689,fba501903f1c984f03a91ad5ac8c0fbc6122b156fdbec66974990fdeaea88de5
E053,108732,slice_066.png,83089,8795ebd0537b484db6ac60c6003ea552b02e4425f805b56e27a35c607d515ed2
E053,108732,slice_067.png,85092,7562889b2fa175dac172682fecafbd67470a2bd5cb78ec3ca680f693a6538f31
E053,108732,slice_068.png,86127,0cdd48bef15e76768238ad045b5624262d33492bf62c9d5e4a09caa23e232647
E053,108732,slice_069.png,84556,8683253f996f079a7037587fea31982f6e333969b763abeeb3bf45ac56ae7439
E054,113559,slice_000.png,78372,bf512292355fd68c3e120b44cf9d87eaaad917a4ef18e6b0854d59b35b9428a2
E054,113559,slice_001.png,74599,e744b08b5ea6e5880435c253c9219ff6ce683a2ac1213e5d6555de70ec3cf3b9
E054,113559,slice_002.png,72614,cfbadb84d8d889a8717ccbaff458de0f2bbe0bfdc23fe499d5265a53dc71e6aa
E054,113559,slice_003.png,73623,01e4e4b24caeae465c3b0086f8aa6c565cfbd0201c66387beb8ae545881bb125
E054,113559,slice_004.png,73384,8448d2ebc6efdb55fedd79952da7f845647efe1e86e7a4768584132cdad3f381
E054,113559,slice_005.png,72730,2485f1b8f7a1cb254ab3613cc527ea511253e7b45f9cea3ee8ced6cc1e4cbeac
E054,113559,slice_006.png,73174,8ff74b65b2531543beab10fddeae6b41ea0ff381d16885bda8c0aac37d37004a
E054,113559,slice_007.png,74253,186608383db93e82be12ac1e4f5ebc120983abfeb54829ebe80209da7846d54c
E054,113559,slice_008.png,74611,9aea481bd8523a9cf3e488510ff5fbdce96f39d23875ed6c4803cfe953d4a983
E054,113559,slice_009.png,74305,8b9832d963f33cf348e9ae5b17bc74bf6086c2ccad1090c3c6a4d508004ee91b
E054,113559,slice_010.png,74508,bfe3263a9c57b672a80d3ae31507de5e1794352f9f155ed4858485b9eea6b657
E054,113559,slice_011.png,76160,cfea9f36c02cc931f8af74336923373a0e86472131f87aff90fe238ece53fe55
E054,113559,slice_012.png,77827,41eb86aa7205de1e6298b544e96397a84d1a545f7ca28888ecece381345fc2ae
E054,113559,slice_013.png,78388,e45b2e20fd8a84919c4220cd581172436c43341889caee5c6e42d4780acfca93
E054,113559,slice_014.png,79676,0af28bdaf183c0f86dc2d1bdec855ea7195db6a03f0374d9cae1c8c7249ac13c
E054,113559,slice_015.png,81441,937e97b1178604a9f884091218da8ab85a6d9716620fa1310600aeb1e0e0fc1d
E054,113559,slice_016.png,83427,83848ff23da4454094aa03f92c60e2704928a8b3624aaa2e6cb305a07481cc49
E054,113559,slice_017.png,82392,30dcff333d7492896afff4038256c2b58190f08e1d18992419655c44a04a0cf8
E054,113559,slice_018.png,82771,c61bd9c59f6f0090e80ea298b5191dc854f7040f8a2878ae23017035b0d36d9e
E054,113559,slice_019.png,84381,3787089029b5b5869253b62b4e42cc59ceac565a537b4e526a8f0ad3cb44d8f3
E054,113559,slice_020.png,84899,92580a444e89a1e2966cd27411406b5b49ff862eced3a47b42265d628bf2548b
E054,113559,slice_021.png,83583,5b1555ed22ad438b2b90b44a2a1fa863cf32bac2bac6f5cd4eaff1aa50aec578
E054,113559,slice_022.png,82689,d26e1f8e5df630d083a7b2d89a3cf527093421a479574d6fa5e980be3f7978c4
E054,113559,slice_023.png,84552,f84060997f8cfb8344fd23eefe6b3e5cfdd83a320874068abeaabc11cb470cf8
E054,113559,slice_024.png,83435,5123bf29d4491cd760e900916fb59b412ff070a08087935830a7522f62c87bf1
E054,113559,slice_025.png,82152,f05dc1c006a2ae0f4db47a4cac67dae19f2145ba9d637945fa46b77887c3f243
E054,113559,slice_026.png,82721,3b3ec52a9550cb76027428c64e9df4329a3ce91fa6a76448c4f62acb0db50059
E054,113559,slice_027.png,83477,0b2e0b195f66bbff169ae0ba980c83da46e632c79e1a9083f8e85a4a30b75317
E054,113559,slice_028.png,82921,99387ada46afac7c4eb624defa1f2738a4113f24897932cb2c56ec3bc3fa68ab
E054,113559,slice_029.png,81621,3090da4b3b23c2057c3962fa4d5e2f6cbab9214b812641b41ed133daf8a3afeb
E054,113559,slice_030.png,81239,95f493af0fb6f12b2943c5be5cf92ce523e2ed131e4c347a95dfb5391c896c21
E054,113559,slice_031.png,82601,e372e4326395c2ed78ce391c5bb17f5c932cfc2ec8059b787f98c14316c3de51
E054,113559,slice_032.png,82236,846d0772b578c1aa39e75e4e7571a81202710528e28b5cedc27a6786a916e5c2
E054,113559,slice_033.png,80976,29c1203ddc512622fc2f88b34aedba17e7d5f68655742da83cd141e96f7aa8c6
E054,113559,slice_034.png,80745,9078a03b8b131064cf881507f6c16583c4853d2c4cfa93dcf2aef16c198feeef
E054,113559,slice_035.png,81638,e9ccdb1d75684340af9aee8e1a74031d6c0661dc08c626d9aa36f83fb4dc8f25
E054,113559,slice_036.png,81707,56719e7b221664e54661a79587ff8133a17a0de17482ce4f04f0f383391ee0fd
E054,113559,slice_037.png,80603,77d7205e8ace1ca8ede3f5a21af3bd0bc39369c49db3ed13c567f8d17a69fc3b
E054,113559,slice_038.png,80685,308ccf7bad1720856ebe51ff6aa8d1d934a328408808aa4c19899236f6e91f9d
E054,113559,slice_039.png,81801,c12ff68f1a5624b76c500971c497dfefc3049dc166d3b744e133448f122f642b
E054,113559,slice_040.png,81450,42cdb3e3f8ea089a125c8b77816273d471ff2a048fea756a86d5947abd4940ed
E054,113559,slice_041.png,80074,23ea25caa0e1708419642a36ef64196b9319e5f0015c340ffa6eb2412f48c975
E054,113559,slice_042.png,79570,b362786cbe923f62e73470173ff560516e2653376fe00dc38fa50b990acf231c
E054,113559,slice_043.png,81723,555578eca97cd1b4fa9e327ca2844b5488a8b14476a46a77f1bccf88deb1a7dd
E054,113559,slice_044.png,82749,be6ed6e1319a037f036a62b6eb8739e8c75fab2242b63920e7ed622d6ca1ff21
E054,113559,slice_045.png,82405,dd3b6a497a2677636f44d3cf571bfb1bfc0952b8d20744d4de0a7ec1cad92dbb
E054,113559,slice_046.png,82093,09b86231ac0db09222ed43fb1792d55450be5d001fcc1db4a1ed2fbe8f8ce2d4
E054,113559,slice_047.png,83295,f8e3b96e6bed249ecb4362cd51cc8cbfe0ce39cc2254cbc8b3144e673b9e4704
E054,113559,slice_048.png,82639,4622c46d6008fbab060270b75a7b346436d093cefb2f97bc25afebdc80031264
E054,113559,slice_049.png,81421,b13f5011d5e3cab7483dec4f8443ecd4e2ac2012cacea327722d77d4033151e6
E054,113559,slice_050.png,81320,6f6ea62d60d0bd8448d57b43863f6f659181fb7d60c90117010e1364417d0554
E054,113559,slice_051.png,82437,f1b025f52fc1042f528036f9d5ba9fefd59a6199f26c067544b26da71476c680
E054,113559,slice_052.png,82498,bf106f662b3f7f10d693d6250d59ddfaa12b47ebb6df1bd2889992728d663f9d
E054,113559,slice_053.png,81324,b9ebe9539ffdcdcc33fff3e3855748a8e3674b2400be9db245544f5bc627cc14
E054,113559,slice_054.png,80945,9ed130481d96044f049eafba9c739ccdd25fd1b140de0eab37757851408f7997
E054,113559,slice_055.png,82419,2a79c13f36b004dc129306aead7dc86fb87269fb04a4d5350b124cb1c98c2322
E054,113559,slice_056.png,81946,3d5169dc2f96943c84c96379a178e00ae7e2fbfc9fcaac24f7118b985c3b8da6
E054,113559,slice_057.png,80641,d5098849e5a3574dd84a2b1c3bb1eedc1157d8330c51cd457f6ed4cfecc1a816
E054,113559,slice_058.png,80190,127d52b8ab0b5cd273bcc07e9564b895561d1568b03e4a245de5c45817f81087
E054,113559,slice_059.png,81258,709e19fe1e366f40accf17c252255df8e9ee19e3a35f0825cb158666a9834657
E054,113559,slice_060.png,80406,fbc7e287c68a053a7b464b485d3631ff1f5e2ded9eedd337fd53cd92068e5b87
E054,113559,slice_061.png,79330,42397fcb440c4f106f8087d9f6ac16a698cb471dd2b5e37bdae4ba2b75f28c55
E054,113559,slice_062.png,80065,c8c19b66ad8671840c0a74700b4ed00f913e971b239407fc9deb2d63a8562330
E054,113559,slice_063.png,81867,2dd2961b3dfd0c468c5b0303edd7660323fe6d4cfe563c120ee2b62aa4baf22b
E054,113559,slice_064.png,82912,a8bbbe3444fdd6544df9f9d37c4a78829cb129a3796de44ee3db071c1ea6604b
E054,113559,slice_065.png,82504,2f9b98018dfa1838db7673dbd098de4d456ca4edbf241b5849566d396aa35480
E054,113559,slice_066.png,82603,381ce7ef8075ab3a93a171689abcbc1f03d855beca4fa1d839e83ab81b233f18
E054,113559,slice_067.png,84516,d9a9254b660f65853dd284167a0a22ee25a39c1ebe4c0ab4759ccd26424c2068
E054,113559,slice_068.png,84624,a857000c094aafec196b71e2421a114f337dc3a42b22456cc4b65387676fa175
E054,113559,slice_069.png,83709,7b2ee77fef101ac58430dac62bdcbc8166a03c692237f3b27cf23c6fac338862
E054,113559,slice_070.png,84653,a28c15e77b8c986d6af57db1ef31303bcab30d6fb9540e7b118c1498d19e3c21
E054,113559,slice_071.png,86974,c7d94b51521ccefb9bfca48b472c9c873377af4c7f5f03d4aacbe85609e35c83
E055,127110,slice_000.png,85895,317a715f9cdad23ff1030c83f953ef67409c7327b24aebf4c1e11f9c85b21d54
E055,127110,slice_001.png,86315,e1250f932d7df25f7f1e4f7dfc30b2e65a66d797b2d6e6d0876dfdd3b8f342c7
E055,127110,slice_002.png,86753,627449737e42e16aa1d215963472d253e37f3311c112abf2944e0ee24c98e4ee
E055,127110,slice_003.png,85510,669eee3826d8fc8bb8216bbcf9f7fd53fadff3f48c41e1b20f7d514eb8daa999
E055,127110,slice_004.png,86022,157fcebe1ee09f8b6e3010943d795d2e396ed8704e9f76666defddb482924613
E055,127110,slice_005.png,87462,3e252f29933303d2e7f40e857aae3abdf1359ec4a1ae44a78c8d82d71a4fd59f
E055,127110,slice_006.png,88595,0759d98630ee46cbb35749a8e3456d61fd03dd374028dfc13e738e5e0a0eb60f
E055,127110,slice_007.png,89625,54488929a40ca1034ee424195217d2a770947bb2b796297d420d210bb10affdc
E055,127110,slice_008.png,88312,f2007d2af113d493a5ae8bb97f6f80a486d1e5ec597fe22e2c9d638efa572baf
E055,127110,slice_009.png,86595,800555e9c64782f6579ede11ce57734f6aca764de88d4fd6d37e19adad08a3fa
E055,127110,slice_010.png,86189,233c094ce10f205fb603acc4312c0122adb4f5519d5c831efe96119e4a019d01
E055,127110,slice_011.png,86806,7ccadd47afa1d50e8ad0d6975cdfe71a47bc8c1ba7bdb9d7f6f9f006601681c0
E055,127110,slice_012.png,87533,28c1667fbd0acc374bce69048916745bade26cde0c0d0f05527c632c83a26d6b
E055,127110,slice_013.png,88319,4b2bac36bcd6fa598d2b680e3c26075f3214cfb95e529ab69a7073f3b44bd50c
E055,127110,slice_014.png,87984,1346e708fc50be396ef38e9d7d8cf66b1169490dc10cea534326d1ded954d229
E055,127110,slice_015.png,87829,2ea593e2f40c2e953b8e314108cf2a301f0a5108f4092739751f65151dcb4a33
E055,127110,slice_016.png,88262,4c0a00a91f80dc5c1ceeb2b5ebe8496eff4421ba8e97961b7dbcbdd1546486c7
E055,127110,slice_017.png,87889,7fca09b1c3be295c9b0ed0962560c99fd97aaa02144154992126566abda52bfb
E055,127110,slice_018.png,88714,edbb36ec707cc7545c8a3821138d3f77218a5a63107a03f1b3be29f2dd869c28
E055,127110,slice_019.png,88090,aa4b31954d3baa8fb46a621d97ac1391e4f2b2d31f2bcbeba41ff5985e2ef450
E055,127110,slice_020.png,87214,06ae91b0257ffd22d204d7be1471094be6013877d77d32ddb9a988c19d2ba806
E055,127110,slice_021.png,85953,4805ef7dcd94c7530269c8b35e75ed83de50783e25c473315a46d44217a51ab9
E055,127110,slice_022.png,86848,3df5452e7f23a8b36811f4466ac196211da47b3553f27f65001cd30640484309
E055,127110,slice_023.png,86524,f14c8440e947f128925a66cf446af8bd725a6489f7771b732cc99b287a3bd411
E055,127110,slice_024.png,87008,de61636370415635136d8b306fc46edee253474e64d8f5ebcdfe9688e4956598
E055,127110,slice_025.png,88356,a90b176fbfc3692dccdffd37fb4fae7df164858ebcf5c1e9421b3d7c89543f8d
E055,127110,slice_026.png,87384,ce20aa0e34e1fb1843ac2a7ff76367e71459e0d0145054d93f7eb2fc2c4f572f
E055,127110,slice_027.png,87221,e2a07735fe4aa304bded0a18bef3011a83afbe73a72eb78ed7c6a4b4143a607d
E055,127110,slice_028.png,86647,9eace5f2117be8c08f0aac3122fd0e706c619366e159bb21f0696fc73e0f7341
E055,127110,slice_029.png,85776,c1caf0492de2211deca6c755cac27e437686820e6ef251291a6a1be5b88be8d0
E055,127110,slice_030.png,87101,6065e1ee6e3b70ab00b2afd099d4ee54b71939e2a36bc6b786691f47551a7be9
E055,127110,slice_031.png,87063,82d47278ca95c55258c0f9335158970d73838055d24524bd3f8da2b64085939d
E055,127110,slice_032.png,85924,ca22964f7605007eca244a143a596f788cb41f791c28e84479bb20f9447e3d0a
E055,127110,slice_033.png,86243,c339a0275996d6106dbf76e475b3e5d54a1ad8c024bdbb9883ae179116210fc7
E055,127110,slice_034.png,86195,faab488464485310721174942dbd27f3c02b1c6c715ce172631b78ae0b899298
E055,127110,slice_035.png,86272,0aa5b51726719e84508ff27363da38dffee86e4a3cc2488dcc67ccb20f4519ad
E055,127110,slice_036.png,86823,285f63ebaab4af56665e8acdb8b79882bae644c10c00c7aa0fe9c02ed0551828
E055,127110,slice_037.png,87068,a89b75c621d1aba6f44aed36f9b6847a0ff52696a75e683177271dab52ee7a9a
E055,127110,slice_038.png,85797,f9f337e1ea29975dad25ca2c785b6764104e1767009afccb3efcd5baf00d8833
E055,127110,slice_039.png,85933,35e92dd93f89e4fe21c9ef77a887c5c987314d754a70155a0d51fdfe05e69b4a
E055,127110,slice_040.png,86001,b952e33fc18f2ac46fec88ebd131f27a6091257136520e7efe7aad145c061982
E055,127110,slice_041.png,85759,af5faa7f74bb6c016dba3d6d6810f5041aae9e648bad05635b2f1e9f1b7594cc
E055,127110,slice_042.png,86372,5bd8553121807a75d0e2cf19408cb3d2531d6cd1a7ba696b5438afa679090d84
E055,127110,slice_043.png,86546,5541acbb073456de61c014089b8747f0c1b3b7f090dfcb14553fde559239a570
E055,127110,slice_044.png,85723,21c03be60c090af751e8371b5d4fa1b3017dc0fef29e232735249691941f6a46
E055,127110,slice_045.png,85810,ac613ee338aa226fc438decfc1468ad39cae325b7edef822e8a24026b551c97f
E055,127110,slice_046.png,86356,b4c6d665bd59d66904d8db64a9445fb472f776ad22a15ea5bd6568d0fcaa9d81
E055,127110,slice_047.png,86516,da2569b64c8dd4e9db847a5ad2089d757ba19b7f54434df3cadd9e11831db947
E055,127110,slice_048.png,87781,66cac55fd2f81734e6c3f1418be61300ebee981bebf21ea236eff377dcc2fd7a
E055,127110,slice_049.png,88883,f91281ee1e155db2fe592f506b8e77017292e1445968b98eb28d667d85e66eb9
E055,127110,slice_050.png,88911,a07fd900eea43997cc2c09f3d96f2cafbfdef044ca7f33f378d26438d4aeb369
E055,127110,slice_051.png,89758,ee26e10a696463215ed47f13147ab288f785cbd239aea79ed9a92c981849eadf
E055,127110,slice_052.png,91390,05e39afb1817b062fc9ebb38a5d39a9ea45b11683aa4651ef7c330cb80969681
E055,127110,slice_053.png,91804,3a29064c5fea396e8241a14bc75f648045a5fb0e0cb7459c433123b33222a5ff
E055,127110,slice_054.png,92648,6d5b46626ca8889e88cc875b0ba4c4df313659943a2a2a69cdf2e6b61556c997
E055,127110,slice_055.png,93863,0f67be15aee0e1d9e1c48ecc6d790eed1aa11882bed3b60b3569a031edbece96
E056,209187,slice_000.png,108298,4c11d4e027d9f25407dbeb0475eb747b7c45c858e41a4f517b4cfb1151c36c72
E056,209187,slice_001.png,104320,d7ab2975b6d3a63c353ed6d7b8a6bf543850e94bdbc5e0bf333e4c49ac4104b8
E056,209187,slice_002.png,99066,5fe3a1097b876b8f5cdb534c70e9ea906b67acb2e3eb5a30895348938c40aa21
E056,209187,slice_003.png,94404,e832763ee23de85d61a9117af4c143ce53501335c15848c4b2c7f688bbca708f
E056,209187,slice_004.png,89091,8faeb8b05d6ff272d62e6fd427bae3bc60e79f3b72332f2cbce4f1585fcc2422
E056,209187,slice_005.png,89264,01e40806c286316516462bc6b47c61bc5f38326dc14d6728a024d1ea3ccc3bf6
E056,209187,slice_006.png,87364,de211d6a8c7220a7b762090f412d1d14304b9ba79ada21590ad086864ec47fd7
E056,209187,slice_007.png,85432,bce7e66566d95bafb02937b05f7015aef20c91cb19876fe04fedb86976886a06
E056,209187,slice_008.png,82648,96806730123c71387bcb845578d604db3efc994b55b3cb3b5808f1ae409cd8a1
E056,209187,slice_009.png,80305,0703f183235c240ae91ddc485784520a7b941cc4b4792b2850ad22c1f9c28b90
E056,209187,slice_010.png,75914,ec05fd493baed52945538fd0fc05efc007fd5d4d42dc47eda0f315dba8a5b216
E056,209187,slice_011.png,75714,311284067a0941d61adb34b667f4f34c7a58e3bdee53c9e89f2064423d13b9c0
E056,209187,slice_012.png,75331,7ae6abefd7daf6c76b6ee65081ff07fd2dd932b647716430e36bb6f57e144789
E056,209187,slice_013.png,75505,ab1796750c63ed5fd9be19aa0d8b4603c5dcb9b4b0fab1af6e6cd698b5c1e2ca
E056,209187,slice_014.png,75251,f08363a98fb1fa18597e6e8b1f7587f0e2f53502561ef53a7f762f5eebaaab77
E056,209187,slice_015.png,75977,efb10bda80b3f510f396ad28797723be79861e379038423bb76d64a3c6d3b9d4
E056,209187,slice_016.png,76591,d4f170cfeb0b87c84ba03a03df685ea231b7c8aba4880dd5b705bdd2b6da806e
E056,209187,slice_017.png,76607,280c82a6208669ce6857832cb9946ea5bc9909e92e915796d439f3c79473a7d7
E056,209187,slice_018.png,76280,b5904813dbb8033ff66b8173b4b85ed6e7544f51c01b7d5ec0f119bf9d9b4c5d
E056,209187,slice_019.png,76298,2b8598d9c0c3532e8afb52d5f1d09f1b5200c9622de1c90404db1916c5a5be20
E056,209187,slice_020.png,77181,b2dff5b3d191987475dfccbfeb35fb67846f0a65560417c849382f4ef6f63b16
E056,209187,slice_021.png,76565,edb359f36aa2a9b8c0cd52f3737bd36d64388e83791d08b4830ebb5a910a6b14
E056,209187,slice_022.png,76760,4c5b94b9cba797b9efcc70bbc72b1cfa8d0f33facd03c55ac3fa0dfc058ede50
E056,209187,slice_023.png,76146,2f0e3f270759db5e0f3e0ffebb18a86a7a412111b7b6eecc60c20ecca45ea276
E056,209187,slice_024.png,76365,79a4ab6e63f9611556c7f7be63789171c3c5e53e3c20f2f90e14377a47e81acf
E056,209187,slice_025.png,75254,0ed4c8b3aaff2116860912d2c796ee5d98db74f70c580b87cfbad8f9cae5fe8b
E056,209187,slice_026.png,75676,821a3995e08de83b8bdbf3a8b9b40ba8cce41eb391f08e3e240da79d653ee223
E056,209187,slice_027.png,75585,2db63a99f3eb2ec86b561a4d69c65819b105dbd0fb17f742c0a5d9eea0cb24b4
E056,209187,slice_028.png,74735,023f1fe1968020593f5ab7fb3bc06bc5937c81cb1fa701ebec68f9da480de22b
E056,209187,slice_029.png,74667,9fbc8b05e88a99f2d5da233afd75bf8f3f10b13a2482a4fda402ba10ccd20e33
E056,209187,slice_030.png,75042,2bcf3f29474b3b74dfcc8a287edebd4fea3133144f6149157ba548163f4cd94d
E056,209187,slice_031.png,74646,06dadb45aeffe337c2746ca4fee83569a62a775e33f67f751ea8f029290ceb64
E056,209187,slice_032.png,74038,89451947f01471bd23606fce4a75a2ac03c6b497195adfba605c02a63900d476
E056,209187,slice_033.png,73821,f8074c5e23e1fcad84842023257fc8c8eb4cb60488965a3ce34830eff0b402e6
E056,209187,slice_034.png,73277,70c7f4d1faf856851cd030c0f916980446181ba02765e8e6de76a93eb2438bf0
E056,209187,slice_035.png,71984,48222647a62e19af78d4a9d4f4ef9cbfad1f45eb2afead9c244109ccc05981a7
E056,209187,slice_036.png,71603,b742022eefc084787d92debf73439cbdf98c166c628e2abab06655607115e41a
E056,209187,slice_037.png,72225,947202e4fc22b38fa0445badc8e6570c96194f0bc83fbd73e11ec160a58fcd86
E056,209187,slice_038.png,71019,99435e7697fc05abef2ba0dcba59bc5498667d415b1b051d780ca10b4b450bc4
E056,209187,slice_039.png,72059,09feca699b833b85fad445875882d998d6de56839fb1a456dfa6ef5682d53c07
E056,209187,slice_040.png,72221,a0082c0e091ee678249ff0cdfe738e5812852f926ace2781ebaaabe2a1759b85
E056,209187,slice_041.png,73256,794dca90ea2510acaf0ac58937656bc1e444c56201610b1cad5dd9253fbd1e72
E056,209187,slice_042.png,73547,9bd18a907578b135d9b3503904a8d4f2a47057647494050a7abcc557fd513bb1
E056,209187,slice_043.png,74250,fbb91f60f8cfe0bf5ab1f3563ded9f74820cdf20d55d2c293384ba48e7efa2ad
E056,209187,slice_044.png,74322,ed375be817c5bf844a9b6b73cddca8ec6ee7a9d870ce3a27ace8d0508b251e4c
E056,209187,slice_045.png,74375,59b290081c09f37398ef614573040f508def3afdd7b0c7ea835f4d2ec05cb805
E056,209187,slice_046.png,74543,b8c6b1e9d259baf54190a4339d98db70d3d02020ea0e17d3f70a5d3d3a71dd82
E056,209187,slice_047.png,74348,11e0627b6862464d7b0047cd8ed28dda8b4b3eb3ccc5c602229702392e6d5af5
E056,209187,slice_048.png,73883,83d82441f3c5b4a10a23bc3f2fadfed41a1c4fc1137600a62814c53256f62b7b
E056,209187,slice_049.png,74073,f4795f01a0ddb9f8058aa5ebac0f02c7dd6820ff79c0c5850a96c6d052d5f5d5
E056,209187,slice_050.png,74588,8be9326c5d0e88be25a6f9749b219da0682f22b43f9eb401d2339573f224db25
E056,209187,slice_051.png,75090,d061a8326395976054f0fb683a9394a2fed632399c2c49e9f7cb087bade4b3f6
E056,209187,slice_052.png,75880,979ccd148af21dc76afa70314fce528f81c78fb9bddb8d87f7723eb395012e11
E056,209187,slice_053.png,76342,b834095515b9a5b2f108c3c4b030cadc420d37ddcd57af49ee14de28522a9c39
E056,209187,slice_054.png,76547,567e8161cad8a8ecb43ee6144ead9fc2bae0be7916ebf79a6b085cd0d535253c
E056,209187,slice_055.png,76560,0354fc991b6c6aafc03834decf2e12c7aa8f8954f8b915c39a669b2c6e6e7378
E056,209187,slice_056.png,77250,ebe7c2b5d3d0e5f593c8b6bca0207b235fbaad196baaae4592287ebc805cad9d
E056,209187,slice_057.png,76887,06fb817a75f68cf3ac7d707a2cc116c0295fee96dd9c40dea8cf444fc29ef297
E056,209187,slice_058.png,77904,53ababf65128d306adf2a71b6947b72c3ae85390b18b27219d2bdf2238f924e1
E056,209187,slice_059.png,77484,b91142d236974bcdceca7ca7e8154233afec57b44704670a61fade10038ba0b2
E056,209187,slice_060.png,78292,2f3576e37db5253fe675b774de2ebaff9b347b013147596615004b1c130af997
E056,209187,slice_061.png,78288,ccc1f5c8cfffbb6d0885ce9902d91d692acd6450afc9fbd46f809755b730781d
E056,209187,slice_062.png,79402,33fa5900614cb6271e39df58f4a019493c283ae17a6f7211c927d86426a2b9f5
E056,209187,slice_063.png,79980,c2253a0b2cc6dfbaa98e6bbd32f04882a61b4aead1fca8085e6268b4c11c5213
E056,209187,slice_064.png,79986,edfd8229d0cc49ee1f74ddd37159efffc1ae6da8e28d8f40c06c9ace006e4364
E056,209187,slice_065.png,81685,d87fd21a889a2a4fc4bdba526790b839fd2ab3e110126340199e1664ec13e19c
E056,209187,slice_066.png,81924,d9bf6e8e96d4185a21544eb360ec0d4638aa8a088e91c219d5b60f35fde0ec6b
E056,209187,slice_067.png,82396,164300704a55dee01a07fcd825d89e9048b6c11f56c1dc28a88006902a873c16
E056,209187,slice_068.png,83141,f8865b800cc5bb341cc966a974f32e2266e062cc12499991a360b1eeb16e1ca9
E056,209187,slice_069.png,82990,fce9ff94dc94c3dc809dbd20510575b0f70e6b30e0999d06be50a590bb904479
E056,209187,slice_070.png,84253,b2fb59b712b1b8ea3aa95f8de84f7157bc8ec41a0055210bf175bb9fbd33b3ba
E056,209187,slice_071.png,83457,25bf26745bb22f3ef1b11762bb38d43073cd44f5112b9a0f0d2233071b208ff1
E056,209187,slice_072.png,84407,85662a2f89410447b6e670b4285be5c7277b62e8881bad8edc19d7d4fcbce5c1
E056,209187,slice_073.png,85066,e8f9d17caa715613d38151dea2118f5fe90b1c0f0a537df75dbdcbbb27efb967
E056,209187,slice_074.png,84456,d11713ea6e0bc5ac1b1ac2a06bec030611db931a234a00e862cc21274c3993d0
E056,209187,slice_075.png,86492,9e560b0b921c4bdfba940748397afd598f647026100fbe891002eff0f4d0e049
E056,209187,slice_076.png,84879,69484ce2f6a56aa612ce014eac3e7eaa11acb66214dbde7be5883105cae94d92
E056,209187,slice_077.png,85931,ba6ed1e23696050543ec24a4228d29fe3024e5187f3affb3cb8e95698f5a39e4
E056,209187,slice_078.png,84246,060ac1817a25d6a48a46ffea8f4d9355d270742a4f2a832e3250e3919ede9469
E056,209187,slice_079.png,81661,c04d8163da212e2d10ac815b8361547fbf519f4c5e2245eb67bab4f24f650514
E057,203484,slice_000.png,84621,d29d3873271e76cfad1ee9bddb70c1543d41c6394e0a97c2bca2ea8f7249614e
E057,203484,slice_001.png,83478,8693f292b8892cde17e181e5c48caf058a85360b50a1eced65b22ac74df0a052
E057,203484,slice_002.png,81157,138d318ab281e26e2514fcf27ce08ce732f787232a1bd00b63e2eee47ffa0f4e
E057,203484,slice_003.png,78982,c181cab762d810cb4d03dfbcd8ae18d072c248b063727670b323eafd3e55c1ef
E057,203484,slice_004.png,76742,1746b4061cba0a8a6f80cda5d78307b045520e0412ac12d6d02a7b83b38f3707
E057,203484,slice_005.png,74509,35c983d0fc555caa2025e2ff4d365f634a8a8cbce5e7916d48fcbdc6604de0e3
E057,203484,slice_006.png,72710,d0c5f46636720ff6ee5b08ac6907579d371dd276294aa348acc30ad06711d7b1
E057,203484,slice_007.png,70654,5b2370d9eb45f3769ee8494fb8c5f0dae7de9097d1b2267492f07ddeb3900c62
E057,203484,slice_008.png,68987,0cd85e9b5d50b0466ba4255720634d82f3b0bcf41e6c12b39a5e2de2c69dfa1f
E057,203484,slice_009.png,67314,dc2e76c9c0cd293b6811ae09ee045ca6cd63034c7815d40045da0a1cc0bc2769
E057,203484,slice_010.png,65972,f04d134f572abc5e9b85c8b0ffab31333ec1f3e13d99b5079795b96d5c91680d
E057,203484,slice_011.png,65354,6d6b0bd331ad9e55175df78dec6454fcecad4413c25cf2d019c32974977dc2d4
E057,203484,slice_012.png,64593,e5d0ae684ff665d6bf350c6fc0b773763a0eb9e9e741619ec3b15df12fb6eac1
E057,203484,slice_013.png,64598,1aefa36a8df60bfc7e91e63a741834b077211642730f756610e29f2f103f25f2
E057,203484,slice_014.png,64381,5f792abae773d3ef796e4a5ffcb1fab58dc00c0ad62bf02e2e7772862e0ec0b2
E057,203484,slice_015.png,63301,ddc15574bad39a9233a88a392d3f620e43d1a3759cfec2ba24f94d7cfc31272f
E057,203484,slice_016.png,64773,a894204cc802acf6bbcef5cdbfb812beb6bf714d65a66eba8496b3e6a404c54a
E057,203484,slice_017.png,65656,99cc066ac654c14e670900e20e290815cceea4d101896f3734d8aae0c7e1e0a7
E057,203484,slice_018.png,66980,7024017fa5a97b82569df58cab2b6c4baed298990d367d2682d64af7c302bf34
E057,203484,slice_019.png,68262,8ab8ef1f829cc886076ed31c22a3ce2ce73e141e3a32ac1efdf6316d6775b825
E057,203484,slice_020.png,70210,be833fdf3d34a7f05bfeae29a380490b70ab57dbe5326c798b511391057e1914
E057,203484,slice_021.png,71797,cdcf9ad87828b7b52f1fa13fe7418c7a2ffda77ad76064fd4a03b7d2cd9dd9c3
E057,203484,slice_022.png,72687,47c0b961bdd3e18247ef641ebcbb8432e24d6af4f69eaf69e06cb1cb0e10f2b6
E057,203484,slice_023.png,73818,e3903943ea6c3338192338e626ca9736c2b9e4d579f1bdb1439bd58477d166e8
E057,203484,slice_024.png,73942,c040d494eadd26abb6317dbb49cf8f832b478edc351c65395b333d54cc76ce40
E057,203484,slice_025.png,74458,ae68dbc06c7ae5647a5a850f064d72063e42ee96db27716a0e44afc595c931d9
E057,203484,slice_026.png,74052,033b74398239e79eea0231fdf86d031caf765896151ff980a92fe6c47fddb959
E057,203484,slice_027.png,74290,b43d11aa4eec5bc734c44b2c6e7386b17309fa077ad96bd9f1d4b59f8ea6bd30
E057,203484,slice_028.png,74873,389d65e4b2c40bf513aacb0481fe0d24dc954eec89d1b651282141621c036552
E057,203484,slice_029.png,76195,40c4d33184f23d4e75e202398903eec7efa27adf6f49ccb336354d8c7217e353
E057,203484,slice_030.png,76708,e059e15e8a7c66f86793a0e3ed79a77f6c97ebb53ebcf21c741a95d0162c0379
E057,203484,slice_031.png,76829,ccf27ed1693e32e783c81eb15c043f1cd7376bd7358f300eb08a2fe418cbe612
E057,203484,slice_032.png,77133,ab882e8d6c2d40d64ee8ceb902dc5006d6f0901e8e1514c925fa8ca765f68732
E057,203484,slice_033.png,77221,f3da569e746f310db1ccbdbcb6bcb6daff991fd42e78ece869f40356157a2cf5
E057,203484,slice_034.png,77094,4aca66ed955d930716156abc9e0ecf50b3cf28524704de0c11e3aeeb45075787
E057,203484,slice_035.png,76761,a2efba0b1ffd3c190f1f98d378d2e18a9a4e7d123df2464a9b5bf1a9700a99f4
E057,203484,slice_036.png,77507,030feef5eb7ad3307ede564ffca906fc13359fd8d02c334d7ad516849d5e612a
E057,203484,slice_037.png,77477,df4b6788984d3e4a1e191905cd4a136832511a021a6a2fd6a94542d466210b01
E057,203484,slice_038.png,76594,87acbc4ed2007904fbb3114b94d3b73a9ec543de6881540257128c46497a2989
E057,203484,slice_039.png,77342,39cdea66d99b69791a4045ec11bd05c1ba678a6ab159e680020dfd0432836c37
E057,203484,slice_040.png,77079,f912d76c5ce7aac850afe334fac026168825213f2b8f6f387f86bef88fbae32e
E057,203484,slice_041.png,76808,3f52fbb7f33e250e13ede78356df37fde96a0bee3480b18500c2555ef1ea8e1b
E057,203484,slice_042.png,77672,6fd63fa875a63d4f31dab7bc628ae9f0d355ccd31ba0ae96880c14f864ff9a2f
E057,203484,slice_043.png,76855,78aa0b47386a89223cead077548ceefd681491ed2acd74e50d2a23174dc5086c
E057,203484,slice_044.png,76406,3f0de5ef6040b35887b2b3edd77f360ecf1f6787e46111b1f5a9c3501ae4431e
E057,203484,slice_045.png,76012,a5e2aad711d2c9bc4dcf29adba89128668c3f4f037df98e79d9cdd19d40224ba
E057,203484,slice_046.png,75418,8e5c9928b35bfef9aa20970baa872f3289ac6c902ce70a901153688771a4f3f3
E057,203484,slice_047.png,75837,2751ffeb07e635f091c4f788b2c6fe64963f9ecd4a759c39a21b71e0b1b88224
E057,203484,slice_048.png,75448,c4dafac1372500a8080b434ff1ff1639982587d596223e7a22aa13c3fb0fac63
E057,203484,slice_049.png,75330,1818e621b954457d35399ec757f0631c2f710bad3fe785f1597b3b1654466984
E057,203484,slice_050.png,74638,aba010894994ed23e74ab7a5841027e038e32b467d812f89c39707e3994540e4
E057,203484,slice_051.png,75152,0783b98ef940e58f0ba25d50fe191bf4b7f07ecda2eb4d38f127b40ba474bb34
E057,203484,slice_052.png,73544,9b6b09846e14b647beaec7537a0929b76198a3760430014ad612e4b19b43b728
E057,203484,slice_053.png,73343,a58f77828ed7308b4a5654b0e7b217b7bb6fe3b9060ebebbcc766ff5ff27bb7d
E057,203484,slice_054.png,72645,7c94a27ac1ea58c5ca5846b7d6c8fb038780b472ae8bb531218666ad9236b4f3
E057,203484,slice_055.png,72390,547b4173c10e823c6a2f9967e43e64424ec9976990b884c9704e921e954868ea
E057,203484,slice_056.png,73343,03a8d76ebc0f3cb1ef90f48ec3cb9143eef8dfb66276be7257c15ff16385377a
E057,203484,slice_057.png,73363,ad0a0920336ef5bee13f173c66c1657a20c2d6838d14906dc9e20920207656e6
E057,203484,slice_058.png,73496,39ce3db1028dd5f8a711cdf63f5453885b8def21fe72556e753cd9e3a3cda016
E057,203484,slice_059.png,73458,1adb5906f594088741adf7dfcb60c2e9cdf071a41297f6b0d374f5f6903604cc
E057,203484,slice_060.png,73490,20deca39f90cb8a11c80b9060bb59165a305c1fe071fc89d50b054273c0e7ead
E057,203484,slice_061.png,73278,b74b9ddc75fb58ffd6cb95439acbe82d25a653f77a3aa96033256cb271ac4b85
E057,203484,slice_062.png,73265,c5c47dfa310c414b0e4f634f078b60007161d5e70c760d49c4f3b39537c2ae53
E057,203484,slice_063.png,73921,17a319d8dce48a8300af48a84113610267118ddc90216d23f3b8149194c05967
E057,203484,slice_064.png,74064,e81e42d10cb1e24baffc403d033388c52cfe4873a6ebe4f7cb3dffbbaed5d5be
E057,203484,slice_065.png,74341,68eef28172e4b51c2514495342de6b00f673d6c646a4d709d23dce93bdaad6c7
E057,203484,slice_066.png,74765,6a534c3589101f56dfc4e41c073a5271b8704ff3d776a3e019aaf2c79eeab2f5
E057,203484,slice_067.png,75248,e8a8652508b13df2bf54263696b260aee29a60d7d6df914e5bf1a57d4dbe8ed4
E057,203484,slice_068.png,76025,12ea11948c71ad7947577cb00613184b20ef9350c0b724b987f1af4f142d0768
E057,203484,slice_069.png,76908,68c5b3bb43ab76992846d03d186d7b2f00f372e404c4eeeceb28092ffd91123c
E058,203025,slice_000.png,72983,8339602b15b2505d3d7dae5eb4216299b6f04495ec3b0abf0c66778dfa8c8cfa
E058,203025,slice_001.png,70899,bd834f5b8ffc28a946243e0c719ab96fb3c24f0d732fdd32f5645d478625def3
E058,203025,slice_002.png,70266,2ce734bff455e31872e383699df12faadb4cc59cfdf807f7a1a2253eb02dd7b4
E058,203025,slice_003.png,67860,09094b9afbebf921f2a38e4331702059bb9a337a509d47e5ec8b8ec58495f6a1
E058,203025,slice_004.png,65119,d3c4863ea7aaf23c473f9dba94457225a1e9f6f59b43830ab1f859c73af8dd46
E058,203025,slice_005.png,62724,c13a27cbb014f2563183141e36c1f0c005e90dd900ebc0458a1f5e860e5087f9
E058,203025,slice_006.png,61350,940e0fe14999541a265cee7c03c9f45fa495fb8d293170cc80a8d081dd7efc98
E058,203025,slice_007.png,60289,516773a63267ea3a7ae100f23b210e2d916ae7f1f37c23584e22411e9b97e72f
E058,203025,slice_008.png,60901,970397ff8dbd99aea6b565fb4704496b12a8723eb317a05fda6a475f1f7b58f2
E058,203025,slice_009.png,61125,f2bddc8399cd6feb6e990edbea4fd5e770d50ad7be35c01ae42d1d10fe4b168f
E058,203025,slice_010.png,62056,2d4079447af254539c3d2384ded7b8a1d9bb6b5a3de46f91602ee6f5779a5375
E058,203025,slice_011.png,63812,6fbab724bd0a4fb9f19d94115641ec01ddb585e60f38d949025d3e9d7228b5a0
E058,203025,slice_012.png,67524,34ba9d3d58797e9aa13b557e00557b09ffb4d430d1d162813223d8e4f19c4d1d
E058,203025,slice_013.png,71041,197f190db9435982f30f3b1fa6fefe0f41476062a15be559f8bf5da9d82b5b88
E058,203025,slice_014.png,74325,d20416b7f35add081c14b4e3eed6f9e95db4f8f558d1a67b41a4f7ecf5097cc1
E058,203025,slice_015.png,75192,bb693772af1b99d9c6c6de5bd1a1936778ab19800bb36cceec1978e9869465c8
E058,203025,slice_016.png,75141,7862c7f006349dbb28c191cb9ea9d76f870ae22432396b68ad7a2ef057a86517
E058,203025,slice_017.png,75255,f18b8525ef5a7d5a0afd70eae201c0912863f8b82636db76cfed7720b1ef3bef
E058,203025,slice_018.png,76982,f3ed9d7407bc4b96cbdb2ac5a9af5a9828e3a4ffb258d79fe44eefb9c07b8f4b
E058,203025,slice_019.png,79899,eb4f32c47514dd4fd880c055c3cc1022a91eb3f1465f8d4d6b2db32d12103e20
E058,203025,slice_020.png,81455,bc7914a60f9cd4ad020ab30114d5cce28a6ba6fe0d2795591bfa98b98f752046
E058,203025,slice_021.png,81719,3ae5d1cbbb077e4476bc42782ac5785893bedd4746197609b8f09b186c3232ab
E058,203025,slice_022.png,81286,a807ab9fb6a24d6e6d9d9b1231e7126fc44797d029e7abfc255e190198a30b8a
E058,203025,slice_023.png,81208,fecd24dc4ec4201e74b8fe254bdad81c7a3038831eb6c20f4b0e24540a3d1fc3
E058,203025,slice_024.png,82457,e66a5c59528516f76be9fd8ac6350dafa6d27e4cafc5adf8f457f62d5c200867
E058,203025,slice_025.png,84214,f7f17420bca583637bf4328b53d0afb15774d1a059121e3ef3005b39caf993e8
E058,203025,slice_026.png,85907,9592e7b3583b3d60f196ca024d0c00b6835f20f8a697231fae26be790fd80142
E058,203025,slice_027.png,85153,8e6d3ca1cc755dcffeb51f55420caae1ffa2b93f6623b7d935a14a3b90667ea9
E058,203025,slice_028.png,84498,e52684cf6616535b92caf019457660cc88d518bf1ba3cf0b50060f42420e2fb2
E058,203025,slice_029.png,83095,3dda047e381bdce0510ddccf03efb306624b5e87c04a19a6ea8c7b7d57df402e
E058,203025,slice_030.png,82808,7706d0687887a42df0cb4520add945a3e7f8b0cc0139ab6fd11e943492734e55
E058,203025,slice_031.png,84064,c9bc800af2bd27544e96a360d40622caed3062c84e81c473a0fa1e25aea5ef57
E058,203025,slice_032.png,85308,8bc7a6568808bddb2c6a58ce95cb43a466d3ae3028e60b739ff7079ed72ad2c0
E058,203025,slice_033.png,84856,b4ced262c4d3caa6c8f3d306b358ae8bd8a760ecf5e7bc4d9937b7db6437854d
E058,203025,slice_034.png,84708,18c662a2c099afe506a458eda2156d050fdf6b11b6051bc8f399adfb7ef3093c
E058,203025,slice_035.png,84209,7c759f16735f001faa869ab8840cc7c01bb3bc7b41109fcf458bdea1955e0ae9
E058,203025,slice_036.png,84397,33e6a5028885d5b3ba8c2444884b4da8e35b514438a4edca0d21cb3e0ecc8425
E058,203025,slice_037.png,85083,3136dd4b69ff2fa2e86c52102f50648dd5e51a3cade6635dbfc9ebef2bfdd3b3
E058,203025,slice_038.png,85327,ba147a9a13e584fd1f09ee1f41afa074dc6d07909de343c1c6a3f0db62c51c92
E058,203025,slice_039.png,84207,9119e2831251122cc61377815c9c2c2a07d5618224ae0b109e504dde766a6280
E058,203025,slice_040.png,82919,9f860b0f0ca7df3c71a4ca6d8c7274ccfe0ca4db40c8f7d7a6b5dce1b203c631
E058,203025,slice_041.png,82244,9ec3c963038888ddcb650f16569a668e76c69976de0f68006e2df0e6e9ee9677
E058,203025,slice_042.png,82567,603edff283264c05d57bc5616becfb759d84ff1ec4c928a0f2e9f5a3e88b0834
E058,203025,slice_043.png,83299,232042f3f680ed0ed9d8a6fe83f1946a089599b5768d6f35b89e33a658b04ec1
E058,203025,slice_044.png,83236,bd300aff91c04f91ab2ea118b251b2a0c8c6ad56c94e816a57691c7f898c4f44
E058,203025,slice_045.png,82354,ba6256318790af106e2706da9733f416234dcd812ee5863764393771e7371316
E058,203025,slice_046.png,81398,689102ce69f89ea820d9a5d985cd68d1ff99c63307b1d7d6cd86af8793578988
E058,203025,slice_047.png,80276,d3e8c5ef7718dc28949499e0d8fd0686ef4b977e59746b3bb3e6fe50cace8bc2
E058,203025,slice_048.png,80200,b6389ddedb7cb28956bede39b0905a783d0193db495db1681a4bf284ad054481
E058,203025,slice_049.png,81242,d8966cb8142195bb7c6578b5883fbc430d99cb87319d22089c3d519aa3330fdd
E058,203025,slice_050.png,82405,6dae4c61d3923a0954da264bc14940f956b327843dd43252f93040e99dde668b
E058,203025,slice_051.png,81598,5496026dff313f14ca94ba8c1de38ba9e9008c79b17c56503c9f2abcdd080f37
E058,203025,slice_052.png,80384,e28fcb06537ff05705c2dbded602675741b7c0fa78148e4e2e07fa6d6d8b1b5e
E058,203025,slice_053.png,78957,eb5349bf19b5c7b7dcf27d7db1386d292db9061ee020a6bc81dfe33465837e8b
E058,203025,slice_054.png,78941,e723b76cda7ba2998835e11767de1c2b2ac0e32270515ca9584a58583037837b
E058,203025,slice_055.png,79955,01dbac18b4440c5580902e8df2e2cced8487fcfbee7777f7067f7b1c0db01d28
E058,203025,slice_056.png,80634,d71916c6035855f48d9d6cdb54cdce0444f5fb9b57dea88118c4b416af0dd729
E058,203025,slice_057.png,80270,badaafb41a86804e85f505f28d1957dd54d1336ffed90b99890ce7d24b9b74f7
E058,203025,slice_058.png,79668,7efccd3d846db38a38cd9e8d469c5808de21cd560b74100f63bef1983537b07e
E058,203025,slice_059.png,78343,ac8b8c2505b27e081c969974705a6c6bd193fcd26ee30b7094ab5201040689e9
E058,203025,slice_060.png,78072,7db9c5c85573ea88cbf9bd54c15d37e4fdae4db35174e575760d6804fa10db9c
E058,203025,slice_061.png,79072,1f5cc73ad02ea185739e459524a6d62ffdc961ecca7e5d6277ac507be36b5488
E058,203025,slice_062.png,79873,103fac330ec10c6108533cae4aee011a929124fbcb30c517ab12c6372ae7bce8
E058,203025,slice_063.png,79738,72f2a9f58fc0f72512653d573e27909327201411b3d75c6b696df4882d8a5443
E058,203025,slice_064.png,79671,55d2e3de71c8a2b33b8ea38a5b43c06e1afd7b0f0c9338a87e7ef177e1da94bb
E058,203025,slice_065.png,79521,0f1216bef894d5d67ff03fef370d5c9aadf00bc37961145bd55ce383f8310c2c
E058,203025,slice_066.png,80032,77bf5ced08033a44ab9c1259fe722950130e59d618714bbbdf62fb60afc7421d
E058,203025,slice_067.png,81306,a42ffda48de9aeccc0f00e0b62d8fbe7c066b55e2750dd2f552340c1da3a3f66
E058,203025,slice_068.png,82005,cfdc4bc7212bdb0496966048d19bb1d8d07148aa6f4fda61373a7886c2e41d3d
E058,203025,slice_069.png,81285,2dbd672abd28e30d162e78e5efd4312bf7e40f6e265c06bec91d8d0e6615eb52
E058,203025,slice_070.png,82182,d93c92cdb108b8863efd87fdab8d43e45cd7b52192f8ca8a8b78dec4252b6fed
E059,207511,slice_000.png,169858,ab6315a0330cff79e01a0155353250fe7bbff59b5de74637676898438e73ab2e
E059,207511,slice_001.png,164677,2d16388514310efc140d001026ad409c5a64f4734d11d641d20fe274ad39ea14
E059,207511,slice_002.png,160593,9710b6379638b6fd271a1ad3198df6badfac39049dd28b2373aca4353b888578
E059,207511,slice_003.png,156648,d5c08ae7e2161355e7d6b77bbe7e93da62f510343dcde9d2452a0c49c01e6bda
E059,207511,slice_004.png,150253,9a46b2761bacf3b3527b53d580ed73e6316b8b78121493b6a99180bd555c5ea6
E059,207511,slice_005.png,144969,c510b372bcbe4121f237c3df43a274ca44953a7db18be2a95f53b738cbe46ea5
E059,207511,slice_006.png,138691,092b441d58552764b771918584c712e536456dcf10382f850df797cd5725f2a2
E059,207511,slice_007.png,133102,77b4507a1d0949c11cdb5a85a17e949e98561de1a9e30917b7d54ebef9c2e12e
E059,207511,slice_008.png,124862,f804aa9e85edecb37ef147f871ff1b46bccb15efba3fa0edbda6575ab3c7afb3
E059,207511,slice_009.png,118095,1922bfc5b56183b08e2c77d1906547470a4186223bbd4e547ebe34edf2a19ba7
E059,207511,slice_010.png,112106,dcb45bc4b573e1604ac840b93efeb35868dfccb3632ce7145966cde95f797e68
E059,207511,slice_011.png,106589,7ef5a329c143599f2cecd356833a50ed0cf89e36e3731da7ebc4116bc7a0ace1
E059,207511,slice_012.png,100311,e93c2fc36b2828101a228a5b9b195b04391fcff5aef80be083784ca9222b8c98
E059,207511,slice_013.png,96956,153e5728070f1f2c963da8d9d21ec787b3ef13ee153f3f9c43c9eb4733d46907
E059,207511,slice_014.png,94925,04285b117fad711a387263b3eee5701e389de7136a19d148ffde612a026ceb56
E059,207511,slice_015.png,92198,e4798a7b76a782af38c256e6b22ab677f61546cac0778d0022e6c704f532057f
E059,207511,slice_016.png,89868,cfc6ebdadcebec4a93c763316fcf8568499ca5f3e9e02d6ca3506e45d137d4d4
E059,207511,slice_017.png,88113,fec7ac794cc920681164a13ca3181cf9e4e90954e6f34f587e920568b3f8925a
E059,207511,slice_018.png,85444,f86243afc006db7cd22ca65450340cb436ad2c0fc8371e5c4cde678d7ab6a17c
E059,207511,slice_019.png,86477,b1a1daa5f8d34817aa606274e93576b4be3eb65f8bf7198f5317777369aef327
E059,207511,slice_020.png,87001,7a9a60d1e8939f0e792635422b1c19ac7904bfbb47d658f7c8f912075e859d15
E059,207511,slice_021.png,87751,3c04dcbc09ce82500c6d70b9020ee72076ad913f547aabbe91b2965aaf07eff7
E059,207511,slice_022.png,88542,003ed2c166064c433d2a3eb34bdab7e2c8c80b4ae49134d242da0246cb485378
E059,207511,slice_023.png,88306,d9efe2273e4cbfe25203f160aecd8373dcdb5a43aa62808d2275fcfa64236d94
E059,207511,slice_024.png,88498,b2cdd5c45437a2b1f5cf6dfa650805d798566b38b2cdfabee300ab552faa5729
E059,207511,slice_025.png,90091,270b2de4f424081756474c2c570809cdc97c88e2161c80e0c5b2bae085759696
E059,207511,slice_026.png,90020,3ca57331e1e6db22cda54a1511f8822255695e7e8eafdbd7d97c459f0f4efe2e
E059,207511,slice_027.png,90684,c806f921ccd6ed9c37f47a4a17aeee0bd82627966f018a578d4c95719266be67
E059,207511,slice_028.png,89091,071454cd5ea554c3c546e77edfad7527f86d41d2fe200f065290d182aa3cf9cb
E059,207511,slice_029.png,88115,2ddc9062351ac81a85ea5cef481808c3a21dd4abfd8a7ac654abf26817107503
E059,207511,slice_030.png,87701,7fd28d8dc435cc713fe688900857a0558a88d208d536cc7b0e0a0a25f11eb208
E059,207511,slice_031.png,87364,5cbd2823482145555ae9168e16ea2766c0760217faffdd85918cb0d571a5a02b
E059,207511,slice_032.png,87616,40668a957b9224d591d61149361ab4aa772cc4bca3864ab3cf4b7de79ed8235d
E059,207511,slice_033.png,87582,d861149c936614af661152dda23bc965a77f72ea28eae696e71dd9c3863ff41e
E059,207511,slice_034.png,85801,88a0c11ea0730f0cad7a8a82bc9f0ad4a44b8a47837ae6ce935219225222cefb
E059,207511,slice_035.png,86661,d56054ff30e15bc7735d8f11a1be6f5f6ad53dd922c1f029e849c78b7f3e7628
E059,207511,slice_036.png,86982,47ad5e430509104b9f188136e1312046e21237fb378b459ca867e1a549cd11f3
E059,207511,slice_037.png,86740,0266f59715620bc1139cb6bb2b81277fdc535386b83396abb7eaa411fa3ee989
E059,207511,slice_038.png,85882,6e40f1a6dc3932c1df5a8da468318313d2e26699345802c9a4fbe58024fd01ff
E059,207511,slice_039.png,84214,6ec076eeec078eda5fb065a7e73ea9b74812ca0b7ee16c6c1d6e7a32dda64b7d
E059,207511,slice_040.png,83097,adfefc9d358ee15c920ff064781e10d5d403ae2c4d46bdc32321f99b4933a9bf
E059,207511,slice_041.png,82053,9c1c7f6d52988875b40d030fb2805f0df5295dab92a344ce7c3f9f0e95715e21
E059,207511,slice_042.png,82064,11bbdbb058fbbd6c209473697c3c09b664b0aca5d6ac4cee9fbf52bc8da1b8e4
E059,207511,slice_043.png,82469,592afd798ec2c67cb126a4a78df40549d62472e46cce2e9f84ee5ba4939d5cb2
E059,207511,slice_044.png,81809,d3902e2ebf4b97c36b192284b3e5062e407c03ea2d0ba1c837e60bfe578df292
E059,207511,slice_045.png,83559,dedba4881596d1d2a1d0951f65fe68455ec4301cae79394822954d0ccbb3c075
E059,207511,slice_046.png,83979,99e75b70b382c8db30f80102c61272fe0930244105f40d3fd3d4738c9b8c43f0
E059,207511,slice_047.png,84407,ccfd7020179eae6ca68e527dcb502f2377b4dcc2a18d0437101d4d3350f832d7
E059,207511,slice_048.png,83776,887a107a06819de2c43efe72a035e9b77c9ae3131bbb2c7cd61289b2df9d3ea5
E059,207511,slice_049.png,83136,a841087c6cbacd2054423d9c3c6b4a8049cf464f9a2b3728f107ac04e000866c
E059,207511,slice_050.png,81469,a73b55c78e1a9adb711ece9122073e37fca20c51795ac36f176086601126386b
E059,207511,slice_051.png,80514,18c165e62284bd492559b94bb2d35d0525754a69d0441555b0ac5596a0a860fd
E059,207511,slice_052.png,80903,eb33911537798ee798266eb641c266fd06a7a23f9dc5f3632ec9cbdef4a2ebd6
E059,207511,slice_053.png,81656,abb798ed44f75214333234bd8c1f288f98d2bdc30b96121a52de0f66d96d5d6b
E059,207511,slice_054.png,82454,c94cafab4b36dad3740652b08fe645ae4327200456a926fae7aad3e5ce263846
E059,207511,slice_055.png,83149,66ebf335c623ca431b1b27deab6bcb865bf5488db1fa0f612500e3b424bdf413
E059,207511,slice_056.png,83782,890eef0ed9d02dfc93978afc080554498b281bcefcfbd8ca1775ac85433796b3
E059,207511,slice_057.png,84488,cb8a0d9e5b9a4645bac8576d261b60f6ffec533fe8e1fdb09af02548e572570b
E059,207511,slice_058.png,84347,ff4a5c4ef674e131cbc7e69536558b7fa0e36b3837fabc141ad215c48b2bc65c
E059,207511,slice_059.png,85029,2975680b461387b18d3fa1860d50d20de8e0c509e8b071565d4d77a275bc2c8f
E059,207511,slice_060.png,83877,860408d32f980bc154f2a6d872dace5e0bbda3da6580743fe19c8f068c8b7c20
E059,207511,slice_061.png,83654,ccb7ce9247ec01b50d4f12703a30c7293253d5e27260d43c2222403d261dedda
E059,207511,slice_062.png,84068,e3683e16bdc985b653712e53d567583510b59f718d906f21c22663abdcb3c05f
E059,207511,slice_063.png,84490,9d804963663fbb0cee417d9eaa6af7668984c6270e81477f11be0d384c28ca92
E059,207511,slice_064.png,86295,7aa3d336b818657c6a30caffee680c11bc42a8a02f5e5a09ccbedeb426fac70b
E059,207511,slice_065.png,88001,c1b450a9a660e1fa0e91f24bd52f893fb34950489e67e1ca0dd6d9dd55a93e16
E059,207511,slice_066.png,87949,28b96e1fc4dff247f08c39b4d4216a891aafc038047d860b3c32b55d69723fa7
E059,207511,slice_067.png,89659,b62b9a6b1b339b901ff432bc7febccc3b828ac3eb9c66ca30ae74b945d78e245
E059,207511,slice_068.png,89771,7e1baf448d771964f29feaab0c5469a5eb65c80eb45e8204be9fd40c7896006b
E059,207511,slice_069.png,89707,0d0680aebae32ea90b4064e73d97ff1dd7f43e1d811d8a6fedb730b965189b81
E059,207511,slice_070.png,90202,7aae078b08b975d8fe2a25de3f132540688f1ff70977742c0ce3f21839b377bd
E059,207511,slice_071.png,90050,89f0354182a7b420a2a00960c6d7be57f09cdca9eba4d40f0b45025e4919f04d
E059,207511,slice_072.png,91531,38b798ff8f61e84bf2b8972d45774f1929ac1299576edb1a02c37b03c202dd22
E059,207511,slice_073.png,93187,7e8625af431e49c753d3a7c1142e870fc0ef614a7ae686a9eb5ceb385531fb7d
E059,207511,slice_074.png,94414,579df2693c05d7631948133ea953e114841e2a127ddc7a08977ee081ed2e3f8a
E060,214655,slice_000.png,109308,b09626e0e47c3cc6decd3b5a00feebe5f538100285949329e131a1aacfb756b8
E060,214655,slice_001.png,98167,69fa7cf49694adb0b154041563ba7e81ced01dda99ae091d0a8c1dde3b26d008
E060,214655,slice_002.png,91513,9ba0ca451b0efedcab47f1a1a79e2fd2f3bfbdf3c133b305eb7a5449174f9d27
E060,214655,slice_003.png,88692,08dfa3b77adc53022e63b737d6d61f3ab075f4798d25310863a20f05cc679631
E060,214655,slice_004.png,85630,d7c87545caffa83f5bfae896d814567843381241af51408ba53ca15c64a6b1e0
E060,214655,slice_005.png,82415,a9685cd51cb0a654b0ae6fd9286cc74f64f7851cf0ec2f32ccd4050fbd1adaf5
E060,214655,slice_006.png,80885,f6472e278b631a8d77b648112368f3834b0d6cca6ce3156f1618a8203472d5e0
E060,214655,slice_007.png,80716,58e350b85581204c9d46561e0b2d4d422b51206bd0ee4522474e13dbf8b6eed5
E060,214655,slice_008.png,80802,ea011b517d14cea87f91f432da07e3dbbf46abb1454d5d760c4d29e9977df02d
E060,214655,slice_009.png,81749,c244504d5be472e4ff41d36c6a2c7f8c56f1b59530c29401b919787a6e5de92f
E060,214655,slice_010.png,81515,0084ddac3faa92851b8f62b992bdaf2c1ecfa008cb485336dec33385fee007a0
E060,214655,slice_011.png,81056,bed2045ac01ca9be839f92bf156e90d2a44007dfbb3bad6af1a24ba438cdfb98
E060,214655,slice_012.png,79373,206378155a48e64f60a01cb1881f8b5a16fa6dea531a1528e5e5d01aca8c0cbd
E060,214655,slice_013.png,80032,2bf64ed85169f5f660fb7bff09077b9b9e8f6316ab6fe13f880e12bbf811ef33
E060,214655,slice_014.png,80095,b02ec973cf344bef39e152f68bab321e4060902ba2349e106664ae0f238f2a5e
E060,214655,slice_015.png,79829,584b9e5c05d3ee0c73760b612d2368085c4a2bd927e8a157ee4f216600919bb6
E060,214655,slice_016.png,81019,4fb0a8f07032a5967c9b18abfbbd0df2c46dfa385466ee2aadabe4cac5d6a8fa
E060,214655,slice_017.png,81272,e1076d4177fd13d0819c42c74283e804bfb42e06c9107d9db4911b07cf662413
E060,214655,slice_018.png,80595,68f66d0d700ef381182d384293233dcfacdbd8b1d2b068a760cc6e4f094622e1
E060,214655,slice_019.png,80013,e983a442fdb35eca9d4ac0c5f140f0bd9877a0c508a40d8ddb12942da7c083df
E060,214655,slice_020.png,78825,d7af7e82728e4363948f5e2d5b57077b1e7b18a3eb6849e9a3f1b6f7f0c4269b
E060,214655,slice_021.png,77820,3066fe094bf84141d7661259d28313cb950f23dd9d5410c4b92c23e072fedfff
E060,214655,slice_022.png,76908,ad4c16ac9374d244f8f240c0c2979b38272d061ae5ba0bd012e1c381bca7062f
E060,214655,slice_023.png,77117,b18c4e64f45579bdf9e9ab4ae7c039ba2b940b2dd5942691c20b301eb1feb402
E060,214655,slice_024.png,75930,b4563c738ff41732cbef527ec20bf7087bacc05d8e8c5f24162d2d2c72f848ba
E060,214655,slice_025.png,76518,ffcff02904723ed7403fec7cec2b0211c6c648c5c9ae8f4c25b1c13ade040f25
E060,214655,slice_026.png,76817,f0bed235617d84eabae7444a504293d41e0e8ef82c753a8a3df2600b792bc74d
E060,214655,slice_027.png,77489,a2e14ec5cfde301da19032838fa5272897892cda7aef16d49c4d68e203922864
E060,214655,slice_028.png,77038,acfd30a1aa56288a586a34fa65374d1d2e77dc0f1f8a764c9e6df4aa22649872
E060,214655,slice_029.png,76944,a6156a2427ee65867f738e4618da9df4519b48ad8ea29346998a42b0d8efc37c
E060,214655,slice_030.png,76581,403cddeb2fc007a39005e15d0513e38d2e6dd80309e1040000423c063800bffc
E060,214655,slice_031.png,75678,76319fd49365b2ac3281cb8d67ccda3019da17c1e4334fce98083360939af8fa
E060,214655,slice_032.png,75847,5f9ef94a7b48dec9617bd9a2d98e826a5833150b14f18f9f8d5d44d3692cae15
E060,214655,slice_033.png,76249,fa50d7296084ce45f0f2b00a66ffb52e991a1934ccbce5403b60e70b47db3781
E060,214655,slice_034.png,76123,838f829ad5a36537017ea349061e39b711637813c82e2fef60f71292b424bc6d
E060,214655,slice_035.png,76587,a0f9ce24065af40b9d1923bdaad72ceb0984ddcdd31d64a343a58342cf498927
E060,214655,slice_036.png,76924,9e54bc56ac101803ac58f88cf742e30889be3349a8e6144569c5bf2f65085e2c
E060,214655,slice_037.png,77582,2fe2e83e8b870f59da534eba8e1de5a802e94365aa32d23b13464a7938b20ff1
E060,214655,slice_038.png,77369,e69b211cdfad1aa9a7538a8f023b98297af0af50ff7e00fc2d7085145fdd9148
E060,214655,slice_039.png,77402,7b86e28b01d46d3fb078d0e3f1010e718c2f9272e444e744d893b5df20965cd0
E060,214655,slice_040.png,76473,0eeb577d0a06fce334c42d03cd52144edfe9c890038aad2dcb75370527afb341
E060,214655,slice_041.png,75303,48ef54ac358d795ffb6c46f899377fbd1303da927f08f65372b2c8f25aea93a5
E060,214655,slice_042.png,74769,05d7783ac7dbcc4fad1a9c56b07f8b7db8705451962b8293811676ddd5bf832c
E060,214655,slice_043.png,75004,cfc1a79c4ba79461b84992c129be25cdb5745ffe2a7294b4a85cf1799e7feca8
E060,214655,slice_044.png,74829,8f22151f6d0438d80aefc548b8434e359dccbefc149a24802f5a5d48938bbb4b
E060,214655,slice_045.png,75297,6fc4c7e42e9235a5ac9a1890e41e77b39f3cb49486094a06750a13580a8452ee
E060,214655,slice_046.png,75846,4a6a982322fbbfbf2bec8fd39d452e57a11928e2a6852a751eac7016baee48a0
E060,214655,slice_047.png,76122,8467c4d9ca854329e2d3c8e3a2babda268f2138c0a56fbb4dee576bd1bf1d57a
E060,214655,slice_048.png,76460,0f021b497ae1956baa2d6d553e769365b1b15b59c20be1f9d932f67b430ecf5d
E060,214655,slice_049.png,76676,0272ee388ad9a15efc2f2a9bf68871a74cef92a6a117384de84e9070ba0b14f2
E060,214655,slice_050.png,75788,c12ee24b75015917c737d17e754024027158e961435916fbc1ea869462918bcb
E060,214655,slice_051.png,75550,f5117072981c6466d18b7c30ab3efd94b3c0a3b8c34e871897e7fe95f86f22c2
E060,214655,slice_052.png,74972,d7a90920073029b0c586f6b35602ecc77b94dd3dd5ffea28e6778ec1a43a509e
E060,214655,slice_053.png,75069,55ff8523da181d542ef1f4b49cf4dc6fa945e5d9e758ad13c90bbef4b94f3dca
E060,214655,slice_054.png,75975,c24b7a6c3089863d2f8671289564027476548aac2853aa81fd56d6f22c3908a9
E060,214655,slice_055.png,76871,2c23298f757357de0342d51cb51709ba33572eae02c1772fbc578d00d678687a
E060,214655,slice_056.png,77121,3415d496750d811a2592917f429d47f10f0b9bf16ecc9b8aa54f8b49026bbc97
E060,214655,slice_057.png,77127,b3525beee9a0a6ac8df0ade78aab4c792422e0b79513f2e2a074d7571a137829
E060,214655,slice_058.png,77341,3260234e2aa5e6c8d7df9c587f544f0937ab1650106d4b39088b5d06a2aa380f
E060,214655,slice_059.png,77935,4e8ff76bb216240736919600099b90bde6c796569bcd1b43a9219f07894a05aa
E060,214655,slice_060.png,78181,dfb14e8ef5b00b40b7dc21531dfb6ffb5ad4608469fef731dac14d182f5c24bb
E060,214655,slice_061.png,79629,393b70bf54fb1f5fee9fa6e92e35657dd70d44f531eb4ee05d59f46eb80116de
E060,214655,slice_062.png,80165,e145526eb6ae253517e09c54454e574ad33d84115af873a3a9d56d11d13ca976
E060,214655,slice_063.png,81350,c629aed56b74fe05c5f48ff7bed6c4c9f63ddceba8f69ba7ed4369eeec61e9ec
E060,214655,slice_064.png,81747,223fc32a9228b15934010cfaf4893d7fac202885b927424df30b02d172b25aab
E060,214655,slice_065.png,82720,bfc0fe28d154d730c99f010cc01e0c5027496f2f3e909fefd1b00c2434d2624b
E060,214655,slice_066.png,84300,e9ef650d18997d5ecbe59bfddb57743cf94b0ee6f8d618a18e3efc5b9bc8cdb3
E060,214655,slice_067.png,86298,637742f5c83bd1f754b301557a054f179b1f5bb4e08ec7feacbac82f0e4caafb
E060,214655,slice_068.png,86950,1d4b989c577bf08b2821b83ed7ab527db62ef76791d0bfc6a412b7f0924884cf
E060,214655,slice_069.png,87216,8013683d278279bd340f4dda86e9f37c5bae88f11019810442b23fe09640b37b
E060,214655,slice_070.png,90406,df5b4952e416b7e91cd026cd71fb3d8f483f39515e3cd9205a16df9b3a680a9f
E061,100954,slice_000.png,153455,0c78f39370a3253fb7402dd9e5b2cec0db70ec2620a634f30c3c20161585dfa4
E061,100954,slice_001.png,147158,b75058d1ed56a715133d2b8a2696ff5cb42b57616162bcac83d14a71d54d276d
E061,100954,slice_002.png,144343,b905df02bdd8d3f1467f2b5d68935079633a173da30fbe347f2e5a8c6cf51d28
E061,100954,slice_003.png,143613,79d8ef73df4ef80a1dcfddc8d1769c80f3ac5268760840bf7b79fcc2b127ce13
E061,100954,slice_004.png,139244,3eda9db1fe664ef9b2131744e1ebc07119d5ffb7f11dbd1840c212ac6c24582b
E061,100954,slice_005.png,133665,bfecedee8d1e293a3bf4a5447d5958a874daa51f08af7aca0b2a08bf2afa0022
E061,100954,slice_006.png,130824,cd522b52a0bda75f783373209d7b33bc6d4dfabbcf46c07e457feb26a2949926
E061,100954,slice_007.png,131117,fe48e73999df81f193268f4e33c082416d40a462f3d10b4190cee14d354a0c66
E061,100954,slice_008.png,128423,19d4ad7258d872a1ca47825458ef20657b4dc0410ddb72f4dc188fabff5328ad
E061,100954,slice_009.png,124775,0b7f7c3bb42d2cc3522252a1d5010e9b011a2ca3d595141964ca001e663381de
E061,100954,slice_010.png,123839,9eeaaabd187090be7b9a5dd1262bf9609fb9260712ff04826416edfc4cdf8f7d
E061,100954,slice_011.png,125628,2ec7ab358ca4c2f96090fbbde8fed1283a1b9ff79c95e21da88a971e9e32bc8e
E061,100954,slice_012.png,124230,acd1b24b44701f569c7d12a17339361c3530ff6d7827662ac084aef6798682b5
E061,100954,slice_013.png,121317,262feb5fdc0d2a35e16d00cd9e187f1dfdeffcc1a02d36e81e944c562053592d
E061,100954,slice_014.png,119759,935a4310d097ef1cc0c1698ed9678f4f756569f36073ee9f4f0f7703498bbdcd
E061,100954,slice_015.png,119746,97eb15614ba93fe34187487dd7adf1b50e0027617ede40e563d7213ad58f8bf2
E061,100954,slice_016.png,117413,6a5f54257d7138dd9050428aea24a3a7c0e9e7640fb494dce9e077a5a528b444
E061,100954,slice_017.png,112613,8535fe15db1ccd7ad86e581bb8f95336ab36a13be068d8785c7e9f9584f972e6
E061,100954,slice_018.png,111060,87b41f831f1aedb803d61bd3dc376f55a62622159c40a633b35bf88865f63b20
E061,100954,slice_019.png,111982,8905b0a8c08f5cca133f08dd04e0a1464fb73960020885934957d76430680e74
E061,100954,slice_020.png,111024,8fa9eea9da6966917594ebc286dd92fe961db254a88bea17c40c312f5fc9a7a5
E061,100954,slice_021.png,107951,dc09cb61c658b23936d643c0f96d923f79896026e3baaef5b39799844b6cf070
E061,100954,slice_022.png,107072,96a2728149a8ab11c35492f3ab5760fe37bf2aa46a4e8fbb04e888d739f1d57a
E061,100954,slice_023.png,109103,0456ecbb0f0c88d945a81fa2e0575cc6c0a6a1287cfb1612c150a906d1c41559
E061,100954,slice_024.png,107115,6f3a035e100f3e3a866c5fcc6dc962a44fb3b7e2a31773048e8555eaabfe61d7
E061,100954,slice_025.png,104728,860e138540bbcfeef3ecc702ce8a6b5c33e69c1699983c79252fbcb5d515f79d
E061,100954,slice_026.png,103771,4bd54be924274a2e8b9b37f590fc937a8202cfa5bfbd5ebbe99acd75cd3bf138
E061,100954,slice_027.png,105384,8ae1d3609e5eda10e8c8a39d8ea2cfa997de094581b3372720b00e4d607281fa
E061,100954,slice_028.png,104239,a86a9f8f7014fb71ea8afb322bbe3be3acbfef27df60978ce307221aa979d28d
E061,100954,slice_029.png,102785,9f1470cbbc65f30bf37754df889c111135b258dc0203c8ef60c2cd969a4ce913
E061,100954,slice_030.png,102816,4d814943df91520c80156d8bca69de7dda01bcdee7b1749d55dc8575995dfebe
E061,100954,slice_031.png,103418,54fa210dda0472a2b81e3d979d7b2fb8af6a53e2b91de17e246a08e6f93641fe
E061,100954,slice_032.png,102634,3350a77787462a494abf6e6a5fb56eebc1b9e642e6ec19c77c6bef1bd10544ff
E061,100954,slice_033.png,100294,b5a18f32257b25ed0438524861285d633ce96841e64ea3c9005dc44ef35cf382
E061,100954,slice_034.png,100598,c5c0b7573dc1d2c624d6efc692b8f86b5aef828b24ae5055e9cde0059d520200
E061,100954,slice_035.png,102225,f29f89eb35df6856bfd4aff6c55d7eedfed5fb9cc7b179e1db2f587291057ab0
E061,100954,slice_036.png,103282,5195fe9c256bc0646f39807d5b9e7b443857f1dfbf7b0dc6aac29716a031ae4d
E061,100954,slice_037.png,101371,75c5a12a7b16dcc1bcacb85b452f5a5efb855f214f1a0235e548b0f8f21c4b4b
E061,100954,slice_038.png,101258,7d2dbdbed4640ecc4fc45368405df38dbb31453198b602c1b10c5c0382a6ba09
E061,100954,slice_039.png,102800,2ca6a0e3d542a25130d1208847224004b082c6549cda805c5c56e4fbc2e38601
E061,100954,slice_040.png,102311,03a6211e47c458b572e0cb7f8b2da6771a8ce826ea682dbd6bdb8e2f853b902e
E061,100954,slice_041.png,100055,96c5f06d1f630a1a6dc1571fce6bc8914e9a959b3850d3074684b6af94b93d4b
E061,100954,slice_042.png,99619,a87f6da29f526de0b3c0717ca6d94ad5703ed9ad1fc3016d1e332d2b370caddd
E061,100954,slice_043.png,101581,5a7db95458a46503aa3410d1b5256b86aa66be11d4dfabae75c05ac63f13e89a
E061,100954,slice_044.png,102369,38b5700e86ef3b74c4c5f85b907f4450c2ed32db6695c15e1264d9012f8f4ea5
E061,100954,slice_045.png,101111,2438dbca54160c431ac199c94156f68e8c657d0be20c9b8fef9af4fdaba230df
E061,100954,slice_046.png,102328,a675efed3d1a60d59d2e1cd2328e311573aa1e0ef8902e7752e6ff3868e40297
E061,100954,slice_047.png,104786,2d360c327e7d6c66ab924089594d8e1473623e80c09900d176686d5e71aaaf8e
E061,100954,slice_048.png,105063,b8c76c095342b73d44674fc8506e9d40aee79a8b3c50ca6454111f83fd0d79aa
E061,100954,slice_049.png,102509,147cbbf63be594c650d7a1275f00c506a3fca12e52489c61e520ac404be3bc5e
E061,100954,slice_050.png,102876,555fc9e150526688f4c901342849dd9c8591e22c90ede35f7394b5d6f2d7962a
E061,100954,slice_051.png,105783,922704dc688269bb5ae2ce5278cd73e867001fa1c0ffdb7d5f7875296a9b9f1c
E061,100954,slice_052.png,106388,4bb81a064ee5b4a3eec0da795979537cec0363992cbf3d009f9c0f63580f9170
E061,100954,slice_053.png,104825,edee91cb401816737ad3ff0d9cf55a93c30a8278f2289d01092aa00aa36444cb
E061,100954,slice_054.png,106054,438db366035b2fdfd896a7595ceeb03011a5125a1a897511faef2be747cbcaf1
E061,100954,slice_055.png,108373,a777baefe2a3f8e2bf9431eac9aad5734670da46c4448ce93f194d99dcb0ca3b
E061,100954,slice_056.png,108113,cda6d4ac5f8a076ce4d30b3506e23360c81b34ec432af23f8e87da968c8b6cbb
E061,100954,slice_057.png,106289,3136810c1d49c862abca2048b259c17f58095f31995866a8a67228f71f19cb2e
E061,100954,slice_058.png,105945,fdbf4e943922f19baffba1ec72c5b187abe7dde4f3269c0958605e21b6cf5469
E061,100954,slice_059.png,107203,81c3c53b822d429fd2ec27b0bedac4eb4df1c0febe138ace9e888b19f924730e
E061,100954,slice_060.png,106236,aefeb66dc4c3363a1329abd3ebead37657ccfd09327cc9cc3d6c97034c1ab117
E061,100954,slice_061.png,105221,e42b59d90fb043d0e9fe9d1b1f454a950d895bc863bb5d990ee3d1377dad4c39
E061,100954,slice_062.png,105455,8444783514ad37080b4209283e2b6b4e4978438c2cfd713de8ad0a7d704c9ac2
E061,100954,slice_063.png,107859,c3a6c644886f19eb67656e288373aaaf0cc6624d2aef9587936b95d057979ee3
E061,100954,slice_064.png,107916,d443c59a02b0db068434d3f87c2da247d6161e5ee69256880d999756e69b9b12
E061,100954,slice_065.png,106312,b883f66918584a60b3cf6e91b4745f6c040ec2b8f39448bdc132c0792f570862
E061,100954,slice_066.png,106408,c9bbe2c02acf3dd64f3f7119bf16e30db70e464fb0353cc52faffa2bc48704a1
E061,100954,slice_067.png,107672,17af22638f97e6ecd6fd14a51c894d7859dd7ca16f4449d9fd181f43f66da8f5
E061,100954,slice_068.png,108709,fff83b2d2f99f97a96fe3d1bb3f8eb966ca954ab851dde1f5b0a063779707544
E061,100954,slice_069.png,107470,4d395d550892942209931f6503899c4950831eb7e798b8a2f1e738af2b8c257b
E062,101748,slice_000.png,126814,2af28b02a1e80bf4c17b3f256138ba0096929c70b3c6b0da4003952f74b76325
E062,101748,slice_001.png,123313,3a960270be162b6067fd90e79426c615a11b397975b1888c5b5a3a8736b6c6ca
E062,101748,slice_002.png,121443,921281bbe26ff48bd3de5a17e4e6d062242efab6bd3a237bed8c8b22bf82a989
E062,101748,slice_003.png,119745,667df0c7895b127a959205a07b9a53a98aa482c1387d12fa1ee30f7b38f8f09f
E062,101748,slice_004.png,119069,7d90684649ac506fc43fa5eb07bf6ce9cb14b766fbfc32ac9b0398e2f07bb7a2
E062,101748,slice_005.png,116087,4e4f3f3fdbf64f2af66ef6430b85dcbe88e964b9e88ad9ec204fe2a1b763c27c
E062,101748,slice_006.png,116503,9031ae6e9a3326049479dffe1c4d67641f52c928a3978bbd014e8eeb3df221e8
E062,101748,slice_007.png,119600,23db7992b5eb7d46096ec45c7aafa1c530a735f8b51639d30929cce6d4e95b68
E062,101748,slice_008.png,119529,4aff0e8bfe28811b17e4efe44503358eca2a765d635164e58fc1868ce77b2c72
E062,101748,slice_009.png,118338,d1feafdf04af716a6cc9ccb76a75747d9c37edcb4cf722344342659539643797
E062,101748,slice_010.png,118836,21dfcbaa622665ac01c7f9e17624c7f8053b146861dbaf3c27674dc96e98d0ab
E062,101748,slice_011.png,120739,db3150c4aee2fd9049fe9780d410714549abbdca04d1cd78a940d0ea38a7c759
E062,101748,slice_012.png,121581,7f718a54cd8ad0f7906289f89e2b19c6e2cf97623e06777ac2d6472c01d0a1d0
E062,101748,slice_013.png,120169,52a5ed2517d8a2468adf828575f4f641fba863933e16e2a5f35b8158fbdd8a42
E062,101748,slice_014.png,119490,70b599a46fa30898e5aa3d1057c50db10bb7c7c86dc430cd84fddbb0366a6018
E062,101748,slice_015.png,120834,90b7609efc5329a6f93c1fe4f1e87412ff39e5e7c0efc2081afd8adcc8bbf7b9
E062,101748,slice_016.png,120172,e968bcb482ab6ac95849d4ee0a42afb85e646f9f3b2ae4a08f2e5db5a944e8e9
E062,101748,slice_017.png,117322,3ca7d308dd7564f16a631c3ac009a424d04c543a3cfab613ae73b0ec2338ef40
E062,101748,slice_018.png,118729,13bbb6e39c9453071925c63b6023c2dd67d13505b363eaf18c4593b8157a2492
E062,101748,slice_019.png,120866,bbc7a29b79015bfdcb8f190bdd25caca0f79db7349f16fe1b5827583e9998a94
E062,101748,slice_020.png,121399,1b84ea47d96e2c2b1ce163f2910e68a563e5f7dd8d1e18c3c66c4ffc6f07ef97
E062,101748,slice_021.png,119772,06287d37a3712cc743cea40e5adaf12a5b48fad0be04b1c3376a0acd3a5a07d7
E062,101748,slice_022.png,119645,fc62795465717321ad1f31a80dbe2010f3f20a989c34ac0e2dda38abc180e0cc
E062,101748,slice_023.png,120708,20c4647ef37c498442b75656f88e95e039b4f14f18307cf8a8b53aac672adb8a
E062,101748,slice_024.png,120545,655a6599619f3a085b772bf04c495c6dbfb53f10d8c45f9f793d29d5152366d8
E062,101748,slice_025.png,118807,06cb40e8da840fdb8965f5d5b692b158d017abda66c0005af21f4ffc5c0cfbc9
E062,101748,slice_026.png,117958,60f6916f04392ec7f55f879e0c709dcf2385b82a10a5b24d27171be81dee717e
E062,101748,slice_027.png,118765,add795bced7640392127cd924b612d1d7d7bb1aaeb49aa4430993f495194ab0d
E062,101748,slice_028.png,118328,5989b396365f488cb37cd629e05fecb72419d3cbe0fd508a06a462ce20816aee
E062,101748,slice_029.png,115445,f3c8f4f27e68e0a27b742c54f4cda763081a0b47975742be461375de9be85edc
E062,101748,slice_030.png,114742,e222a8f0809afb8133c1a3c729ce08e028f6b3edf4091cf0c5a0da6760e241d5
E062,101748,slice_031.png,117018,b8694f1bd93ce0055f5b3bf8b7a78a7968d130eedfcc0dde91106f6e158b619d
E062,101748,slice_032.png,116670,d9858d7c0ceb10a4cde34b281445f7c0ec4893f424fba294d341209ba7fb10dc
E062,101748,slice_033.png,114408,35f6d18591f52ccdb0ca6531b9cb29f2b781b35d959d807e2e6ed396c2cfe0d8
E062,101748,slice_034.png,114172,b6013612f7af0c0f9ad4bea02e9a45b95ab4fcab2cf5fbb6cf3b7fdb9399b124
E062,101748,slice_035.png,115759,256f742c5292a5e218a29f5592a28ecb4e8e812bc90ef6e749ea3c22bd9f3750
E062,101748,slice_036.png,116214,8dab1fa33552207dcd708a67e37c6cbce634b0f591c44bd720c8ba6df9945697
E062,101748,slice_037.png,113464,22f5e008e9e1bec7792c9d3d2bc64a8d5117e103b57090e11bee5dd7b033c2dc
E062,101748,slice_038.png,112985,7a7be0f89990fdd1ef4462a4d69f3256a79a6c5ca34a77141c3c6ead025c18f3
E062,101748,slice_039.png,114613,536f62f151e613011071b311845ee3f78281ddfba690c5227d0a53b8499db670
E062,101748,slice_040.png,115331,b729382b4866102766b6447ef924fc238359dec3acca530d5795e78dc00f0e2d
E062,101748,slice_041.png,113599,b922dc83af327e4427f5b7e578123e7ddfaaeef09f200c400a4883edad175d1a
E062,101748,slice_042.png,113352,15ffce83e9bd02e5b5508743c65b59ce04500e984f76f7a1f98eaa79a8b26ad8
E062,101748,slice_043.png,115747,068f36df83a8fe61db650011312520e840c6795ad9b83f46331d61894b20128f
E062,101748,slice_044.png,114466,cf30837164ad262656336b21405d93d6f87721b788df8c950de9e1e32d252b36
E062,101748,slice_045.png,111432,3352a624de278974086c42f098c9d7be65d39fe926c4b8662f44b1dfd8a8884c
E062,101748,slice_046.png,111193,dcd74c9f065303fab1dc56b01ff1cbeaad4e4466165a36605edf2758f5436ff1
E062,101748,slice_047.png,112606,41f33f73ebdff2128ea84289587dada61cf43592486d02fa74100054e161571c
E062,101748,slice_048.png,112834,c1975b4ecce84e76137f24b893ea173d73c397864eb2d99a255224fa2b08a20a
E062,101748,slice_049.png,111252,ccf5495c70f9203482998cea6a800dd55b3979a0d4faeb17109fefaa7435607b
E062,101748,slice_050.png,110564,f091c7d9e36e62c81d6ad076428b4e11358fee72d220ef87382dc600baba812d
E062,101748,slice_051.png,111539,d87eb550caf7894bb79b0c9297c4a1820aa67f5ef3954181d63751f56b16b214
E062,101748,slice_052.png,111064,1a97a78e6fec9be4aaf6bf51bfb9e951e53e2177be69d71dc137bdf1160cad3f
E062,101748,slice_053.png,109062,fb71e04bed9b66c14028eb0ef5327340332539eb248a2d9dfa29858ba418b0c5
E062,101748,slice_054.png,109377,5a4396a501af83bce7a8ef282c825c9270657193bae259e65d4954cbc135c8fd
E062,101748,slice_055.png,112360,254891e9c9641eb64de8c3f7362001918f557feb2cefd07549760accfc399436
E062,101748,slice_056.png,112015,f1c158d4fc57d81aa9c50c979357b9475e345e1fb9003c298f3bcc7770c9cae0
E062,101748,slice_057.png,110633,001d3e82c09b3a7ed236cf7d25870b536f87f7c7d43b6da97f88a10e94ac3a09
E062,101748,slice_058.png,111725,067232d8ee4b315852be139978469dfaeab49644d4e8cdd9bd6c6355907c3b57
E062,101748,slice_059.png,114415,4771404a250811928c656e5f3451ea5cddebea3dc660d2e241fb029d1bb9db56
E062,101748,slice_060.png,116839,08835f58f05ffe4ad872ff9c07673c5bb7052bd4d957a7c299feaaa31e1825f5
E062,101748,slice_061.png,121386,7c9aaffb1ca712ac6ae6cbc066ba6d8e070ba4b58eb7f0838e460b8384ab1a5f
E063,125179,slice_000.png,65129,ce6cb0af0331ad83527ec3b0411999891897b2712f9def1749daa2081d103109
E063,125179,slice_001.png,64804,e5a483c83980ebc33b0229e7ecc517ae0c4dac9e14a02cb23a1e346cee77046c
E063,125179,slice_002.png,65144,29c90215bfc2b0520cd1dffedf9d693d20187053cc17d4463f7ae6c09d3aa848
E063,125179,slice_003.png,65178,bd05ef5b9c6852afb9c3e6f7af5d6f9f1c019a3380a4f2f1997940d350739952
E063,125179,slice_004.png,65436,803410eb1fe707af4c0cd627ba57c7fb2fbc07d67d9ea83b328a6b7e5bd42729
E063,125179,slice_005.png,65341,1a549b4c949a8dc9e694d70f63643023479c9c2fca602317c7754572cad67887
E063,125179,slice_006.png,65246,5b3c9b3678f11ff43fc49de2d031aec532e532e0ae2134b2eb886466cc731e86
E063,125179,slice_007.png,66294,4bf9d58dd1607dd56bdde4dcbdd31e4935bb478462dfd769b79b19904b83db17
E063,125179,slice_008.png,65955,3be36b1b15090896942ef8280e940f657573081cd98eeb3a06d4e15931ea5137
E063,125179,slice_009.png,64350,7cde86c6431fafe61b6f9a6543529c5fa0c07a6acc096c124fa8e89cb5b5b3fd
E063,125179,slice_010.png,64604,c327ccc06a00bb74c3f5fee212a56bbc603faf061019a6216f983c37ce8172ed
E063,125179,slice_011.png,65316,edce3daa7807cb4c586b5c09584707a3def4a3a087dcbd44d360cc0fd8158c02
E063,125179,slice_012.png,66239,031f8c17650c04eb86623adba801890c846aa7ee2e2bf7658087da69d38e4358
E063,125179,slice_013.png,65739,4aac669583b146fe7f7ff3d63452c328d8bede548c900e9dbfd565b3206b448c
E063,125179,slice_014.png,65476,79ee327af0422c3a260efaad2152483fca88367f9c801be31f112fa3c2a2624e
E063,125179,slice_015.png,67306,4621b1855c1bc86283baaa48f5d067f652e6d7771dbf10cf0555cae867622308
E063,125179,slice_016.png,67869,7663eb7f6d63ba9c58656383bcc02df9b35eeca986a201b735ba79b8dcee69c5
E063,125179,slice_017.png,67105,e7afe44e30008a2a2c81c0581b116dbf8897595fb89e6bed10a353bc78a5f661
E063,125179,slice_018.png,66593,cc2b11374684b62795c5380762dd3d217b07d73012531bcfd2f707428d6a3309
E063,125179,slice_019.png,66754,ec545bf4c0a8cba6c9b4cc34902a241172395da4cb458285e5ee479c9246ea50
E063,125179,slice_020.png,66681,57450822bdb507453dda6e4f09c7bb692d896db2683319d4e215b9b2657ca2db
E063,125179,slice_021.png,65232,fd764166b30d96bc18a1e1c78ce86612b4f2716950835f0008cefd0e243d93ce
E063,125179,slice_022.png,64710,8202e4fb4eeb97afa0ad3502978ca1b8b54c14731b015abca455131969ab2843
E063,125179,slice_023.png,66978,625ffc40e399c05e1e84e722cf59d2aea13f96f6e9b72d86fbb0645e9155ec98
E063,125179,slice_024.png,68057,bce62edf8d26219c356df8d30a5d3fd3c3196987c1828dc8448563bc04aaed15
E063,125179,slice_025.png,67312,209042d94dfd005aca8afeb0daaceec38c5c940fb09e4dc95604e1153da68258
E063,125179,slice_026.png,68424,5b0c2ffc2474593c932eeb3e03fc1d3ad525ae5595aae39ecf6f0a493eed92a7
E063,125179,slice_027.png,70870,c86da657910fd887b88cb75961fe67a970316c151cbd2df7ddb36b48f5f33d3a
E063,125179,slice_028.png,71160,d08c5cf7c7467f9f45d7a73dd197b66c6ffa6b993083d24ca5d2a02cf8ccc226
E063,125179,slice_029.png,70568,6954138ad3995062c50a21afc70bf74dcacfcd59d47ae8655ea6cdab0734400c
E063,125179,slice_030.png,70620,b641f3037eed178251d8923f724d08ab22db1080e4894fb75cf7d8b3dbfd5f55
E063,125179,slice_031.png,71478,4591f07d3466f27e708ac4a40d7faaaa2d1a172377bcf100db60b65fdc44a82c
E063,125179,slice_032.png,69708,79affd1e74e94e63cebd03299eaa34fd2e4694ad25cd0555881d3407dcd952b0
E063,125179,slice_033.png,67945,bda833a912b22a0bf1e948033ef15a4bace0df1612b07a1925a67f4bfff49480
E063,125179,slice_034.png,69055,37dd802cbb1f0eb35f09eeb26a2ecb56f238c094cf2575d4406c44c880d08120
E063,125179,slice_035.png,70865,9d2d9a3008167755959f28df5ed50129ecd942d5f58997de7cfecee53e752b4c
E063,125179,slice_036.png,72442,2af83cdaca7d6d1572a00bd81947872953646091c05f66e43277f7a019429e09
E063,125179,slice_037.png,71688,f36c4167e1489057ff9b59730f6fa6e163bae157027d09cd082b35640b3c54be
E063,125179,slice_038.png,71504,67ea8ac022b08011a7ceb69108764db85b5f269b94637398fca9e6dbd2500bfd
E063,125179,slice_039.png,72321,a06ac5f9ec135d854807264b071caa59a4c865dfc599873df0376fffbfdeb69a
E063,125179,slice_040.png,72578,84f90c27ae9971533d2806c776eccc85bdca5ace67cf90cfc898aa37175343f7
E063,125179,slice_041.png,70887,e63724a571897a095f44b8156e86b018a0f13b74a8b9602f1fcd8f516a0dc256
E063,125179,slice_042.png,71003,9ac2c6b94613efd98342bdd74cf7f5d5fa1cb144fcf22047aa9aa213eb00c991
E063,125179,slice_043.png,72333,2719563ea5da6f77f18f8fa6853d653e53db6b68e22bacd3abf8acefc31b7a09
E063,125179,slice_044.png,71693,eb10a5d05b4c4e4dc9d983e9459769b7d278aabaec3bbcde05f135b42e6544e4
E063,125179,slice_045.png,70959,c8181ce0a63553984cd87dc924d47c99b8cc685865f7f8cedbab18006dc2ec3b
E063,125179,slice_046.png,71534,c326c92a556a4ec0d7ff01e3d9f91c09dff1ebb1dbd567539acea58ada9d7caa
E063,125179,slice_047.png,73137,4325c81fecf0d8e251d171b7384f524f78bfaf796d6ed31ecbd7f8173ab3c200
E063,125179,slice_048.png,74389,09caffa060e6ca4ecb37adf0a2c0dcd5fce486e69b25b582969c57ff98300f3f
E063,125179,slice_049.png,74467,f37d413c7477513193b892a3fea0762c90901f89be14d51ac47be785262807d6
E063,125179,slice_050.png,75141,63c657bc7ef0692ca24a3f552584ebea32dc77ffe558b28676a573c0469cf9b0
E063,125179,slice_051.png,75919,9e7b026d2e32975af01833c07dd6f4257693ac89d31945d876c037776ff915e4
E063,125179,slice_052.png,76594,eb76a8e78665914996c407f1c978da0ba5cb6741d528d81679f5e359b19300b3
E063,125179,slice_053.png,75847,a6c8991411605f5d7a2932332210ad7ada94d3c0f3bac5d802ccb4db9d28c7ca
E063,125179,slice_054.png,76241,7c87ec019bb7c775602b496cb34a6ad66220c30001c794b231f21ab7a090fadb
E063,125179,slice_055.png,78914,10388d44716f4e337db21d79d02713422f98e6a699608d1aef11b095961a96fb
E063,125179,slice_056.png,78409,6ac4182328c9bee1498b5542680a564feaad4412acee3bc6381d9def90b1b76c
E063,125179,slice_057.png,77411,097556f313571f42b744e6c6cafc641bda9bc4f92a337bc98d2e7b99ca79b0bc
E063,125179,slice_058.png,76915,1a2af87e0205034a1b79c2452489b07a3dfb344ee5e77f2e490f86b6c437d0c1
E063,125179,slice_059.png,78635,d50381799b73fb7245af6451db60e4696e0ee3a5271953fd2895de845c3a8bb3
E063,125179,slice_060.png,80172,83405d334c82808f1ca498fb952ecb7a8e3f056d1f1645d53eb34b44e4a4aba4
E063,125179,slice_061.png,79179,77f570d76d48828a736a7ef2637cf4fb68ba708a774e9356c441b7c5cc2ce1b8
E063,125179,slice_062.png,80970,406c492af2ecac3b6026c937ac80aec3209b36083861fae4446888c77c2b078b
E063,125179,slice_063.png,84106,e1e089f8c69914ff19bce062245de9bed7c82a3361470d1faf3c70dd4098949a
E063,125179,slice_064.png,84052,db6a2dda393df8870052c080e3fa90fe47cc34487b077b0da7110e89f1a91c74
E063,125179,slice_065.png,83623,28639a53f45209ab87d059c22a372281cd442f33752a90aedc8b65eb3c898303
E063,125179,slice_066.png,83181,9dc8936b3a4ecea440b2209a043c88cb697a5bd1268171e5334a0db5bf751d5e
E064,216332,slice_000.png,137640,08a7ec702937c0ac2fb33babae77947d081910ad2a4eaf652eb0f7ace9a3dc60
E064,216332,slice_001.png,135021,48a33d9e2fb1e17963fe4f858ca3b756192733c9b869034167c8ece7ca9ae3f3
E064,216332,slice_002.png,133279,dd78f3a555277e034d3c83a8379c584ba162d775efc820c648ef6d55fccfaa7f
E064,216332,slice_003.png,131774,43e4636594945266323ad2d63212ae2445586bba3a73b52e091ae982cba13dd8
E064,216332,slice_004.png,130270,65fda117d0451fb3c937097ba1da7484f0f8f1105443b813b770b53fe11ffd47
E064,216332,slice_005.png,128816,b2582deae7f6e4eaa75f581243d9ff86b31fa466f6dc9099277978993b8d85cb
E064,216332,slice_006.png,126744,f7f8619dbb870261ac9f9a0cfcce2560be19a0744dd12fd4f3e252e0d6e75b73
E064,216332,slice_007.png,125878,cf942563ad79908e1ede29896779a4caf43e9b059d4e1c47e9ccc1f7d3d0a8cb
E064,216332,slice_008.png,123655,641af22a32dc022c466b6a028ccbebd475673b298be3ca98eb90d30f2dbee5a6
E064,216332,slice_009.png,123119,d518908a01a981782b4b382011ba5e6905921768135a12384d44c42a72e559ac
E064,216332,slice_010.png,121807,d102d9a1854e60898cddaf1a325d42246da64701372112f7f605078c3b321e62
E064,216332,slice_011.png,119433,287fbcd4d5f76814bae8097a120cd2f7d8655f07766a4b8fdf5967f1a3c6823e
E064,216332,slice_012.png,115924,1b2c22081fd7d0bbaa388d9f58dfdc32da53beec84f5f0003ecd04a87bbb5eda
E064,216332,slice_013.png,114133,ca6159ec0c1822e5d1a9c6ca3382c2e2e54e0b1fb145203e0a2edd807190d11c
E064,216332,slice_014.png,112826,7168338a86d9ef827fee1e9d0d2bc39023113122dfc7046908f727117920c9e3
E064,216332,slice_015.png,113003,7b4250547cda7c9d4df591f38d80385a5b37ee2e9d85dbe4d3a234cc2149ddb1
E064,216332,slice_016.png,111461,7ce6f50940fe1fa90b0b31786692517afa09696d1402f6b64edad911134e1aa5
E064,216332,slice_017.png,111039,f30136aff257affadb984ff332d6a3153518e1533befe799616cebbdd0c8a15e
E064,216332,slice_018.png,110252,8e26daef826c3a7b526d0716d2be7bf4acbae3ab12db440308209cc6507becdd
E064,216332,slice_019.png,109595,8f05586cc131b0af790da6802bf402635ed49f6f524b5d4cd8041c633e68ee5c
E064,216332,slice_020.png,109663,75a64b8e3508486f6354cca05b0260a52da317d7b530c32fa6778abf05019702
E064,216332,slice_021.png,109311,20942c45a1eb19f97d86862e1dcff473793675f0c31ba1efc1ae96e265b27ae8
E064,216332,slice_022.png,107836,34d1bf1559b35d13bdf935f57208d2c44dd5c28278ebce52415e35550bd27db7
E064,216332,slice_023.png,107260,efba3b06a1a96e66e187167f335dac40f4b2a35c2c31f4d8a15d02f657622eba
E064,216332,slice_024.png,105012,81e0929a119a07ef9de45225c11bc062f1ab0a32f96803baf99728a7fb24eeb2
E064,216332,slice_025.png,104468,4b267842b1ffd54bdb804ec719d9ca79969983b673c1adb2709da3387befb9bc
E064,216332,slice_026.png,103264,ffa98b50fdb6e1120ed4f3b7d266bfa008d9b74f977f952bf66761c9a65b0053
E064,216332,slice_027.png,102379,f1ab7db49ddc9235fa93aad562f7a9176abdd5a850d0e234ff96809ac7a40a10
E064,216332,slice_028.png,100793,fe1b51cfba12f6b1b3ddc65f104c72ec3b490c2877a3a83845cc79b657ff9f0a
E064,216332,slice_029.png,99842,e25b1115164ddd95f25b781ba4fcbc5fd6a37509f4f8a449ccc44269751003b5
E064,216332,slice_030.png,98579,962810e92a170f8dcd7889003e18bc8b84a3df34cc3068460b2ad80a36f6f58b
E064,216332,slice_031.png,98275,558cd65dbfe306a78dc4838c79b4acc00edd325976a54b1eac502d4023ddbcdc
E064,216332,slice_032.png,96716,d9911814463d73778bb699390b4bb62cf1e8a22a5895b349e5abeca3d7047932
E064,216332,slice_033.png,95379,93045bf3f02934aa22e52bb5d74a2bcf69746007c9ddc1e68148932f6141ffd1
E064,216332,slice_034.png,93140,99eca4a4cf21e8c1bbb6f59d9bbff299b7fb973c92bfdf60a19474894352d06e
E064,216332,slice_035.png,91954,c0b66d559880eb1be39aac45c252b6a89da6c72675a2295b6247665885ff7014
E064,216332,slice_036.png,90512,6be55412e728725ef7868527c44f9e4ab422590d9034186e24a831fe6193b19d
E064,216332,slice_037.png,89394,b00f59d3f706c8e1dd8e263fedb44865326c9f11c9c33da32f1d1d1e1d45dd64
E064,216332,slice_038.png,87385,264f31f7ed59bc66b1028e9e744cd69ccd8c804de37345d339ce8cad4d3144e5
E064,216332,slice_039.png,86023,15bac78fa3b4aad905d53e8a1eb57200a874edc2b51fd40548f6500bf4fcfe04
E064,216332,slice_040.png,84803,433032cf9145ed76eac341ff660ad3ab9432a8ad68126f72d0891ddaaa858e87
E064,216332,slice_041.png,84218,3cdb76e227573797932e5a0d9d5968435103eccd4cf7026615d38ed869b3a2c4
E064,216332,slice_042.png,83434,5988a344920b9ae32c837b54fa0177453573bb93029a9d6ab4dc2e275fe7eb90
E064,216332,slice_043.png,83769,fbecafb30725f50f285ca5b5a7b606e7bc49316769df70e9a4eb64c2b91756b9
E064,216332,slice_044.png,83394,d36663ecb710e0517f9b3c8cd9712615b3c38e1cef7d29cf3102fd9c8c418b4e
E064,216332,slice_045.png,82487,94ccb94c4dfc0f0414c670d08cf2682baa73bbb0db7f02b72019384896bd9c79
E064,216332,slice_046.png,82074,8231009b7274314b79b4c709e8d346d2f786ba13706bffa440421b315fcb1812
E064,216332,slice_047.png,82865,565e054f3f3282c6eb49b014e075f10d6508590f9f334bcc7a1ea27f241e7dad
E064,216332,slice_048.png,82770,b263d407e963ff2a29c254aad8427fcb4e26c2e3e582bb52212c1c58dce08be3
E064,216332,slice_049.png,82477,825a1cacbe011a7c7baf58669390aebb732b1a1e45d18b6513d19cc52014b557
E064,216332,slice_050.png,81632,b0b3fa8752f0a4205658f218d93e6f9b57073ae0b235b23b89b8cb8fb81611e3
E064,216332,slice_051.png,81639,9ab9c3ccc0edd19dcf898b08da8fc64dc0207c5e3c24cd3780627b87e6a45933
E064,216332,slice_052.png,81488,3e5a52a9d27b0c55af870587b16db85a5c819f0d35b2090487af9af47a9474f6
E064,216332,slice_053.png,82221,eae814171fd789e69246979bbcad2af3397f710f7b0f44e700e53a65fb4dc300
E064,216332,slice_054.png,81784,0c5a8014c289107d00a7a5c94299619a7fb0e30760bf37e427a290b1076e4bae
E064,216332,slice_055.png,82181,1e6e96629124cdb3e20e47bacc3fd3e78762a0b7f15d56ec8c636f21066b9222
E064,216332,slice_056.png,81938,895e6f3bef48399cdeaed8882b78f1b3bf7449e46c2c649fa2340b7f8964fcb6
E064,216332,slice_057.png,82822,92ccd4acfe5f8714d54a0b92d803ab3e711c977d31ee8df8a07a2c2935346a59
E064,216332,slice_058.png,82892,3b2622ab73a65349c3cebc0b104acd7e72071a681cb7f798cf643674b25efcab
E064,216332,slice_059.png,83085,681a9e591fef3607f5d963d7a68935f9bf60f090996756a52e2810a6ba4b512e
E064,216332,slice_060.png,82553,63c9ebc049a6a48ea1ff229236199ea739f41b2a684e066fec78cf66bc3f6901
E064,216332,slice_061.png,83298,1f7558bf91db53ca08a6574ecd9673b6ee87b9533ab256cd88b92662d305909b
E064,216332,slice_062.png,83425,4d6827c4b7971ab988156168b82ec72ff492a75446f50860979c7c43b55b3496
E064,216332,slice_063.png,84116,7c8307cb68267a1c684153a19854b7340b147ba32d794009766d8a00051ab005
E064,216332,slice_064.png,83979,15fa1c115f17f2a4081dcfed731a8288fe36f595d4c604ce57b6882e915e51f3
E064,216332,slice_065.png,84274,8a2908683090609fddf78c72092e996677c20bc5a0805cff2ef60af6fc46fe56
E064,216332,slice_066.png,83864,9d2f67b28903829f0a9a4a09d16d2ddaa59ee7cfbd1b897facf749b01bb5fb6d
E064,216332,slice_067.png,84937,90e0cbfe84eb8365556f11b994456431de7735d62eba288a7fcedddbaf615e0e
E064,216332,slice_068.png,86120,452dc5c0ae05129b69a394ce76b03a90718c542dd2b31cb6a33b27c188d3fb38
E064,216332,slice_069.png,87589,a8fb2ee4776879ca51ed665fd2a15aa5b55c1ef8f83bbae738e5127e94a3a51d
E064,216332,slice_070.png,88018,b782713081646e8afae6e0bb73eb8496e98378ec750313eca11c2239155dec82
E064,216332,slice_071.png,89316,329fb326e9bcd8d0d992c64f416182d62d801475dcfde83216ca43b9b7ab4ee3
E064,216332,slice_072.png,90751,b84f2fdf24524c2de47367166195eda7662a8e8cebc8855355534e13347fad79
E064,216332,slice_073.png,94136,16ad017d40c4caa9b2aa1cef9b73c80b211b69e78adb3a1b977ecfa0f297dc46
E065,109725,slice_000.png,110365,4133be3e2b09a4f75debedc55bbfd626ed0640ab903d63a5ed6b25959fe7424e
E065,109725,slice_001.png,106965,388a01a1877930e2e1eaf1e8e2e5c0698ffd81c43d79178bf33d60688708a2b1
E065,109725,slice_002.png,105951,ab7df12a5c5e5a23007d6ba05093adcdfcb006d5704071d4356f5b12c8370b02
E065,109725,slice_003.png,106668,b5cd3a34423ff729816aa08d053975f008c70b5a38e38d6f2db248fbd490eabf
E065,109725,slice_004.png,103810,6687d145910e35bd2546747132410657c5abf527b765bc516b82982c5252a4cb
E065,109725,slice_005.png,99982,9950c635871b32ef4c07d29a5ece3aadd61cb67b5974e02a47e6515bf7319bd7
E065,109725,slice_006.png,97590,8fb6484c9d77ea79e68eef95488819becdb09900b01415b5a179c6f32a0db320
E065,109725,slice_007.png,98116,3b6fbdd9257c150a8dd3aaf364a18f439a80b2d7fa9064fbbe20635499ff9de8
E065,109725,slice_008.png,95948,62ef2c5a5200bd445edb72a06ae04480d962d709696e2632495687467bceb95c
E065,109725,slice_009.png,91388,35733d4f5fac917bdea4966df54d9571a1f9fee3fdec15ef29a0563bd249c0c5
E065,109725,slice_010.png,88179,1cc3bc33024386b9236364fe23f298ba5479b75e5da9799c8a6f9bc102c3552f
E065,109725,slice_011.png,86492,006c6ca789f7867dd74b032c78c5ce2134df2d07d69ec0f451ad18920b1b5665
E065,109725,slice_012.png,83617,18621c08a6b91eda8ae65d693046c1632362f8e243b013939d2dd07bdf8b7d13
E065,109725,slice_013.png,78767,841d546ccdc291e1128299cbe39ce2008277f8d01282d67623428bfe8f1779e5
E065,109725,slice_014.png,76720,ca7b1af7b6643f3d72118ede2eaa1ffdb1c067d45c36f680776636236841c747
E065,109725,slice_015.png,77144,3f936661671d3ccc31a0b53e5cc928b45c21a4f9e3a0038f17156f18ad02f428
E065,109725,slice_016.png,76291,573b29f06314964f9f0410a168601cd1d7b633ef411426755698708bd59e8b78
E065,109725,slice_017.png,75223,2f8f47e6ea1229777f67287df6039780e377eadcce99f2e066bfdbf7639eeac9
E065,109725,slice_018.png,75062,331a17b053d56a9a5691b99132531330fa1c0f208ddc153f401a8080c6f026af
E065,109725,slice_019.png,76473,1efa30db894b600aeec70af31a858da950c23d89746de85c8b486425157bdc1b
E065,109725,slice_020.png,77303,fd5135b56854acbc77cd8dfb0fc28a3db70bbacac40e8fc9ca47d5fef01956d3
E065,109725,slice_021.png,75469,525a2993f81e76d663f4c24f7121406b56fe80fa9d23e7fd588358ae91b93f02
E065,109725,slice_022.png,74428,a68302fc33f92dd90fed502bf4b26fe728e71ffbbcc805f4289294bbafd08748
E065,109725,slice_023.png,76298,1f56c7a75bb3b306b52c0ea3c519dc2964dd60147d654924623f4e01541df35c
E065,109725,slice_024.png,75357,f9e95a512d1aa8685d8684c390097fc9650826eeaf5f73fa6d5fe37472396abb
E065,109725,slice_025.png,73876,b7b32cc8f9078b356a657af866ae0eb3c2c18e559ab128e4c497232fe123c756
E065,109725,slice_026.png,73664,5b9b2c1d1bb16bf547cd88524269cf213bd40810f33091d901b9d0c6a4333cbc
E065,109725,slice_027.png,74079,b400d90a4a8d99081e1b7a93dfa90216a81b3dafcbc0d8cd6add54c85e68b2da
E065,109725,slice_028.png,73237,c20ac090ace223349545404897ae2b61a2d36447337d7c208280f67deb234db3
E065,109725,slice_029.png,71545,0d3c12f0bb88e87f796ca6f6701e4568181a7a33948e9259907fd65bdeb0e7b8
E065,109725,slice_030.png,71071,755da4edbbeb6c1b8bded32c0c8c1a730bcaba0660bc85104a67a27bc8a4391c
E065,109725,slice_031.png,72927,c7c239839b29fc2cc4fd44f3aa0d207ceca06fbb71a5da3289d67856213308ec
E065,109725,slice_032.png,71699,5fa2336ef13b224bb755982cef5f05463d58b605f0bbfa471207da0898270792
E065,109725,slice_033.png,70756,a9695485a8ba02a97dae30d85b14550b0d8f4d69e60f17f3fc234f15ee372778
E065,109725,slice_034.png,69729,dfd8e57b14566ba87b4844147d568fbb4f87d83d60290bc9172cd3aa0e7b0f1f
E065,109725,slice_035.png,70824,1e23b57dbe2d358283e06acf4246f6bd5e3cb38de7939cd2d7e65432b3cbe1b8
E065,109725,slice_036.png,70420,4e326ee9555af6476d4d9dadb330552b639f50419b196b472ff22cf2f1614af9
E065,109725,slice_037.png,69077,ff85d7a7e1b76a4a06019235f180bb311ed1a7dbe3df3b993e6de47d97e87950
E065,109725,slice_038.png,68396,b757e35226f737e09b3bb38020a2f74324f503c29e23ccd819fad4dea9e1bf6c
E065,109725,slice_039.png,68680,eb01d82fc6e5526b8d1cda67ff618ab44008d0cc45ccc0d02cd5548c4d36f8ac
E065,109725,slice_040.png,68714,430accbb15b5a31e72b2cc00a47219872c019443b79b6abf3270ed130cf6e186
E065,109725,slice_041.png,67727,347cf30f0b355dd43b7f0ed2f1b5424ec27d42fe412e77b6a21a7c4964d496bf
E065,109725,slice_042.png,67340,c1125b2a3e2b14f7917d21cfe1df02fbe277a0818d6ce04f3525b0afb5f02cdb
E065,109725,slice_043.png,69271,861bef034949e8c359f0679e45c298a7a6c0ea157abe970ffa32a6393c164848
E065,109725,slice_044.png,68977,8a04dcf226caa6a699041fc74ceefb40633c07e3cdce3b522d31c1c22b603cc9
E065,109725,slice_045.png,68257,821405909268ca9f342656d8c3927fc3e0216d7bd2f112d321217f00b1fcbdab
E065,109725,slice_046.png,68408,fef0250b6062ef82c4f5068a363c2361f75e92cb9fe4c4992a9b9483cddd88a9
E065,109725,slice_047.png,68897,d06f4f237a3300eaa5a48ac19c2490f3d36183c17511767ff7985318fd384e91
E065,109725,slice_048.png,70303,2080cfc573a9e999240db9676b11df04c467767dee6923eda3f78972eaf2334a
E065,109725,slice_049.png,68433,0765f33a2a3ac2f4978c94f031d9d1d2bec47821abefd2e547dd288ad8f9371c
E065,109725,slice_050.png,68213,29d4c812ee2d2f9d18b3bc647c72112898d61c888501f9b3bb7d97f83047fc20
E065,109725,slice_051.png,70161,4d6c2de2f617740aa220df8f9dbfdc8305b661c3c8753a64ee7a57bd2bc64814
E065,109725,slice_052.png,69226,1f9fa0d59da854ee630f53f61d11e683358b6db115244e7871822efb617eb8ac
E065,109725,slice_053.png,69144,babf04a1480ba806ffa00c5d2f93eb6583d75908e8008b75b7e9af3772ee7dcd
E065,109725,slice_054.png,68731,4500b389f88e5a9fe92461ada15f813ccf156649229f3fb32856e9b14b848c1e
E065,109725,slice_055.png,69325,712be7a7faa5dfdd107fbc675f50128184a18ec7d0e793bb52386750fd933398
E065,109725,slice_056.png,70695,3449ca7116e4c61a882cb1cf0b34737d44cd7b2d5d403cdb38bf1469016a2f22
E065,109725,slice_057.png,68632,b4c6e8276498255becfec4e5b363dacef6b1627937d2ae5195218758d0e1f7e1
E065,109725,slice_058.png,68377,bb2ec476b8c0f6fd8f8397247ac166204085949d9af4da9fcb3971f5dbb442c7
E065,109725,slice_059.png,68996,e621a0faaf4c6ca7216d7f734fe1008212138b7370ec7860284b3fb8e55e9137
E065,109725,slice_060.png,70390,73ea1e3da072a3225d0d7ab6ae2cbdd55b91325e0cb60c1d58dfc4c8544132d5
E065,109725,slice_061.png,69282,61e296fe39abb9a5ebd27939caba930149137894c8bc8123d2db1d06de81cb6f
E065,109725,slice_062.png,68933,580b0700c05f93e49d11964679ebd563c19fd2b0bba27c27406d097bcfa53ef5
E065,109725,slice_063.png,69684,5b2a249dbc809690c2548509d9c9c80e28dc22e19253f0ff8effd67da9c0c788
E065,109725,slice_064.png,71056,94ea65f2c72e185921a6556a57e87dc873b4da27b84d765418997c9db95c7f43
E065,109725,slice_065.png,70186,31005b1456f9307253a279d1f11e3da45f44137f6c8f282d7c55c6b93a0646a1
E065,109725,slice_066.png,70114,62d5128e634563deb7ddbf452060a2eb0ce7457502e877c24095c9c19084c0e1
E065,109725,slice_067.png,71596,bd31d812c465f1bbd33d518df06eda41cadf92be908ddc1132d8a202d4b90576
E065,109725,slice_068.png,71028,6736fa7f89980c85cefed14596b9356034206f368b184057cce96f45824a1ce4
E065,109725,slice_069.png,70192,54406ae238e9e1781337c9afd4974d22f854669a69c773f63e2f1ca164cc8601
E065,109725,slice_070.png,70423,cff64176d107adb31093997eb0214b132d30a8d1ad416b3b3e950b334daf4058
E065,109725,slice_071.png,71414,b95233453b1a0dd6762a5f1235891a7df70b2d092a67046513e3b8fccae6e2d6
E065,109725,slice_072.png,72433,c13553e2189a17dad4fdc990060e817beee554f4947a41c9fd8429023720c602
E065,109725,slice_073.png,70763,535a56b3c3dd9409a03c744d76720a876ca83b0ea369add0a44cf63c419549dd
E065,109725,slice_074.png,71162,f7f365c7be361b044e146bcdeffe60a209d5fa9d2d51c7c36fc1366ff7579e68
E065,109725,slice_075.png,72738,29095026d65348400978a2d7766af4ab8d288bdb7bc4ed0104f0c67667456c79
E065,109725,slice_076.png,72658,45bb0c15b3b01d8ce33a85ea2d26bcb44b5e6d8c56b02c8c5143dc6cfefca530
E065,109725,slice_077.png,72698,7b0ec8f27fdec6d71c509b30eae75c6d3385fc8474b2def471063f00bc083961
E065,109725,slice_078.png,73377,a8b0dc44cb503c62e8e9467070e8c9efecf7291afd7125cbc14dc2a05f58ada8
E065,109725,slice_079.png,74444,db3deb79d59b41ba0edd01fff342e8674d7bb26257eaa7f5bc95dc96c1045a66
E066,205397,slice_000.png,74796,275b3bf4aae97dff6b91207ad3b5473721dbe395ffef43be18d2fdd4368a8566
E066,205397,slice_001.png,72248,dfde9304056da23159a8faa6f5f2298185381a52e9ef2b8107cd36a72cebd554
E066,205397,slice_002.png,73741,013e5a50ab17cfb5a7490448797dcdbac177eb1238130fd7c86d0fada281b93d
E066,205397,slice_003.png,73804,cbb7adcb3ca43cfe3b7d569e01964acf3bf2e36137dfd4c85e2624c5817dccdb
E066,205397,slice_004.png,74858,e22c6238dce76d0296fb6d6bba3b7c2b278bc59892d473ec8b8d3bfc2db30fd7
E066,205397,slice_005.png,76507,eaa22b64f354eceb7e6e8a29cb16db8fe100f146aec1527d57044898ea69b46c
E066,205397,slice_006.png,76666,0c99e7fe4d320cd924984d13e41e839f7a2016c76389ca0962818eb5d02e0839
E066,205397,slice_007.png,77693,14a5e9798d1478047c9e46c216927643c69c781b8965e0d9015e9c8193bc2a04
E066,205397,slice_008.png,79720,9b61be9feb2d5f4350be1d1689213ce433d211af10cb2b5b7adcfbb78e92ee0c
E066,205397,slice_009.png,79847,f40275b183010a24add491554018fc2461bf6de0f6686801325f2210d519d23a
E066,205397,slice_010.png,81047,26aae7f2c456c1b17f011bfcaa66a9c7797ef30a4e37996737b4d23f23fbba47
E066,205397,slice_011.png,81893,9ea6f62114d5105db0925d4328b1d112ec71f6a2937c7f28c94cb2ec18515dfc
E066,205397,slice_012.png,82352,aca7fd8175e32ef477ae632f72bd17059a4d2bd453268dd9536a518dc5d0c5f4
E066,205397,slice_013.png,83308,783453639c70301cab7968c4616eae27e47df8ebd89bc1e8c12cf3b3aeb8a045
E066,205397,slice_014.png,84633,bfe3a198ca53c95350e60ee3a8c72acd7327dca05cb3bea424b499601106a705
E066,205397,slice_015.png,84973,a1ac27ee6d9167b206b36ad28a0b01e8f3cb3da67d46a489b32d1677e479b11d
E066,205397,slice_016.png,86178,44e5b7c46954303244e63bc0cbb0dfa9ad43795100b3b9da4a1e5e01316b3519
E066,205397,slice_017.png,87351,a940e880e1c9576cd93a3efc71ee6ca70a2c024565af11dc4cff130691a6a966
E066,205397,slice_018.png,87415,c0c3aa04354541fa7bfa5839c8dd3ddd3c877d0e3c7b9344430af04ec1802e79
E066,205397,slice_019.png,87503,f41404e82605584d50bd589159e1e2823191de360ad0231baa2127f14ac8593c
E066,205397,slice_020.png,87854,13f55afbe6db272d5a3161b8557d97ae610a8d7e6644e7ce604645f454281d71
E066,205397,slice_021.png,87105,4df194a598aac858aff756a9234ee79f453f10639e7c672c809093e115793161
E066,205397,slice_022.png,86484,316f3f2097032d2ba488f335f1d1b551a5ca0ddb74c8021f3fb263cf4150c409
E066,205397,slice_023.png,87671,064ea92e0aae3854557a578cbf037c79cbc9db51fae906d8f5709ae72f8b9273
E066,205397,slice_024.png,86401,8b32316f482298c78302594a6412aacb49b3009544a674cf48d301ac3c80af33
E066,205397,slice_025.png,85632,0e88217f9e9b8bde3f167aafcbbdb5a5b24734ee317e482624b8cb1aa2f79024
E066,205397,slice_026.png,86326,2eb40e4398562807bba200b069c74a6339a3a8dc446ad119416f990b263f5598
E066,205397,slice_027.png,85741,0a576d6911de92b97b4f110e72caed3ee452496c12eab321e67e42a7c73b664c
E066,205397,slice_028.png,85589,1cef456ac523c0d26dc0d09e561555e3ebc4a8788bb42f2494fd8918b3530fc2
E066,205397,slice_029.png,85769,c5e00012893fb2a27bad8a0d6c611e11c86004b547af78f3810c152c7a619976
E066,205397,slice_030.png,85657,5d7fea7e68f32d34146fec325bfc1eb7aed48c62b4d370aa081292ff432b1ec0
E066,205397,slice_031.png,85622,919a60075269f73fa74e6caafaa081edec9d1bfc6279c952d7c5b7950290c84d
E066,205397,slice_032.png,87385,bc8319c47384197cb770156c003ea51e8bcebf3b3cb5a79771cf3b2237a8d1a2
E066,205397,slice_033.png,86418,c61ed70abac341c86cd865cf482a641ae76de83caf1a992d15e2a1c6c84c1de0
E066,205397,slice_034.png,86457,0199806a8d134a74902e3a1362c84d92c8272c6654cce7c27120d35082d0c224
E066,205397,slice_035.png,87080,30dc4cfb0d957f9618b0d34e10233a55f5c41371c49af942c3daf4dc125b63e7
E066,205397,slice_036.png,86239,fc54f8d22f9998d5c831937a6f1220478bb06105477fe0488d041ba3166dca3d
E066,205397,slice_037.png,85920,d629b717530a9e08eaf1a958a61542f00c0fd1f64949a9569bd2a56a49ad39d1
E066,205397,slice_038.png,87149,c742d4b3f38f1365ba987aecf1787de47ff44183e7d128c9f9a70ddbf1d326ca
E066,205397,slice_039.png,86824,67783565c2c7189b501a21cad30047183de16e1af66865919a3ca17cff207838
E066,205397,slice_040.png,87390,f8472329835a25e4a43daa08b3c34c24d4f8894932256eec6f6c6d06a174877e
E066,205397,slice_041.png,88705,2c42d2f1ef8ffbaf8d896c1af46f0f02d850132ff768068515266d37f50ca3f3
E066,205397,slice_042.png,88035,9e0e2c57cf084f593f66377626b51b7a45d4456bf20796bb40314af83baffc97
E066,205397,slice_043.png,88308,7cf604dd833173ad259094917c327bc0a4a4e39aa7610c2d06eb7e32ab2d7650
E066,205397,slice_044.png,89796,614b1449aa8a0072959dfe47e3cc9534d2f7c2cf410e7706c743f21c296fb733
E066,205397,slice_045.png,89499,1c89cfd825b2baf321867ffd4bb38bcdb0fac29d7db9a99920ea6aa58e3e5b7b
E066,205397,slice_046.png,89721,9a1cce35980ea70740a34d92600eafaaa4fbf7ae9fe4abd9e530c9b4d0a21e66
E066,205397,slice_047.png,91431,7796ff0831c3a98a0746c41fcacea9e538773fbcb26f5666578ff95df465aa72
E066,205397,slice_048.png,91178,f0e3601bba398158da1f6e366d45c355d259c2247d34da42e45fda63369430b1
E066,205397,slice_049.png,92011,2c183486133d1828ab3ccd98596653bb972aaea2587ac68f20ec1ad8ebf62f94
E066,205397,slice_050.png,93932,b8fb6fb6603c4b79ee2c7e3fa30c23ad8944b6b01a23a2b7b3c930fcfdd78eac
E066,205397,slice_051.png,93796,620dfa19ae635979f02ea800a8d6be9511cb29b0429acf12285a5b80bae58b4a
E066,205397,slice_052.png,94808,bc094009e97ebd3bad979149cc4de71af2601b302c20db7badb432f269cf75e8
E066,205397,slice_053.png,95951,9137ac281f54b13e0fef0a9058b3b958e338cbc819515406995e995bf4b0c5e9
E066,205397,slice_054.png,94726,fa94c69a89ae6c091a748afa478563346c9f12b8a99014498a064b73ff5b20f3
E066,205397,slice_055.png,94829,b4a7d5f6b5c65bc1ba1046ab2469addc5623891322bac94b491b46f2194628eb
E066,205397,slice_056.png,96187,8d10f5beef32f73096921bc6aaf2d3428b44d85494d8ae3be8e58754d7730843
E066,205397,slice_057.png,96271,35fe907eba7560f81035aace4be73358f2399ab7cd607f500463bf68312b58a9
E066,205397,slice_058.png,97616,aa2e9e673606b7bc5db7c587f634b43b9e986bc99f4f77e01902d2c496cc034d
E066,205397,slice_059.png,99751,a55fae3e921561504eaa1458bcd56a5ff23a859f25b349028739a6a6da61b25d
E066,205397,slice_060.png,98640,2b3053787202d9ed2c82e8c06293d821cf69664412a41d33cc4d4ad454304f61
E066,205397,slice_061.png,98516,f91ec3964d198d3f0056f12cc7b851928fa8074f5aa841eb1c5e3db30c260cea
E066,205397,slice_062.png,99851,50c4c24cee046e7614c0d5f66ef0a924206fa8dcd80315031b880de8df1db118
E066,205397,slice_063.png,99397,c77638dae5e6b89f737dfa042777b1c9ba326880c6dbfed1ee36590140c441cc
E066,205397,slice_064.png,99507,607f7cfc52fc2abdb492579672f5e7b240ff56f5048fbb12d41c9ef2638b02ac
E066,205397,slice_065.png,101969,4b75297dda53bff195c0b85e2961adcba5dcc97a5b65e3499e03c4cc56daa365
E067,107044,slice_000.png,99747,8bf2c3b24b8dd09275d8595121845f9c88148f561f10eed9f1a1e32f7f90c2d3
E067,107044,slice_001.png,98649,8ffad52a327998e4cc88271a0aa52429f83ab132b82e2e285ecdb358421cc34a
E067,107044,slice_002.png,99157,c98eb5403e9de55af9e0de35f6e1198036253bcadd9bbb90cb37638c74a71e60
E067,107044,slice_003.png,101206,d2ee526121ddd094e3bc24c328b004e220ad27d2ed62d7ffd8f6c5fd90190372
E067,107044,slice_004.png,102910,369400c69cdff4ae91b991d315474f42912b1c581f1aef7a66ad00095566ca1d
E067,107044,slice_005.png,101251,24319475720c319b2538172c95526eab9ad70e17ccdd59b839442dc814f1cb3b
E067,107044,slice_006.png,101327,62fc3fe15ffde08aa8804cf98f084b8d9ff080c7d3ec9ee43fb1f66752da3453
E067,107044,slice_007.png,102508,78bcbf49fa373d3c98dbb09ab886bcf40d1b75b640578e734b9e3ec4a4b43583
E067,107044,slice_008.png,102102,32c0992214de2c686e58ef9252cbc711416d960140aa8050d224c9eb91922f7c
E067,107044,slice_009.png,100515,759e669a6410e0b7133b72a39eff2f6fd3aaeb786a5598761386235b0baa5f6e
E067,107044,slice_010.png,100464,a3d474ea6ce797748e01cddde4dda2cbb8eb4e73691e903c8481df850cc03261
E067,107044,slice_011.png,102040,6a23fc84d76e065504eba11ae7fd16a40fb761b3dec95cc75929e64b4e9b889e
E067,107044,slice_012.png,100652,675ec61acdf4d249d153f1b399f5093ace321bb6f6e75f5f09d304e417ec6a09
E067,107044,slice_013.png,98136,b08e780da3beda79386e69118a29d4aeb6a94be9adde0f3baeb34d761379b1ee
E067,107044,slice_014.png,98334,59b2bf36a7f4511d96da2efea12662c5a47cd9ff0e58672afacce7c5295d697a
E067,107044,slice_015.png,98923,44e229b098b92853741fdad304e93cc76bfa2fed2e6135d50ae99eb14845cc10
E067,107044,slice_016.png,100109,80d251f3d8250a59914da24906356c02a86e68af7c942a052c86b740bdefdab7
E067,107044,slice_017.png,96133,fdd66285e1345a9cf8d41421e601845489cb58d2d07438251e75058e77ab7264
E067,107044,slice_018.png,94801,86f7579a37a2915630a4760cda4b090e3e2ba647c55a0a72510cf81eda7d1a74
E067,107044,slice_019.png,97324,33b126f0aefc80469125f58f0ac9ebd30f5749f5808df7824be18852be9b4489
E067,107044,slice_020.png,95489,52329e91fa63dc2548ab1ac9d83a1a39fa0bd4ac9a4e6cd6652dda88de7ee7af
E067,107044,slice_021.png,93684,89b5929872d4eb8b32b9fe0158304404e810a1c91184716ed6ad4b5e2a90abee
E067,107044,slice_022.png,94449,810b344dab353157c03474d74020bc191ebec8cd01261d7f3da2208657512fc4
E067,107044,slice_023.png,95359,1ef3c878d39376e68b3a4cf2b4432bda719eb35ad29a9df399b0f148f9e2c4bf
E067,107044,slice_024.png,95353,8b6db7c99e0908c1e2ea095a4185274fedcd08af63bef6bf24090c0a7e1e3d69
E067,107044,slice_025.png,93494,be1fffc3ab30b25bba3f9b2bea408db25d0d593e9df1c5724a4432e809724f2d
E067,107044,slice_026.png,93972,2fa744ee1dd590c9071c3f37738141da85d7ea703abd49919068127599acbff2
E067,107044,slice_027.png,95898,9a330e8358d7f6b60e0f80d30bdfdab3241a51c8b80c68da6e96cb6d44bc57d8
E067,107044,slice_028.png,94350,835b03c7ba48177ff8e584be457aec1a1c676aa7d42e1358513fddc67f583ed4
E067,107044,slice_029.png,93296,1187022bd3fe992d096305d15a44d8dfcf0a1479a87868e978decbb6d91de239
E067,107044,slice_030.png,92901,9fc73c8a42c72812f9c8d983754878ccde956d929cba73b9727f2e561d11adb2
E067,107044,slice_031.png,93724,654e5158647310dd7bc896cfb06e166e49019ce256bf6bad71e22d870dfcb951
E067,107044,slice_032.png,93962,fcd3e1acd92f16f563121f81a4312cc6552f6e32f1951cc43ce5d86eab5544de
E067,107044,slice_033.png,92384,7acbd619a0cca49260282b1a37c3f4169f2415fd31aabc15663b1a10857f5c93
E067,107044,slice_034.png,92543,bf8bda3c2975485bd1a2ca0b99cb6fc04ff76bfe64d0226e77dc950045e6f0d6
E067,107044,slice_035.png,95441,1308591eff97c7d847e50c6b334e41539468990078848ee865e4df8b9152175a
E067,107044,slice_036.png,94459,729a6e4a9c63cbaac0666f1ddcfd5cc9e54bde89e61b48bab59bcecf6621350f
E067,107044,slice_037.png,93248,13234b4cffb136f4e281274100710d127943ce43a44509997c6b1044d28bad51
E067,107044,slice_038.png,92904,64b168e8ee9429f5f076fb86a61af6b855645c72ef76de7e64c15bd0e5f7fb43
E067,107044,slice_039.png,94000,f55cdc5ce21015035afcb996dd3bdc5aa69d6af1d181d81976104e5b7a084ddd
E067,107044,slice_040.png,94434,1c4dca92f31e4516a756c9898efff65aa390f548086e77b94435d2724981ab71
E067,107044,slice_041.png,92312,0b33dea778ba12e9b850538bedbe5c331e8396d230251f3ee4e1d9adc653d6ae
E067,107044,slice_042.png,92761,dd0bf17a45697f91cc4d3e9be0368e37ab81b06cc65b24614219164e0ab0bab4
E067,107044,slice_043.png,93748,6badb22b1f53f7072a74b367e4c071fccdee4eb7452c5ae1ef553d2c3b9666e4
E067,107044,slice_044.png,93238,8786f55a0b1b35b93b3f78768d71f1c77747f83f794ff2bf4b6be7441882f503
E067,107044,slice_045.png,92903,e6746d9c602267feb9a68f1638143e351855fe9cb45d521be962a158c8db43bf
E067,107044,slice_046.png,93188,4aa44e054cd1589a0e493e25ab752f14b2a198f28aaf8aa0ac743a934b1bcee6
E067,107044,slice_047.png,93725,3e9a826ace0ee3c9fb7f0c33c4f3420600c9730370eefd1189a7964a3acab821
E067,107044,slice_048.png,94485,1982cd41a12cf1a799e8bc49029215304e675095a4ea1b0f16b53f2617b6264d
E067,107044,slice_049.png,92976,e5c0d009eff85243699a5db812e954a15a5b1f3267287f41a78955135ad7bee3
E067,107044,slice_050.png,92755,3081c963c345a7d8656fefc657cb285beb6e37e6800e6a74ea643a60e16241d6
E067,107044,slice_051.png,94632,de4b375daed17fa76d5ad94e87ef062934d63089d8223f5334769b3e6cb070a5
E067,107044,slice_052.png,93744,6ffb018f6fcd8a621a8aadbebc8574f611a9614036e341616fcd5911381ab12b
E067,107044,slice_053.png,92475,f292806a98c36b66bd3b456f694054a08c55875efac5ea42208e71e188dc6fd7
E067,107044,slice_054.png,91962,1bae4e4487e4c65a7cb130dde1bfb5157fff8ba1de724f202e6ed2d4fa10d07d
E067,107044,slice_055.png,93286,9b694ae38113b570c5a45325658772d1b220e27b8b46a3e179e69df3e71feb36
E067,107044,slice_056.png,93347,a8934e287ceeedaa305c94e8cc109f62038c78cd51f3e0c1b94ddb8de1314dd8
E067,107044,slice_057.png,90702,cf501e7569b635752452180de8e34371e4691e492dd04ef21dc7d0acf78d960b
E067,107044,slice_058.png,90887,f9e657d154a39e0586652de5b49028f9e9078fed5dbe992b511eede841361e5a
E067,107044,slice_059.png,92373,dbf86acbf3df79a4feadd72ea91e5fab45c118fba1ce67695eeabae3f3b66fe6
E067,107044,slice_060.png,92632,4229e8d37f67c2de02107da102e1548821752912778b72251b9dba9ef58831f5
E067,107044,slice_061.png,92000,6fde3eaefb9bd2d0923c5defc968bea9d42a976b16df520c3aa870c1873d2985
E067,107044,slice_062.png,92214,69f756359b05504bff980da7b89238b63828b5689dba41f716e6640404facbfa
E067,107044,slice_063.png,93604,f244ba375a84296129383304236935edacd7e83048ccb09031a3b9d011f46836
E067,107044,slice_064.png,93949,ed602a15519b1e5a1858126ef4ed1ca01dc5daa08f95f45ec187807978a229cb
E067,107044,slice_065.png,93098,23808a4fae910446b718e0724c91bd47178ed10fa19807dd3977f877aee4318e
E067,107044,slice_066.png,93311,f1a0daac7cb7ae4d141fba3c493236856b2cb7a3dcd20e0ef9de8e1b0246cbc9
E067,107044,slice_067.png,95294,1f8af6d1e20cfc69e2438c7c06825464647620389930ba2ff3e9cf381b214421
E067,107044,slice_068.png,95896,e0326109e19ad0e5bd0bfd53ea518b2f31879185729d7cae48e2f543f09e527f
E067,107044,slice_069.png,95236,c6e7fb2a6a0d607317d2ba163608a6c3e36c872a4847de4da8bd9487c9ab2da2
E068,212059,slice_000.png,59984,bf832f25d3a0ad9f0f417cff0aacfe29d01b05225d88fc15352267b615d76f64
E068,212059,slice_001.png,59546,e831144d29e41a99324eb7fce7040d37bacfb85f7c5dcfadf30bc72ff64d2c4a
E068,212059,slice_002.png,60172,b1420540b977b59bdf0423ed653d736b3399df08104f771b2afeafffa1c6e139
E068,212059,slice_003.png,60309,ced4ce1a0d1917338011eeab6aa058bd76defc71269f33d93e6664e67fe04064
E068,212059,slice_004.png,60922,917ad1adbcc77633f5d42d10ffbee6b501b7772258fa1cc2b6c8e9c2498ffd48
E068,212059,slice_005.png,61011,404db6fdefe6e013758bdd0ec93150f319d159ee08047e61494a99c517fce24d
E068,212059,slice_006.png,60685,7160980fb5c3c7ada7a4d1d2ce4eeb608a47d83ba0fab23211a1da419ff1289c
E068,212059,slice_007.png,60247,db488288d7496e4b7d5539b3ea454b1074d39d84a914699764bf3af273263631
E068,212059,slice_008.png,59039,25d6be76a86190b2524a777d11bfdc25db3ca2e6c4b1b7c5a4c166c08c6148b9
E068,212059,slice_009.png,58158,412bff8a5287ee6b37536738f1995ce50a7ab3924b09721623deaec600951316
E068,212059,slice_010.png,59046,02e8a8b110b13c676f1d11306f158cc4e815e96f3e35b008b52d9fc36be91789
E068,212059,slice_011.png,60623,87082e0279ab7b1389398a993064f8bf174039fa35bf85075aa251489bf80e4c
E068,212059,slice_012.png,61049,562ad5e990f5c52f74f40300127b1328d6be5799171e44283b6322942e274d01
E068,212059,slice_013.png,62087,4bc9571aed0d22411a62d4298216e5202f52029a72f860b0644a9c157235bce1
E068,212059,slice_014.png,62470,51825d8a7bd6dfce65cf5ce8b750f74001920f09f6f7b72205d048c3ebdc78ea
E068,212059,slice_015.png,63271,160d69a73283819ac9944eab461569bc552c3bb94bf7f62bc18fa9bc2c731d80
E068,212059,slice_016.png,64702,a4b17febf9e7a60d376feddb9c1ebe5eb24dfc7ccc93ea727df316092a54d276
E068,212059,slice_017.png,64960,397d47dcdc6f3e1ac245ad37a3108fa7ba0c32c2413eab9bda5ef885c29cc16c
E068,212059,slice_018.png,64755,314f5a99fbbe0190d703178432661dabb520c11e5c9d513f5b9045152299e346
E068,212059,slice_019.png,64464,45b2f4c43bd89037e996a5572b9eeaf08e311f1cecbe13c94648567b1a7d0964
E068,212059,slice_020.png,63657,3d89141bdce4138c3c6412732cd314eeffcd0b065a97116af30b923da8ec6a10
E068,212059,slice_021.png,63710,ccf7acf22c0f4f39f434176d763f5d8fe00081827c8d868f277d26a31f2b598d
E068,212059,slice_022.png,64208,02a2ac86bc113dc646535f93b5c6a86feb350b90e7c9d9a3b7665499b8ab2aaa
E068,212059,slice_023.png,64277,a1f2609714ebf5f651bf8b4f413a8cade08410256058cddb5bb344c86bd76f24
E068,212059,slice_024.png,63586,d867bc46b1a06461f1b28a23aeb06f5797a92a2ab77ec394070a89015a025511
E068,212059,slice_025.png,63264,c908de5e10c41338f794a947e50e5040536ef866baadca1f4bd92f0ada116e32
E068,212059,slice_026.png,63049,ccc31fad2f5814eac575535c8badb97897dc2f73955fcf40170284a1c3830ef1
E068,212059,slice_027.png,63076,bb8b03f2cb24d9de2b6c3b9446dd0e423291f9f724f823a179d88f54a2d54c02
E068,212059,slice_028.png,63501,c766cb47aa2adb941190adf36b34dd44c0d1afe926557b6a88590d1219df74db
E068,212059,slice_029.png,63014,3c5471e2984287c4aefcefd20660f42af8bea986bbb04453a92eb160e639b472
E068,212059,slice_030.png,62545,4d28aa5c8bcf29d23108035739d401b10a08ec64ed7bdc5c6d2ee6fb0ed13f77
E068,212059,slice_031.png,61605,45fa9f1b5501ddac79d6c7326d1da9aa835b6c694bd79086781a79124d000434
E068,212059,slice_032.png,60995,f1a80711ec58410de3887ec0286d5b14b258c87e07dfbda97a7f74c15b259f01
E068,212059,slice_033.png,61178,4590e4d51e6ea665e54fed69aa1a4e6710c5375efecc8bd14b832f8efbce0e37
E068,212059,slice_034.png,62043,586f8b16baad85f7177e42de488deb7eaaac78b3d1dbe40827f0053b36e131e0
E068,212059,slice_035.png,62545,5f975b432f0b55571f1ddbbbbd1298cc279b53d39529c90b483fe6f475cd6ac8
E068,212059,slice_036.png,62736,083f86aeacaebd83db398bbca388afdb345b09004371b9301dc671e9fddb5b38
E068,212059,slice_037.png,62640,862fc772f28eb5080cfd2c407c6981f18119b5f2439613f32dca142ce2390be5
E068,212059,slice_038.png,62136,44c77c1d4ca48a4a7c8b6758e68996acd4aa8e11a60b8e28f3e6b8bf4c242223
E068,212059,slice_039.png,61660,c53ebad628a3256a3831228062348cb19d6af474f7bb5e4e6da09f32ea252cc6
E068,212059,slice_040.png,61652,16c4dcdeed035c5e8a6e827c146b4714b9cce95a0bcf4c408ca53f7575df291c
E068,212059,slice_041.png,61153,1654c0a620efea6b5258dc47ff233a1368189b694b41950268fa0b14071deaea
E068,212059,slice_042.png,60974,ec2235916d858e986b440ca132d8f8d70b0acbcda5743fbf3f8664be01456c51
E068,212059,slice_043.png,60906,34ff1edfe9bc6e61d7a83f97985686cd1c0c83ed90165e0009535bbbd395d453
E068,212059,slice_044.png,60725,8e4ef75061d81cba0f52c354156156f8c7a3d141da464fe33af667ecf5df49e3
E068,212059,slice_045.png,60752,33d4ce64657608811122b1ca7c7678f2609290ef57da286e720434f6f469c38a
E068,212059,slice_046.png,61441,aa368adfa98038fe4c2c27995e769862fe7014146a3568f59b9aabf4cb24ffeb
E068,212059,slice_047.png,61463,835801b74dfd5348ae37c08cc98333b32cf10acb0a6177251b68f75337f0da61
E068,212059,slice_048.png,61516,289e33360bc4157bdd07ba0b9c73358669255c88fd7e169d29f828d1e244c595
E068,212059,slice_049.png,61261,4ddbf44e6ac6dfe2727b02aa64522ea8d516c3cfe8fed7540e4d357b2f915e9a
E068,212059,slice_050.png,61206,e1b0f7b4a01b47e2fb031b4f5e622bea7c05f5df1119fa69b139926069ea3589
E068,212059,slice_051.png,61692,cf5a7f09614a2bde55f3b6774f2c7c28a6aed59fa53a587769838100eb1d872d
E068,212059,slice_052.png,62077,314da736d602ce03eeb2cc49b2bc3df1f2487dda675e5c67525aa978e03bf8be
E068,212059,slice_053.png,62722,440e089ac602f76fc580dd04aa953f72790983c88f7245dfc307be1ae820ac95
E068,212059,slice_054.png,62812,342c449de59af87ff8b1383bb67129312089ded3ade864f00dffbcedf88b92db
E068,212059,slice_055.png,62687,6475385a6837a2c18ef61ad1b464d6a973a5f68cda8abe473fa6c7d843fa8b23
E068,212059,slice_056.png,62674,0e6fa6f29afe7244e05fbb279f9ddf4474d0892da69cfd61779fd4f9047e8c3f
E068,212059,slice_057.png,62713,756d55d55761cd9a2392b9c1fa4475cf682a3a71c2bca1f705d5d6e229b2c81c
E068,212059,slice_058.png,63215,d1c5d91743077dc6fb5acfe023e48fc52803ff17456b6ce7cbd171cbd882c0e5
E068,212059,slice_059.png,63775,6fdf0c31bd4b866c77071f5298b6bc67470f44612b32b61ff45d4711645600c4
E068,212059,slice_060.png,64009,d34a36512037a84c2a8530d031c4d7893b2154305b61f802d0f625a9d3d096fc
E068,212059,slice_061.png,63399,7827ad1bb44d2cfa10486c74360502d9fea7488d46d7a062746f329f3df14646
E068,212059,slice_062.png,63885,7641169892b1129239134b4584925a4e8ae669021370698a7a17038906e3ab1f
E068,212059,slice_063.png,63780,17fc79ad22e4ef758546b45fe1462e406ab77104d9e63d15aac29b06460d8124
E068,212059,slice_064.png,64390,5e34d1390a9532050c04808a0183964d8c6f6326fdf5c5515d982ac94563b251
E068,212059,slice_065.png,65702,7632c8717ee0418fd99c8e8de17b114147390703bd0e7c81b593bcdba5fda614
E068,212059,slice_066.png,66970,46a511570a22a316d55f405a88a129a26eec505b314f206615a2de7b24fba258
E068,212059,slice_067.png,67892,9075784103bb9dc244b4d0943b324c8e9c4745442ee9ff49ba3aa4cc7065ea3d
E068,212059,slice_068.png,68719,83f09528a493b96a2e7094a1a947aa9a1b38ccbcba217e2f343d8dda0bce7b18
E068,212059,slice_069.png,69436,e416de41894cbdd7d71df98b67016ce29cbd78b7fb1b26957e634ad84939547e
E069,100858,slice_000.png,122787,403deb83cd11b88e68906e72e852619d5d0a26c85c496c7e7ec63afdc72b2a81
E069,100858,slice_001.png,118501,0a6a910cb9dd4d77ae0562628849f1f9d429c1f9622ec7848d351d09c240b04d
E069,100858,slice_002.png,116500,3f01d219c4e1ab596842b8141f886b47520e33ffab0b66474c8734a2bb2dbfce
E069,100858,slice_003.png,115607,4d69524e12a7ca9ee54fdbb1cd8d6737cc0e833752eb6ff79cdcb55474d3b08b
E069,100858,slice_004.png,111318,16c4efeffc187a6254b374d618d87d78fe9ce19216253bcbae63e62e07f065d2
E069,100858,slice_005.png,106868,39c08ca1a2cc2455a9e7c5b18615d97c42c229d2f586e365b07a4b9735555f7f
E069,100858,slice_006.png,105950,af7621d2e88af7146edcbdb8a6f5bfd9da83cb82175ce114410aca27b10aad6c
E069,100858,slice_007.png,107355,c7fc5d907b752b0a4f8320e1be49143a1a8ffb2b974805c941e4e93080f7fca1
E069,100858,slice_008.png,107490,63fd022414339e77a0675017513689838f052e799eb8d64ecaa82a25937e2e07
E069,100858,slice_009.png,104665,c38c406c0cb8fe8d9752e9fc7eb30f565fe3409fd6003c009011ecf0cfdd0a63
E069,100858,slice_010.png,104051,b60d3a9667b018c3d9c54087d172d707d3dac949a6641597a3c7578c62e9126d
E069,100858,slice_011.png,105793,780faab1b6fa8f90833a2f76f6893e8dcd18c81bcdc9f1bcb441fc8432a9bead
E069,100858,slice_012.png,104351,223351617dbdb1d2d418050c69f0c89f2d7a94f15c0a358e97310f581915d480
E069,100858,slice_013.png,100987,a84823990959600c116cb58f9a6799dcdf5f23062fbb7ab624e89f4aa54c7957
E069,100858,slice_014.png,99682,8ea9e3390f2033c68a2f92114343ea40c9659a8c4a530c5e3dc4c62167d44a19
E069,100858,slice_015.png,99977,5934ea405dbb1f310002d85eda19346caf85be60f85b126227be679a546cbb25
E069,100858,slice_016.png,100600,552e0bab08fd6b84d92adfa3e6f6fe7499db7c9db95179e20ffa125a6909f943
E069,100858,slice_017.png,99422,ebc00c7e5d3aa2ff2ccecb1c8dfd1bfae2a21864f51396487709c0a51847ab09
E069,100858,slice_018.png,99826,8afec2eb4b3ba27fb4a87d73190b0f7241680dcd018cf928219b864ad351de7c
E069,100858,slice_019.png,102297,fcabb272596e6aeaeb4d9030bd9a3a8d2c399be451a5a40bbcafbb3fb7aeac59
E069,100858,slice_020.png,101762,b639959c8f7c043b17c7bfba7858cece773079cea15b8e91348c4061dec93920
E069,100858,slice_021.png,100242,4fc8e7c3dd1e05696fa5a75a4f494cd4c769c616e6096b397d9c28bc60b911a6
E069,100858,slice_022.png,100798,08c454467625a02d91728d17139a678ac1491d197a57bbbe84e90b33bb8b2335
E069,100858,slice_023.png,103079,a4164bfa5c45eb2f249d7e71e57391178cc2f554ee6277e7bb561ebe4a1f99e2
E069,100858,slice_024.png,102946,592b21a7e810d144be25e72f5f74b103a2f8b046c765d976f32999703c92f484
E069,100858,slice_025.png,101079,66d4f7f6db85b0097cb27924122992c6130d339c24436e9675db222c7c20b328
E069,100858,slice_026.png,100658,80e74fe88613cc8466f966fbe7d3140d5bf14384689c9d86f9119259660689f2
E069,100858,slice_027.png,102016,485d75f90398945abfbf6cee5da7308884b167c47ea959acf0d281616a33c20f
E069,100858,slice_028.png,101296,68142abda5c1adb93bb0443fec44bce94109f52debe02ff4ac59270507f08368
E069,100858,slice_029.png,98309,31ec841eb0b85afbe6c1f887454fc10ff996c3b53d4561123c5becae8adb80b4
E069,100858,slice_030.png,98317,f7f12cc5599fde7f8b60c7afdc0f8eff0e5cce67c5e7f3b37bdc933a81a5723a
E069,100858,slice_031.png,100074,db7797002b82c02e2a1154be037b041342fe13993f2755d110e4e81b24cdc4ba
E069,100858,slice_032.png,99813,f96c7190103dd89b1fd58bd54ec080fe187fdf60a001db6b31b309755d7bfbd6
E069,100858,slice_033.png,98042,44c1f2f263ab6cb8e7f930eec240b2f1e1ff3bb1c93a75ff8fbdf5ebf1cf9653
E069,100858,slice_034.png,96743,23607f1f5b6530b684ece8da2e8c1f52674686d3a52bff432d384bba7fe44d1c
E069,100858,slice_035.png,97781,d5b71920b6bae3a52540632c6620ffe973442dda0df98d17ba0a2d2f7484a2b0
E069,100858,slice_036.png,98010,8bd371b6d1aa42416157ac43d4032feac633dff6d7aa9e7828922f695e1c177a
E069,100858,slice_037.png,95857,11efc172dfb46a90c3bee4efe6dde4782acda27c782f7d5ac2b81f3901895ba0
E069,100858,slice_038.png,95692,f2be46302cc332f6e6619a46655e7079a83f6bfb60e1f2635bf47edf91d31e12
E069,100858,slice_039.png,97383,79308f94d8686db60395cc2af7562d1569976533f6ce4b627f3770203b4c0980
E069,100858,slice_040.png,97159,ca0e4d8bb1fc0d00b47986ad867b60e5ebddd40250fa7b928d8029ce128331ff
E069,100858,slice_041.png,94884,00f3eb8e4d531afe1056ab94714b53d384c9c01d6c1c872bfa110f829a6f5957
E069,100858,slice_042.png,94646,ebd02f7a29748e689a9e0110faa5ce98cb7eb7f7d249e9687ac06e2f65d26578
E069,100858,slice_043.png,96413,6efc82f156a4f4755295b7f752808aca754cb325fee4ad6fd6de233d7fe77360
E069,100858,slice_044.png,96451,5a32c798763e0548356e474c52431c39187bcdf005dbdfdbd7a97a3e017734a3
E069,100858,slice_045.png,94506,54f2cdc0859b72048038a91fcbf3398ae9e5779350a07ab8a901a0db3d433ace
E069,100858,slice_046.png,93819,473f39876ccc6a08a5256eb60dcb7a2b0b9e78f33c1ff6c40d3a366e643a2fb1
E069,100858,slice_047.png,95196,354cf782ee121e0d854c35449f6b88581dc5a8cd3228dcae67b4d5ce9541f725
E069,100858,slice_048.png,95543,4ed79a1273889c653fab591b9e7d4f52e2329278f14a08c3f56529438cfe72bc
E069,100858,slice_049.png,94413,215206e4b2cdb2be7c4d0bcf137b698d5ac710f53b702e06359b123dad9fc624
E069,100858,slice_050.png,94993,5de5402f9dcd66b7d4a00d96dce2b189d793589164c1fe2c2f02ace8bc207717
E069,100858,slice_051.png,96613,1254316490b3262ec1cea3687cf9d4ae0f6104d8fcfd35f912378e19b0c7d2ed
E069,100858,slice_052.png,96788,f7d36cfe65dd183c21658c0f46647fb6422d9983e092812af450f059634f68df
E069,100858,slice_053.png,95140,5dfdcee89579a02147f2daf568610caad6e3da5f260efc838ecb37d9da8bb55a
E069,100858,slice_054.png,95209,1cd8d4de57d78106773f3410fb6cd48ccd017095d6768c2c76df69bde460f2cb
E069,100858,slice_055.png,96781,e6feac52b5958bbe1fa91a9b81052bc8b60d9b7ff3acd2f7352de886cb598708
E069,100858,slice_056.png,97357,eb4a945bef8a0c76d7e077800db82c1933e2e0f1ee13a7a8e19a09fddb790c5f
E069,100858,slice_057.png,96126,bd42d1946207ccb75c5cc7900b4b155059e972b9d9b1088951244417c201d9a8
E069,100858,slice_058.png,96131,e5c676e52ec60744a92e83d278bc90b48ad9f5891c840ae042d5c63d6bca65f5
E069,100858,slice_059.png,97738,ab08f62f451e1fdd3415ae16d28a6edcf7e7eb5144166e6b612a289aba8df893
E069,100858,slice_060.png,97949,90dcc35fa319e59829963f03367c8c3cdaccd823edd82c7980d3c2dcffa75797
E069,100858,slice_061.png,96375,f337d754b6a977ce1911661f08f992e30d7c58d5604aad233ca595d860001057
E069,100858,slice_062.png,96916,1aa5dc73e6e97cf3b4c052b92a099e0d5198f1043d42a8f5eedaa3354a41093b
E069,100858,slice_063.png,99595,9f0044a8b660d2aac6831537dd770cee1ff13c4732588d855ce20e21353b2ffd
E069,100858,slice_064.png,100649,f459e0242ce1f08f660a567b05816c48a3b4558b9c8bd28fee61fdeb21abfa1f
E069,100858,slice_065.png,99381,b801970c4cd5f15d70779efb86d452ca956b3154ac134254b706dca4a01f1982
E069,100858,slice_066.png,100092,47985c6ec91bba8977a9f0324fdd67d0bbba2d3b7b508e8d1d9d40c8be8b4068
E069,100858,slice_067.png,103072,f26ffa220be22625cc1de440eaa72b631131b67c869eb6ffd9beca8c78b6d365
E069,100858,slice_068.png,102983,035ef2927ba0dd04fb249e57a7b23f98529ce18f08f66412eed122cc672e3db8
E069,100858,slice_069.png,100327,2a83aee38c545faf69add2de71d9e21f39d9ab6db5c9e7b654a606bf1e75fb27
E069,100858,slice_070.png,99872,d47e7bdb404e51877f40c80be0853b4c09df68fe35c8a3f571a33ebe3b21e0ef
E070,130268,slice_000.png,80336,312d5970330133423f71fbaeec73b147e9f19f60c520c17a530a4fafbab7b45b
E070,130268,slice_001.png,80176,5e30caa1cb4349e6b8ac2703f3e910667d8bd69332f1e64c3e6637cd318458d2
E070,130268,slice_002.png,80355,af1d7dc999e2ae908dca58d1d9f37e595935c274c1a3c2094c3e6b8810405c78
E070,130268,slice_003.png,79798,efd93fe79f39b78bb9203af3e99a51ca886155f49edf41c6955c4cd0d2df2c43
E070,130268,slice_004.png,78966,559a8440c89171deef1230940d78d2b95e805492990eeddd5ba7a13412139c7c
E070,130268,slice_005.png,78122,9309a4d93d82adadcc043dc72e9cee328b04fddabe5d68ba3924072c4aebfbd5
E070,130268,slice_006.png,77276,7deb42178f62194110554533c564d4f2eada31905cac0d3491c73b0866dd9e66
E070,130268,slice_007.png,76330,d87d31758b95c93aa0ec051ae3def953b237b21079b649ce73faf49443458290
E070,130268,slice_008.png,76396,4c4dd050bcbc8f9fd712157fb41c8b2f3d39c476aa9e2437e8fd19c7238c50df
E070,130268,slice_009.png,75413,d756561d73643642f829ad4dd6656cf9f010a40436b579fede8d669f72221a08
E070,130268,slice_010.png,74335,af1dc0214d3c9829085a188b50033be8b4b4a083958cf47414b896fdcdd46e36
E070,130268,slice_011.png,74035,8ab77fefeb6e4f4249c8447c8479a57a0061d12c1025a9e1be94b1557d2c731c
E070,130268,slice_012.png,73620,2b7c40c213f6aa82d26e38f0e958e07bf8cc70f7dfe850bd3a08bfc4a7a136bf
E070,130268,slice_013.png,73788,953c897748f2d2dce76e0187191f394766e79d7e7f28bcb3eef218569c40925f
E070,130268,slice_014.png,73739,aaba71ce1baa05105194d0c7714d0047f6ef1ba80f7d2e138380d7cf56feedbb
E070,130268,slice_015.png,72735,23671af20299083d25e2db46378001ab9eed6932f90de4d04a899eddded78e9b
E070,130268,slice_016.png,72399,12b47e9ca19a5520474d6cbdba08db7b4f24b3040603e8bef478be9133bd3e1a
E070,130268,slice_017.png,71970,c446249fab4f6e047864207fd3db5f88e86704ebff067d973b0d6bdd099ece58
E070,130268,slice_018.png,71018,9173d93376dfca6688761fff3720fd1c035e7aa5cfd427e16bdad72ed10e59c6
E070,130268,slice_019.png,70300,ad21211b37dc117dfd4c90377d458c229c0477393f1213525d83fd8f0fa9de3f
E070,130268,slice_020.png,69674,68e3d10996ba6a4cee4eabd850c804099d6323a3a50c9b85f476f80c42682b14
E070,130268,slice_021.png,68628,9450717e19287d6708a3f313197054a104d7c0fd84466708da6ce06ca842fad3
E070,130268,slice_022.png,67817,4ee69293b3d772ba0b65f3ed0670701fe1154bedd6c7bca368c97bae54c98173
E070,130268,slice_023.png,67691,8e46d32612f81eb09eb3f35b9e382b01267ae6902f596c1c8d1b8722a7f228af
E070,130268,slice_024.png,66883,543bb82eb0039e85714f3492928d3455287e79d8c7756128d68f695d75b0596f
E070,130268,slice_025.png,67192,181cacba3e887f99aaab6fde99c8736fb755b3b64d99909fc79ecbaf5ddfafe1
E070,130268,slice_026.png,67280,01074a79934bbe7889ab5bc5cd3ae0bab02f4febf37805e4344fd688086f5e80
E070,130268,slice_027.png,66502,bcb46ea7a9d0681c3d6c61cb2fc39de1ee22a730eafbb2f1f266d1a9c54ee547
E070,130268,slice_028.png,66382,8cfe74f0e98a5b104a9d0affcb80839997dc3efdba1bdb36529903c85bf21d10
E070,130268,slice_029.png,66428,d1986a0a4428837df6db3d721cd3c18e41bc174d06c80aa76fd88fb65998e6bd
E070,130268,slice_030.png,65469,2f3689616481056ae8f7ac9cf83c76e6363ccb45b3ba75ae4893ff26e855f1e7
E070,130268,slice_031.png,64993,58d56240b7489364b2f13019bf4afdb16e484740365ee40ebd92062c84c68efb
E070,130268,slice_032.png,65448,d4be1b86291d6307ddaa9cab445fcbefd6737428758e812df3c0da0ca2615291
E070,130268,slice_033.png,65834,19a7ae0456d04f8437928c7d10ddf84a0948b2465f3909d7d3f839ce6d3e8517
E070,130268,slice_034.png,66102,5f58500c7614a777efa5d7abc19e71f5568f021c1f32aeedc54d5f40090217cf
E070,130268,slice_035.png,66345,243a67a3454673ae7f75e6b2f5bd74072c5736369651861f279ebdde44dde392
E070,130268,slice_036.png,66247,42e6f6ce00e61661ed49c67e9bd33ef6b0f05f89fc05946f14dbf4f20045db00
E070,130268,slice_037.png,66186,cf662ad7e4d1c3c91a5097b6663142bc5c6769c6ba0f902f9bc9752670d31d3b
E070,130268,slice_038.png,66753,87893e857ddc1d028e4cfdf9d46c0dcb7400a9335afee40832e57eaf9cbc7b44
E070,130268,slice_039.png,66444,c876508cc4391411fd45505f930047b40b2224197c453fb6ccdea2260a9f26e1
E070,130268,slice_040.png,66384,d79000f71a0cde0f43d1ab8545b08a98bf51679e704be0ab69692b25607b2b29
E070,130268,slice_041.png,66408,bb6a35f0f32dea77854cd96129563bbf1f180ee0b312707866e750d96e29ffd1
E070,130268,slice_042.png,66696,823568ec699718f5f7639882cf8bb858aab58a48dd0d4f9fb6bcc3b03f042b7a
E070,130268,slice_043.png,67487,7b5abdb9cfa392e22aba23ccba624bb256185d96f6f9cf5b4aa12f8a065c3305
E070,130268,slice_044.png,68201,701deea21e13caa85d44f4b7061abb09444a3c214d49abdd4994af4604f0ba48
E070,130268,slice_045.png,68013,093764e169798f4e615266b7a83da99db06aa792871383978fefda6f5d8aedd8
E070,130268,slice_046.png,68080,9ca2dae9154b6f29912bfd5c8034eca3c3e02dbe4a4cb92bc827595e7706136d
E070,130268,slice_047.png,68322,08153dbe48970eebd000c3920f01a6a6e78aa5684cda9026575a387d14c5f286
E070,130268,slice_048.png,68071,d936d3c74908a6911a54e88af983f05042353c11bc429e5846079a1530a107d5
E070,130268,slice_049.png,69076,0dc659581abec946c62f90bdd3ce9a4a34fc84ffeeaeb89e5d63d63c58089ae2
E070,130268,slice_050.png,70451,0ea9c0c9475e091c7881df90e909adfba6cca4cdcb7c3dd10bca4030eb72fa88
E070,130268,slice_051.png,70483,96a0987fb17fdbec336b03beae0ed46e001a19ba483ce31c1f4304c2d172b3f4
E070,130268,slice_052.png,70600,155b0013427f394b3e3622f68bfe0b6e90561d5183d5370c54c4c4d5c0741ae9
E070,130268,slice_053.png,71686,f0edcd9a119a83eddfef85bb24cae3e550ab59f780998dc8870c7c98f39ab608
E070,130268,slice_054.png,72195,38be3863465b07cec57d7cb05e2cf9cbab9ae09c473f96a06a8465f3e046f770
E070,130268,slice_055.png,72812,20a1ad776e467e1a1e845f22d458429e13bb4ed5161257c66233402531ca8873
E070,130268,slice_056.png,72644,ec5af87b81bdb868b527dc0c78133321abab9eb956a0ebb56237abd31131f618
E070,130268,slice_057.png,73288,e3b29b2999918828080e716e7ae7908a631be4786d68c2623bf6ae944427d75e
E070,130268,slice_058.png,73541,141798b83752efdb6df9e86c789e55613ba44f86ab7def7cbdabe084734f2780
E070,130268,slice_059.png,73270,9d5d652607048c093cc537d1edb03e424beb1e7cf45b4fa5e3fe803192e05fb6
E070,130268,slice_060.png,73531,a80127b275da821479f7a373f6b372164fdd5e021c621283b24a1a538d9a2161
E070,130268,slice_061.png,74245,83f2b53680f33e855f07419fff6f587ee96e2ac77fb343dba854884987c2bf14
E071,131268,slice_000.png,67242,1391cf018bbb2c7f2b750ea1e7a1d8ddcf24bdf66278d88d24a328d7926706ea
E071,131268,slice_001.png,68017,7aa0ccce85d0ecccd089852cb32d084caf106a3745a0022c6dff2937132c2030
E071,131268,slice_002.png,68758,e199047b46e195ae1cf8a0aa252d4fbf5f4b862c188f4a0f93e84bcb9bebf6a4
E071,131268,slice_003.png,68176,e86bc1c4b5eee01bab1f525a42716153f55aebe889bd62d68accc3eca756483b
E071,131268,slice_004.png,68127,33af98790011528b55895d0de6521968d330253b04fea61aea33cdefd8a0229f
E071,131268,slice_005.png,68396,b7cfec19608c4c580f084e230eea4a8b8811e3e6e58b24d04b943a3f7738c67f
E071,131268,slice_006.png,68974,bb236a89ea99054d8451d696ba8d9602e03c895e420f24d85bf9bd41e09f3bb3
E071,131268,slice_007.png,69100,b70be42fe75b84e780579ef3ef053623ad9cb14d11eac6d4d12bb8522618a79c
E071,131268,slice_008.png,69088,e8065bd61259b2b7fccdea672fc396d2a5826bc7328f3faff0edccd4e4faf67b
E071,131268,slice_009.png,69752,3b00e32643df5dfdc3c57adb4199a0df4e727a78b38223de37cc38f5ad653300
E071,131268,slice_010.png,69428,f0dc9d709dadc035476789e012e263718ec8250a40f0fde9ef153fbfa1ab49e0
E071,131268,slice_011.png,68921,7488314863ce7d6a1bd387879f28df71131955e14936ed5dc4039f481ea7b12e
E071,131268,slice_012.png,69533,1d00c24b3c68c3ef23c0f9d5a40307d2d6faa1ee5ae1e33fc6fcf617bc61b708
E071,131268,slice_013.png,69697,6ce108a98870cf0d9d231fb8e85ffe1e444077f7b2ec11f8bb6ed2c2c241948d
E071,131268,slice_014.png,69812,1cf317693bce040215ac253b417a2f829d7f8bc55086270f4fb3dbb52543a832
E071,131268,slice_015.png,69744,089b27ce48cba43fc4a75c24d6dfad483941afe05fd72850d7bc85e3b52d4dae
E071,131268,slice_016.png,68792,074bbd3aefe3d5fb1027120b1d8d4e78e9849afd5f84d5b6b89614ecc82102e0
E071,131268,slice_017.png,68728,8cafc61184672e4836da66020e960d6876e76bd5ddd79bb7d21340dc02eef6f3
E071,131268,slice_018.png,68836,b432cd1f132159454e331bd190361620405e104e5ceeca4f8f1f26c46d7efd61
E071,131268,slice_019.png,70056,caf76a94211741fe9b133c3090b232f9519693fe271d2941d50dffd9d11e5022
E071,131268,slice_020.png,70806,b845964d9bf1e664079120126d067b3a27f6e647a425f8672dd0524795bc7348
E071,131268,slice_021.png,70815,3821e4618854e2a7c05d16a9651b4d6383712dfc28a4f51ca440a159dc471bbe
E071,131268,slice_022.png,72187,fb842f0ba9bacb1838cec8fad7f27feac40abd8a8827dd0b7256b29037d4a79b
E071,131268,slice_023.png,72061,7f0098b5a8935f2cfe4eadd2b4a224fdad5ad96112bde6d534600ec7cca3a064
E071,131268,slice_024.png,72258,b6e79e787c8768b00525ba95bc3b8a804ebfd9b682e13d06e0df94b881367c47
E071,131268,slice_025.png,72838,ae04d1a52bf4ddfe95b29435e0a85be937b47677f243920b598f91adfb88a247
E071,131268,slice_026.png,73377,a0a0c714d79fafc0217d4c753c6c912337e5148dff1559d7bc303c854c3f5a94
E071,131268,slice_027.png,73042,619a24b3d1c6bb2b606e37956aad131d4a09941392261080f4e731ef98db8502
E071,131268,slice_028.png,72980,1a910e5d5ad3b68fc9b9eb83e35b6e40b23e9956e5cb48c2aed8feec15f7bd55
E071,131268,slice_029.png,72590,2d12ef327cb9f397594778b5ab14dfb57634bd78b3397cc079cacffae5668661
E071,131268,slice_030.png,73817,d9afc56c433f25077fa1f8f365716a7d28d5e10a6a427556977186a241766841
E071,131268,slice_031.png,73756,b734bb8b4dd0267e8b1363eea883fbfda42631cd13a4b6ba3551ae001b5235b3
E071,131268,slice_032.png,74626,a7b8f98206ee7e9a6c00dc0e703f3a819632cacf8e37363e76834ff6f65e3d00
E071,131268,slice_033.png,74996,7bbf07ac3b432213d4a2eadfe50dc4059c7bf34b0d126d09d66196f7b323bbff
E071,131268,slice_034.png,74508,c26dd2dd8ddb16f62e53b9b373580cfc6912ff8aee59b3b58443fa2ce75ccd62
E071,131268,slice_035.png,73730,abc086b11389f739bfb61d1f09216758d211a7a7b9bc625b0125904ecbeb6543
E071,131268,slice_036.png,74052,a32dc4929754df6c052cb0a0669ad9cbed3567227089cd1ffaf4f6b3c6c79680
E071,131268,slice_037.png,74783,f1e10bdfde74a01d9794715634f24d9d8f7ab6ee113919822748442a446bd9ca
E071,131268,slice_038.png,75318,01cbac10c90ccfac24881bf0e3d2d58a3cf79e206564734463a7090f3c44f14d
E071,131268,slice_039.png,75483,f627efe482b801a54aa8ce8c6cfad9f2975bd63fd6a8253b706bfb7fa0d07fd8
E071,131268,slice_040.png,75004,f694dafc47062c608c14f22811f43bd64c8f1bf1c75f9b077e64c735859b0d95
E071,131268,slice_041.png,74750,f94826d6850dff907d01900d7d10bb7a4ad64dd1524e4c3894502e7bf69f546a
E071,131268,slice_042.png,75534,9436b543493a5fece368afe240b7a037ebe71990c5e58a62251f848d319f6b48
E071,131268,slice_043.png,76726,8d3ddf5f1d968dbf7851a9d2e42ecc24b143e84f5ac5effcd2469bde667243a9
E071,131268,slice_044.png,77732,1db210e42d014d91c25fd2c8505c5f90418b0b94d06f2f1d0240a16579a95c60
E071,131268,slice_045.png,78623,21acc2c4e5b4cfcf741c656f965dc00e69fec827309ad7d01c79fb19722f0184
E071,131268,slice_046.png,78832,1fc6055f27c203d8920dcac21efd0e045833ce4171713f9efc5db9de728d37fc
E071,131268,slice_047.png,78513,577d23890bc7ab10303ff8386a2b02f72d3a9b960e6cf4377e6f087ae434bc24
E071,131268,slice_048.png,79003,ee33eb6bb62ec5d651c745df12a4de900f7f9c0d93c47fed96de6bf7f2fec3eb
E071,131268,slice_049.png,80354,d97ad1e0d0b0331b3438ea38d5c96ad3fc268645145451c1b86a472e00d1482f
E071,131268,slice_050.png,80855,9a1c6564452086ed28098ca88d060fa30a629d01c59e04bd79ecf5a3a12cb970
E071,131268,slice_051.png,81722,3b588e536c596193bcd87ef746979e6fe784f5ca20db727e1d8fc2901c6f8f71
E071,131268,slice_052.png,81725,7b1b0d307e242cc51a188f3454198137c43b8149bbff708886f3df9b73054d00
E071,131268,slice_053.png,81148,d8ce821f5952f8ed75b9b6f15a14d6931a04ab4e557fc8214d3d672f67483bd3
E071,131268,slice_054.png,81522,76ea0d6fc1a665577818d942494dadace417423cbf22cce89d7562492ddd8d57
E071,131268,slice_055.png,82624,93a28979d49216fa65716281a80b28b3ad04ab981d5f431b07b979e54ca31fc9
E071,131268,slice_056.png,82531,1ae7dcd0549f8b2b84aa36066426c0fd2c9df49cb112f3e288949db2e4a24925
E071,131268,slice_057.png,82520,1296ad4f686633cc520eb50d74cd806bd795e095c935dedc52cbfc26e962dc57
E071,131268,slice_058.png,82192,c5e89b95821a6d4d1d6c542a922c2d4227a98a47977614bfc092774c57d11fbf
E071,131268,slice_059.png,81993,ecaad4279503d6cf4f5af15053bb34509cf3677476bd01ee3e099dc0f68be8d2
E071,131268,slice_060.png,82731,8383f3b0690316168214fe1a68e9717da31e7a7dee13432f3ab07172b6ec3eca
E071,131268,slice_061.png,83916,177aa725d4904036472ca8997db6f2a18f655424e1cb60e55bb82b40059593fa
E071,131268,slice_062.png,84443,31026ff2c4dc95810c5552dc4ab0db755cd8ecd2ca1433dd1e48f45294fa2c05
E071,131268,slice_063.png,84905,63380fb8ad57ce091e82ef44f37711c8388b2519a2cee9aa1e879eb3d27e6084
E071,131268,slice_064.png,85531,7a9777fb2a51deb252ac82772ff882e4803e73aff5bfe0dbe4cf75598d7a4de8
E071,131268,slice_065.png,85542,784100c9a3955701b311fba8d664e09dc4f9eff95d8586d9c4e251528e500fa7
E071,131268,slice_066.png,86280,0fd19addd34dff805e93485d0995d2c0d6529b0a407a3d5b3b8b89452f1d7148
E071,131268,slice_067.png,87583,ec327a5ef9bbb7fb316559d2af0ef05d6e5fa136e41079657bf2e08644dcb578
E071,131268,slice_068.png,87666,26ae5565b6d9201efff8278ba91c5da17625340d43d7962209f8ca01bb897f8a
E071,131268,slice_069.png,87890,784da4f0450f6d408ef7d4e9ad8045ccb6d959c5a59ccf54bd57d3f7678f915f
E072,118365,slice_000.png,119872,b31dbb4341176f4ef3ec6e239c25f1e3b331e0dc1aa5408e457e3f6474b2ae6f
E072,118365,slice_001.png,114290,214619a0b5f04192a3ae76e881a60ca1733beb9aebd8e86cbbe728f5016a39b9
E072,118365,slice_002.png,112614,06338efb0a74493680dd6e82b4f5c39fab999b70b092dc1449869f3e8623d965
E072,118365,slice_003.png,112685,543da553c7085755fbda8737a72806cf79c9386b36e48b728551656d8f60c0c3
E072,118365,slice_004.png,109460,b97f951b0b0bc292a7d6b9f6e8f9ec9ad03ad8eaa25aac60ecbf6ba0a9e196e2
E072,118365,slice_005.png,104027,491e9e7fbbbc588185534380c2e015e93add02b6b4df2e3913c21afb8e1f9818
E072,118365,slice_006.png,100578,ba385ac841c4bb6ef76986adc143665c463b45186ba44e2bd18a447cdcea7734
E072,118365,slice_007.png,98854,188b9806680739736828c48d1a9f849ea7dd5b9f86cc6c11021fd8cbc98c4c60
E072,118365,slice_008.png,92112,9ae8687efc984bf564f3aad5ec9f639379d352065b9cf66877eba4ddd5aa96d7
E072,118365,slice_009.png,89185,ef2d65f4efac8d69fc648bec78dd7a033dc9db14706e9d4733a69ae5bc8daf29
E072,118365,slice_010.png,88794,96e5c2c3f4d34056258405713058cf7ac75481c8f2d4a1685eadbe2717401ed3
E072,118365,slice_011.png,88921,3f0ecd86531049f744bd9372af22716e75fdae78ef273ec0df3277537074b2a6
E072,118365,slice_012.png,87335,f1d7cd6e4c292bfd227fc99126a40cfe0eef43b75ac106847ddc89c103f557d0
E072,118365,slice_013.png,83878,8a1b393095b3180745c3c2c942f1959e93ccd3d78451c563e396bbde6ed6846e
E072,118365,slice_014.png,82591,88d89713727251c46776c4978522974c828a1c668cb607f43dd78fcabec389c0
E072,118365,slice_015.png,84113,e4b70bcb19b14a91ff8ab4130a8370b2073ad63220d82114583ef1b3fcdd800f
E072,118365,slice_016.png,83969,8b8e528c07274b318f0b7bccdffcd69e8469537903ccee0394fb6996d093dace
E072,118365,slice_017.png,82775,167ec795c83c353ef3f1fbe4ca082d0b16608a0f3db8a5e6cdfb0a349b0b0c12
E072,118365,slice_018.png,83122,6f543e0513a712213a1428d8caf86862cb2d0d628f58d7a6ad4ed99667679b96
E072,118365,slice_019.png,84467,97c2659fce034e6b1fc289b1a31f016ca0086d7ef01110ec5923557c2efdce8e
E072,118365,slice_020.png,84600,0b14d2cfe4a842fba591c0239b386d83436c571f544e2145ea9d33f057c68fe2
E072,118365,slice_021.png,83309,2e887a438b737c7c8e98245d0cf9ad900e07e59f8c9e646ca8d7096e2e44171e
E072,118365,slice_022.png,82822,ef84e5574e74ea1e4af81dbf052b59335460843e5d600bf4233150121e9e130e
E072,118365,slice_023.png,83968,8c8730c10902d06173d8e7358a44f2b9d60854f29919e88cdd3312f7cd9ab27f
E072,118365,slice_024.png,84315,6676a31d83de084e6c372639f4cef0ec709fbf3e663b29a2216e11b5f36996ef
E072,118365,slice_025.png,83508,686af85e4ee9a30bb44c2852b60d67657296e07aa6d67cdcec5a36fb2aa3218d
E072,118365,slice_026.png,83275,c508a4ca46be70f214fa342ed6bc1746eda85de0f9b8ae26c7b1583d5c6aa52d
E072,118365,slice_027.png,84361,d268a317937a44f6a2b9576fa216f1f039ee69408689440849bb4cc1fa4ad7ec
E072,118365,slice_028.png,85359,30079b493bfbfbe60ca27dd7aee4751a16b260d78d306ed340ee0d3b06cc96a3
E072,118365,slice_029.png,83825,44074d7bc781fa24f8c6da9616673175bd5f9de4404eff4e262fc60ca32b09b9
E072,118365,slice_030.png,84535,a6cf2a039ad78403cd5eed14ed6138639a379f37b356e96711bc69ac6179b06e
E072,118365,slice_031.png,87872,5ceef8a2fa356f99e7ca622262bb7f1daf7b45df1a6b3dbe9277747d5c1757f1
E072,118365,slice_032.png,86062,dbda7892e767740e050bfb1ea596c4463f0791bd4752c7a9a90eebfc73fe8159
E072,118365,slice_033.png,84243,e7cace2c3414cba513ba54982a9fc0832748292faec50d9b5b8b5a3a3ba732b6
E072,118365,slice_034.png,85677,cfb35339a9de03b55da7cf6eb5534b2767811c15668fe5fdd2dd901e35a5858a
E072,118365,slice_035.png,86815,6f4074b304cce5474159619a644ae12e64476de647aa444748c2f35a2f0dcce0
E072,118365,slice_036.png,87099,234374c906587ae2af5d9db85fd95cd513692fd999e1e557bdc0abcb9b3b0737
E072,118365,slice_037.png,84787,2ee9238425f3f09da23fbfeb519882e2c4345398043a4967f43787eabfbc8862
E072,118365,slice_038.png,84974,5129db0811751868f1f5966ebc798e4809641ef13e74e23fe08c1ffbdf7ce0ba
E072,118365,slice_039.png,86037,4a9d054c4a55a34eaf02e352929028025bcec8d5234e2af2a730356d143cd2c2
E072,118365,slice_040.png,84473,faa1f1237ee1a90680f05c319f9f35e6753b2440470edb0d61119b4a7cc365b1
E072,118365,slice_041.png,84048,1ff4f30c0117eaed456454ddd93a5f4680c157cb7196c0cdde24c9f0b6a6a370
E072,118365,slice_042.png,84134,932d6b265f93f1b6e827f36ffd9f606b54617f5886de54c14a13b5d2a56bb032
E072,118365,slice_043.png,85006,15714bfd6108bb02beebb7c4a4d3eec3df08456eb788e3e07a72a370b0c0c8c8
E072,118365,slice_044.png,86982,5e3e086cb92d964212cfafb4718626e20e080d4a948a598f6ffc0ff29e240acb
E072,118365,slice_045.png,84680,ef0ed590e87965d1e94933c18fa1a5fd0262f1a9c88cc5d4f6d3734aa6119038
E072,118365,slice_046.png,83911,3a9e1fed993bcc74186c73abf5f6d3a57a8cf40b53e9f0f0004beda7bfd9cc8f
E072,118365,slice_047.png,86356,fb2a2778f959f94f6ea3d30d5ba6640ab941ff584d5afd78055792d143c897c4
E072,118365,slice_048.png,86121,631e5ec71303307a7570ab0937b3840b634279660c4013e332993dfd35d5571a
E072,118365,slice_049.png,83965,872f1231b6f823c5ff1cfd3db95087bdba74276f74e0737bd8b29248d10cd9d5
E072,118365,slice_050.png,84137,da14f9a6201e8fa1923826b1951d0a39484aae128b80043c28c5dd8fc0ad7b13
E072,118365,slice_051.png,85827,fe7a6a4eb7200be92d55a50ee74302a45a8a14ff85dc36d0d26c70d09aabb8ee
E072,118365,slice_052.png,85658,c10321c475a1395e7034a83e76effce158dca64fa95df6c8edc518ac006ac67e
E072,118365,slice_053.png,84596,af53ec3f23c9c7c22fca40700bd3ac01be04f510209afe05d738f2495cecbe7e
E072,118365,slice_054.png,85119,e995ced5bfcea1f4dbcffbdb6f1f6a961c61240751d9aecf4d2e727f171ed905
E072,118365,slice_055.png,86604,4b637a907536ae0fcd50da2d8afd653d954d0cda6d0eeae14e4c5c24b06dea69
E072,118365,slice_056.png,85625,5a5bea519b2ddcd02343919c234556cdc9232dd483f5a1770926ccf9b4b13c3b
E072,118365,slice_057.png,84131,e161519fef953c79cc8f5003e91c736c634906b4f2db324acb939b07c15a59d9
E072,118365,slice_058.png,83739,c7a4ef9e07aac5ef998d97b117b7e99eb2d8bb5e31d25e3b3005e546c2b79258
E072,118365,slice_059.png,84614,85e600813542f2302ac06494fe46f15ff4a193616b0e39c4fbee25e5ec178127
E072,118365,slice_060.png,85672,d76112ec063a2c4092cf4a69c45b22991c6f8b8d23f9046901401d2dc7b859ed
E072,118365,slice_061.png,83093,3fb202879da32c6f530bc9f55416fe004e0d57fd77ce5df4fb0eaaa8114221e3
E072,118365,slice_062.png,82937,296dc8622ac00f94b5147c3f2066a08ca37bb8ee02ae220e3e8263e1a879d0fd
E072,118365,slice_063.png,86124,61cd61edc13deb660c3b8899169f1d2cdf226ed942f46459697591b219e2e1e8
E072,118365,slice_064.png,85377,675b5052e9f3d4bb12bec7d1386df9c4a9f994d4846bf7e331389a932e60e916
E072,118365,slice_065.png,84130,d2d2528bb3eecd1101450f74962029909b24b571524aa122245906d0491d35de
E072,118365,slice_066.png,84650,687d84a9c1838f51a7975542be85e920ca76f7514ee417ddc220eb81c8cf07ba
E072,118365,slice_067.png,85882,be868951bab05040bc437952ab7b9b7394897d4a9ad66db03c9eb997e99a9c19
E072,118365,slice_068.png,85742,ae1fa49f64c69632fa18e9e3c5112a3ee5d443b92211d13ea24b08e45ad57e46
E072,118365,slice_069.png,84709,d908f708e493408bc5ab49ad8fbc4eb950432949d37e7c3fb3f2097d1940b228
E072,118365,slice_070.png,85201,e92f3b3495330601517f1e5a0ef5ac576b408248a469e02d6479489bbee04489
E072,118365,slice_071.png,87988,024df4027147189d0b560a566f342031a7bfce6d9baed80de16ee1b22edbff49
E072,118365,slice_072.png,88591,b3d282d9eaef76744c6d5902712ff781e1581a119d37bc459a434226595bdbc6
E072,118365,slice_073.png,88513,b7d7f8520f6f12ec280c492b908819d478b99d3e47b5dd9b35f0679b02ffeefa
E072,118365,slice_074.png,88924,0f2f917ae0c86fb04c54b32c2ac8b99ff5a0d3badbdca519f4c75d3ec0781998
E072,118365,slice_075.png,90911,8130a81f6dfcd7823106342130589b210c7107f9a246babba56457fc9c5bb64e
E072,118365,slice_076.png,92994,f6664e2cb6026cf22cb6a9d944e92530cd695853dcd81c73f103b86d5d57d4d1
E072,118365,slice_077.png,91487,184d4165c27652d32337471b29e1a5b903dd3796da43e7b5d2ec14414fc24019
E072,118365,slice_078.png,92766,5adeb73581b38a3a504ca1f17b2f7e623b34ba12d1e56783824a8567aa457bf7
E072,118365,slice_079.png,95758,895deb913bad062e535319650e03f1755832efb37a1e23acb62a9007c16840fc
E072,118365,slice_080.png,97796,35b00d4e3bc89c163bfebe47d6b26aa381a893f1eae3fbe4c6427526ef71ae4b
E073,117950,slice_000.png,90325,2b65287b04a95a8c04478ebb36b1dc426c1d0020c642272e3de10998cb592cdc
E073,117950,slice_001.png,89453,1478dbf630455ec77b3a30c0d4b0d8d4d04543c64c7ddebc16badd03955d9046
E073,117950,slice_002.png,88182,14b1c3215533da91ac18d5f9d6e12b2c1d5c6a81fe1fe5a2b137ae830414fe4e
E073,117950,slice_003.png,88569,480e82e365b0213170db0459db80ab5fd400c48496e579a3ce6b450a25d386ed
E073,117950,slice_004.png,90187,529f50c927b9a6604723c2e27e814c7e14f90e51341f8e1a36cd1a2e62378831
E073,117950,slice_005.png,90213,2647aca8a5f4a2834afcf0ce24e56ffbea611249d757d90cda8197e3c87fac75
E073,117950,slice_006.png,89954,6ec0371da813ff1cca1418978df3e0efd53018218e7a92f548c6137c9e7ab866
E073,117950,slice_007.png,89409,525b46a4cd8055783075f70d853dd68e9669f76f3a41518abf0813f3743bb2c4
E073,117950,slice_008.png,88019,c417ca6f758e5ebbcc61c7dd6e3d71f98b5b94ad0acc0e3eea7c87dc4cbee21d
E073,117950,slice_009.png,88830,3874fdc428cb7c4b427823d6a7a223f615922bee2be48948cbf1cc29775ec83e
E073,117950,slice_010.png,89849,87acbec9014c7bb326774a16b272243130f0897508493979dd2eb9698d079ed5
E073,117950,slice_011.png,90901,2949194b54a62f17b84050e213d0197c51a2a6d107f444569e04cf00ede57d27
E073,117950,slice_012.png,91537,5d0f600aadcde9b665de47b725fe7eee0a50bdfccd4bb6a76bfcf5dc830ad7ea
E073,117950,slice_013.png,90726,1738f0dab3b0ccf00c50166e4dce46b12e963cfaf262bc9028ca2ef25e284fbe
E073,117950,slice_014.png,89621,c12da583a03bd21d8ecf268a260a297db34db03dd37693d333286bdb0469c57c
E073,117950,slice_015.png,88937,2d19dd521af5c035b4272a83fe5d503972de7202a4d58e43035e0e6c81ff273a
E073,117950,slice_016.png,89132,ead267be09e739b0fca411c77c77afc65e2a34271c9a037d72ce6a1cf3194fea
E073,117950,slice_017.png,88861,cbb112656d5b74f227281435225fc427a093767aa2f3307454703a6c17bce536
E073,117950,slice_018.png,87730,07fd1645f7966201f470378c3105c1f00fbab8af211e042aa1ddae763913ecae
E073,117950,slice_019.png,86428,aa3cb3c1a954ccfd58d17ddf5dbb59083824910ec1a971301abfbfd4b725e1a5
E073,117950,slice_020.png,85290,aa2224275811c7ab0bc6bea3bee840327173b9ff7a4414491b699c9a922117d7
E073,117950,slice_021.png,84505,1ab329badcc9f69e21c6cf7a1fd9fbb868d12df41d3087604d6b0ac3fc2ff1c1
E073,117950,slice_022.png,84595,a7dd895038f27c2cd74070cf3b6b7df0d990651d7c4b5de7648a465fee6eec68
E073,117950,slice_023.png,85930,2a93fdbff34acb7e75df2cbaa1f0a06fe2c38d1da948d051625d0bd99472c1e9
E073,117950,slice_024.png,85224,a2ef4b30c5213826d6d5587ca93c5fa467dd14228f6ff76e9ba56cedd01d7dfe
E073,117950,slice_025.png,85356,d7e77e81a52b516f2c99090181611543b0a58f9d4de4106cc47e82bd5738185f
E073,117950,slice_026.png,84832,7f653177c0e6c496d68ff8241030e5b8f1eda4a125882d8fd585ffefcc9514bb
E073,117950,slice_027.png,84220,5b52bd76393678be1fff90fe22707c3ed85a65b658851c54186cf45c1ce4cbd5
E073,117950,slice_028.png,84001,8c067bdc8e79f99da2be7bbc8d337b4937f322e4a4dc68a8db85819ad0256b36
E073,117950,slice_029.png,84081,afffed6d74f51a6af0bc3da2010b048c6539f43f1ea61785e83926d96092d4fe
E073,117950,slice_030.png,83320,c55a1aca445652fb1d75e987b54f5d82c32a3feecd951df7285672a3a8b52642
E073,117950,slice_031.png,82650,3d38ef10b24a4540f5b7238d4933473716be4042261afddca21348450085ae3f
E073,117950,slice_032.png,83357,10df632c7071d038da4a7f6e48c4b15a62a7d1bf35fb0abc57683d0feb3c98a2
E073,117950,slice_033.png,82508,b2e59ce45c72e7fc19fa1db81d65fc1c40282b1ad1f9c48df9b6be0abe6842bf
E073,117950,slice_034.png,83657,dd5353ed4e6e1816476360665a6b6fa106a0a6dc36ec0e7fdff7aa2c1c7063af
E073,117950,slice_035.png,84895,dd8b3b0272e42a9832817a086235ab0267c0074050ab58e7a6d2c6f9daa2a8a6
E073,117950,slice_036.png,85335,855dde1403d781cf87900d2f9f0a42ec69030780daef97d6bcefefed8557ca67
E073,117950,slice_037.png,85520,929f63e6e447e11c25185340c191dee5c51c303b2c739a26debdd87ac8a6f2ae
E073,117950,slice_038.png,85433,a71045f839f37b6460095bdfb3d4636ef969bd3b47d379377b6f119cfca57ec1
E073,117950,slice_039.png,85234,1b3d3fd9d062d3fcc5abfb8de1eb24bbfb5242d281ff117a5ca65b4ea5360ff0
E073,117950,slice_040.png,84848,a3af1467ba878cbe8d34debfb210ae8ff2c82bcf6d196f8aad388759ed1fe1a6
E073,117950,slice_041.png,85741,706bea5143a62658e66b20f37d85c3ba187407143fdd4d272cf76696da363b2d
E073,117950,slice_042.png,85971,246860c9fde52eac7b354da5064dc1320a835fe474f1f831abd56735eab72527
E073,117950,slice_043.png,84866,8b9b1706945cc6c944a60df06e4ccc96048f5fc2bced2e137ef1c442acaa152e
E073,117950,slice_044.png,84808,dedf16822c659420ff7d09fdced3800e48cc977a2882ca486553ffead2cbc777
E073,117950,slice_045.png,85058,4b121bc04c3df1afaba908c52b1a8d94fe93867dc31d3108168c8e4d915c0ba8
E073,117950,slice_046.png,85439,92626de8828dd0bb0b69ce981a4bbe8312da05cbf72cd2585e83e44b00446942
E073,117950,slice_047.png,85474,f1123afae394649dabf9ab12693953941e202fb1d08fe2ac4ac93099b450ec5d
E073,117950,slice_048.png,85877,efaf7f5805fe007c556e1ef4cc346019e1a119582f69851b25501cdbd2e2efff
E073,117950,slice_049.png,85932,3e9b5508becb8b33d7ff31713b50ab7145e2f8bcff9740fd1f45cffd91b15a30
E073,117950,slice_050.png,85578,a5837bdde07a4a2522ec7b4329f6c6686f1c8d5683e266907d596522280f0360
E073,117950,slice_051.png,85285,b1a8980a76de0c3b3004ab930dd65f75b3ab56b63b60349fd412e1de55528d5f
E073,117950,slice_052.png,85785,b05875474c7c42c5c63c94bd17febf771cef492525b336d58bb068f9eb19245e
E073,117950,slice_053.png,86244,d411fdd3037d8d50cec690f5a5466adcd772146d10e89350737226aafad2596c
E073,117950,slice_054.png,86083,1eb5f3c2a31f74db9eebafac5f303f9ef583ffac9b42461f0771a469b0893874
E073,117950,slice_055.png,86733,6ca1cee63a393593c973a9d91ae687227d8a8d9dcebb1be50f798399cc2cc63f
E073,117950,slice_056.png,87225,4bbe3cb7686d8799bf161097fe7ed15034ff59a6fa80c4da174bb2085d6412f3
E073,117950,slice_057.png,87007,13b682cc721461434fb9ce35ffbb1aa678e94aae231064e32c40ca292f27bf9e
E073,117950,slice_058.png,87666,632975949c0d290b0cd5461c6aa15fa700447384b37196a84b0bfadff1557117
E073,117950,slice_059.png,88261,7b848738c15024e8336ccbcb3c8e4c70589b6ed76d3c69299519efb6adb1e43a
E073,117950,slice_060.png,88637,5491d58fe99539adb7147d9b2564f5020da49ecec1dc72a5c403f16bad4984ff
E073,117950,slice_061.png,89317,97828a006af2477410e44bc81f1a5f5ee77451077e037e9ee49bfd7afc139f3c
E073,117950,slice_062.png,90459,9ae0a1d834f77d0284e8a26817d09b27cd5025ccdb4478d41a08d6b31cc0ecad
E073,117950,slice_063.png,91174,61431b404e0b1ebf64ff991ff6f8f69d28125bae3e6016b554a2f8acdd7a9fb0
E073,117950,slice_064.png,92293,c58175c76df39a941037ba3b11b8712d4e46716c1aa8500fbb4b5eb62f1716b9
E073,117950,slice_065.png,93634,8cb648fb26b6b7e9b59fe45dce8575c1eaf557e3812710f726517d6d7125beb4
E074,218360,slice_000.png,62025,9a51f6ec04703e8d8f07a84f488bd72b95aa44683ba1dacd589fcdb021c8e0ea
E074,218360,slice_001.png,61052,9077d8474a9a93b61fb39aef9e7e4caf57172f1b1289d774999bee2136db94f0
E074,218360,slice_002.png,60145,a4e71f226c8c73cd583e25e0e3dba9815299c982f55107de5bef1d639415577d
E074,218360,slice_003.png,60285,65001fccd3b0cc1055f16f6012ea2464532ae919846bc0f97c93b4ccb7586cbe
E074,218360,slice_004.png,60364,1959e14f516e84ba0a26843ccb76ba53a013998b25f3fd632894e1b520051fec
E074,218360,slice_005.png,60036,4a9484066fc92157c3a6e2accefa6db932d9387e2f33e064265acecd22fe2b8e
E074,218360,slice_006.png,60127,54855c67b1d5fbe43b94282f19e85c278da09cbdcb32854b367d350c52dc87af
E074,218360,slice_007.png,60609,d6b235c17559cc220f8042c984204b91b65b9451e4c232ebd865d1f649b180ec
E074,218360,slice_008.png,60507,1851fbf05fd0f434eb8155712c3107aea539d5d2a20bed216654d304b777622e
E074,218360,slice_009.png,61181,553f0637009859538380c10188928d89f7c31d17e722a2dd248d14f65797fa5f
E074,218360,slice_010.png,61995,f61d67af32d377759a8f545fb343aedc75095a539fa955f8f41a954407244037
E074,218360,slice_011.png,62263,7dbd13595f264ff2e2df3954b222199eba94625467dc60990834e23e4a45d50a
E074,218360,slice_012.png,62697,52e3bd1233baff50238f2cc166680191f478be21f7f964e350dcf0b8e9c38f76
E074,218360,slice_013.png,63631,623adfea400af337aabcd1370992703dff8b7dab1cc671ef8937c9a52cefe08a
E074,218360,slice_014.png,64450,e1f074ff8045fd5caf526edbfd298cd14b1ed2d2641f35998a186f16ca37b236
E074,218360,slice_015.png,64868,357428a7e251193792ded80137450ba030096f3d7e4e06e28f48a230e937c9da
E074,218360,slice_016.png,64897,646a4de09ee268701a981bfaef2ae595b3490e9c307ff2413a6cd401cf996ed9
E074,218360,slice_017.png,65712,550ccfde297f63b7eb28559eff35504c702abf920c74eef6b99802440cd857bb
E074,218360,slice_018.png,66480,eb69df30b3ff27e102c6986d22cbb18fb1ea5a1891c13f10216547232b95ee90
E074,218360,slice_019.png,67750,e495d9171c263807709de9ce314b45280a8c0ba164bc07b016ea56ef562166d9
E074,218360,slice_020.png,69045,efcb3240252097a238f2354e23eace9bc4fccfbab8d6ffafaac0a61846eda1c5
E074,218360,slice_021.png,69928,928eba8a6de79028f944c86227d1657e0786b6b71325c4cf12202bd4326dce76
E074,218360,slice_022.png,70727,d0b88182d6a7d2fb88d38fcea0616c7e4e2bdb3ac19b16b0dd7f4093913b243c
E074,218360,slice_023.png,71119,6f1dffed8bdad97fbe88d6de76897a6cb8f3b4b152a009b1989d9b1b7b17377c
E074,218360,slice_024.png,71593,2c47d63774ba497b1ff24a121a03029df810c6d644a5290bb2074e13c05ac391
E074,218360,slice_025.png,71359,0808dfe572eaddb18e69fb21d8abc2060ba9e9f3c262bcddb47feedd93d64d77
E074,218360,slice_026.png,71110,e49c28e8753e990b3ccd3773c0fb92de84dfdf114d23e63d0ae511c4272830fa
E074,218360,slice_027.png,70740,7ee6f801d0477c1331e48197ed690123264033be88931c71425e6b58e6d43333
E074,218360,slice_028.png,70909,993c55c3eeb70160702d93d7551c26fae0acdeb0a1920a4db0926c94f66b9183
E074,218360,slice_029.png,71612,816a2c82821672ad3ee2de54be20544dbb8ec82e77bbab7a2144ce0180e07f90
E074,218360,slice_030.png,72004,e6ef2ad6cbb4e34c4f55af47cb1e2155a7d91cc40d59058fcb35ed6dd3b02c78
E074,218360,slice_031.png,71527,6bf86f2be728c05180998fc0e3f7394c03da1de6f8e9030edd04a617d915e4a4
E074,218360,slice_032.png,70928,3541414d0ba7e37b448bb0de347c5db1f9c05676b2c283fcdd7efb2973bf7754
E074,218360,slice_033.png,70730,79a2505e1b2f4b37edc7767b69f67ed95a057b2a63eb3fac227aa475a9d775f5
E074,218360,slice_034.png,70460,8bd49829ba9efe99226a07552627c6c554596cbf98bfb397c2b61bba70222b86
E074,218360,slice_035.png,69951,00756b1a6076abd405b5d0a6984046e48a143c44fb6822e2beb4d9947bc7a818
E074,218360,slice_036.png,69728,fa34c7586b730656d8142f8aa00d76b00631bfb2442537c3f6835d9deea20b38
E074,218360,slice_037.png,69063,e4951d3e940392b1f9573c123a18bbfe623882a245b26ac5732f3e31bfaf8125
E074,218360,slice_038.png,69706,2fcab69d99beecd70c233ddad568c12aa522ee79a3d928e12f1ec3c9319fd127
E074,218360,slice_039.png,69878,53a244fa9bf79f72a08e5046916f557af64c8c644ca3d5e5eae7e203060e87a4
E074,218360,slice_040.png,69935,d9c40850bd248c00c739d712451440869d23083973ae9854b3e60c81c9e474ee
E074,218360,slice_041.png,69960,8b1094f67a871beda79d6285603a7699e754572d2aa72cac24b8634cb7d6b67a
E074,218360,slice_042.png,69268,42bf7db2d186d13b569bfc0085c3d85343f35b0d847ff5120b0cc79f3e95474b
E074,218360,slice_043.png,68719,aa10f7e5d0f9b6fc6e295a0964698a5504ed20bc666d7469d76975eb08e5009a
E074,218360,slice_044.png,67973,3c4b00ef7c9d9fc6fd16e845ba19085bcfed5809b0a5e84653fd242dd19d7a27
E074,218360,slice_045.png,67427,c2b6b644bdefbbceefd0ff3e8f051366ea309edb60668a89f003c3b8145f6bb6
E074,218360,slice_046.png,67370,7f4628d55b466715c8d95b5fe5a39c000fdeb24373df2effb44708d0c178462c
E074,218360,slice_047.png,67790,27e78ee2487f249b3a4a52f786deadc3a40e817514349873f52004176604e16d
E074,218360,slice_048.png,68029,7db96faad9bcebdcdab76731a7a96bceb843294ace95f189a264867c1891088b
E074,218360,slice_049.png,68243,6e3bf6128fc01ec262b695c2917eeb82ee900629d2998e1f1306699a8b28a5fb
E074,218360,slice_050.png,68190,d141aa642e6842a10a6c9cf8d30edd00a1c779a30566198839b5173a2c80a103
E074,218360,slice_051.png,67463,582a4f59dc1833443c91538b05e365a91722cc22fd2cb159d1f5a7a0de666479
E074,218360,slice_052.png,66988,4aa165be235ab47dba131b9216ced71e8cb903de11dc9ace2777baa07450885d
E074,218360,slice_053.png,66997,92e359ddf025adba86c3e5221b27190ff6db74c3f8bb7c7d6f1969b5bf297fb4
E074,218360,slice_054.png,66712,4b8d0d748d3126dd507b94fc6fc361757d1e83da5c90f1fbb50d9635a2f2c1ff
E074,218360,slice_055.png,66526,ff47062f2be706093a181fd91418e698c7dff05a495a95fec6c414dae33958fc
E074,218360,slice_056.png,66423,f4cd77caee1e8658f5ccf118ff340800f07b5dd5dc1ed2cb02b38c71f18add3f
E074,218360,slice_057.png,66308,e2d0dafd52602d90e0af9f68677d9376515d7704d625b2f26fb0e6b8c8c69314
E074,218360,slice_058.png,66616,05d340ca493f43447bb60678d8a02b2933c3e7ff904306047accacb186d093dd
E074,218360,slice_059.png,66644,61b5cb9f4ee0301f2f6ab1d383611d49700bde7a9f51657cc37a34caccf0db07
E074,218360,slice_060.png,66613,81d6cf2848a921e3dc8bdb87ff80024d39ef63af62a0ca41cd83335d3f6ce143
E074,218360,slice_061.png,66686,e92acb106b7bd4197f2bc6c0f502fa26706ee5062ebbf0f2dae2b2df8fd4b5a1
E074,218360,slice_062.png,66652,a0063e5cb4e825f414917ee8d69a38a444ee2967e61adff17ed141f3a184ffd3
E074,218360,slice_063.png,66855,f372d0ce33d47448b89ce1de997862fcb3762f2f6cd593d150ec20c7da35f338
E074,218360,slice_064.png,66787,2e9eb5635ffdb11186c92c5cd0584e0dc01cef11ec7dd7ff736e24243ae475c2
E074,218360,slice_065.png,67257,f38fe8ec1b170166d1fcba1fffeca293bf424d8f5cc970bbdf9fa0c25c842d64
E074,218360,slice_066.png,67332,e3b967269b834c592be6aa70dee4f363c8f4dba4c1cdf433174b6f40becb9e28
E074,218360,slice_067.png,67440,a848f2d1567f6d72c6a5ae59042384f0a48aec49655da6c7ffb85c19a15941dc
E074,218360,slice_068.png,67667,377df6ee5628942d2f10018986eafea4965ace431dd307a8305e2ccb6614de8c
E074,218360,slice_069.png,68010,43f2b94daad38b1cbe3f962b8401a19092a4124b7dd15b6755989ed0de40ae6e
E074,218360,slice_070.png,68413,93d4ea3d08ad8a930aaa7783503726f3f4883af4f9197007018f9860e9a5e8a1
E074,218360,slice_071.png,69374,d34297261908e032a07f9028e05c6c69011ff874fa54ce16d40841f344c019a8
E074,218360,slice_072.png,69842,797dcaf091908e7a768f25784da2f4765b3d92faa17097df569a0bfbd6580af0
E074,218360,slice_073.png,70689,d91827e63911a0fee13af3a49a246cd30c0d1079d38439d66c5f0042aad879c2
E075,101867,slice_000.png,79832,31cd55d144a9f2632903cbf8661f05d57268c34542770935e0168feaed2698d5
E075,101867,slice_001.png,78382,5dabd79f0e7485978f03dbc1c2749d79375ab5cc3a3a3ac8af877632a8610368
E075,101867,slice_002.png,78042,8906f0338afac57a4fab9b6b554a2b97946255ef535af410f265831bce6629b9
E075,101867,slice_003.png,79340,b8edc0a3a3bc733773410ada7800d156a80d0e4442af6f4a93b6eec67bca2e21
E075,101867,slice_004.png,79341,f45fc314266cd483fa0381eb481a3424d71bf944dcb21f4f2cf313ae9678bb60
E075,101867,slice_005.png,77672,9ca9a767a293647eb986f623dfaa41706789c91dab186fdb11832d972b18e848
E075,101867,slice_006.png,78541,83ab079d46e54271ee74cd76fd00b4e23e61eeb14edd4c3fb855898844bab403
E075,101867,slice_007.png,79421,9f96260f692a1d186871996807772272e5ebe540c6d4231e423e9cbeb806f549
E075,101867,slice_008.png,79414,55e35d40b686f4488ce8262e2622e7957ea26414bb3c0be5023c5ef33d6b8875
E075,101867,slice_009.png,78178,c09889c08cf0d84b78beedf58b887a4ae7695c0e92b810fb8720130ee4207e56
E075,101867,slice_010.png,78475,88503c6ce6d6dd4c3f5ffc33e7aae2d5c5f32f7d7cc8ee49cef7cbaca82395c9
E075,101867,slice_011.png,81466,5ae5bc4c68793c7b22b92e0f92ba7bc96f8e5baa3872915ad8fce823b594d9c5
E075,101867,slice_012.png,81736,5d10306098a1773a2d7e1b0c9a25d9171b36cb3275ba9b743d8f174fb0d2bc67
E075,101867,slice_013.png,81027,be46c9a083cdab45ddc72f6895896a46edeb2c9a0c70b181d43e7cdb1c8e93f0
E075,101867,slice_014.png,80631,a95d1d10d8d8d2c086501c1b50f256a8574e55a37141d0346b382e2513b52858
E075,101867,slice_015.png,83405,5d0d838b4b3afc9d8fb0de379f1f5b574a714ae0936b9734d554407b38e5e5b0
E075,101867,slice_016.png,84318,6b5d16762cbedb6957968322198a5bf38dceecdadb148b2f2dedca6fd8193e3f
E075,101867,slice_017.png,83410,9d2cd9013e0f75d73966d0b364784dff00fc3c9bf7e8685c0a51f12b5f825f32
E075,101867,slice_018.png,83122,d577c40a7f4d615e27c603114ef015eb217d01732bbdfad794fc487c98141886
E075,101867,slice_019.png,84255,073d131caf719bde02a32d29f35d8ac1b787baa2c6e946afeb6f7bdc99cece61
E075,101867,slice_020.png,85003,1a6d3d6d30f4369aa5a675bc68278edf1d4e05b496a9d0a5768ba79af1187004
E075,101867,slice_021.png,84690,c9420d377394412d1afe723be9dc89984e28e1cb08de386d8a10a31332228433
E075,101867,slice_022.png,85379,a6028cbdd879d940226add27ef6c12614bfb3f517304baa2530bac29cb359491
E075,101867,slice_023.png,86593,13a94c80cc567d4feee54ee1ebf794312c5b39e3be3a2b27ae611a0e1cff5276
E075,101867,slice_024.png,87086,0217b46caeda42396c48a0db66e00f498bf01210a3a9c4717bc19fd88b2ceff1
E075,101867,slice_025.png,86799,3c9a8f87abece24625930e21b003e473695c5e65b89d8225e9cc6cfc77a81428
E075,101867,slice_026.png,86761,ecce197db03e1338e2e74eb7c3179adf5ef52551a447b883ae6776137cb15437
E075,101867,slice_027.png,87646,aae998e2df6d064e6a4cb2d43c3fe9a721c43c19c74b1efd29d6d93b815c3c9a
E075,101867,slice_028.png,87511,6e334da1802552f3a786048d9abbe1cb7fb517c66890811bc6c1273157d89ab4
E075,101867,slice_029.png,85647,e6d256da1e1e9528ec455049f1b77b16641da3bf4e12130f1307facccf6277e8
E075,101867,slice_030.png,85462,8da77e05055c9eee0c2c9ab128051e4aef81f9428dbe29b86275d2d2a5b5d8e8
E075,101867,slice_031.png,87734,c970a924d147b6521b470f91744f1806be5d8ea768638d3a7cac8103576c42de
E075,101867,slice_032.png,88203,956686e6d64337bb7a182432b11b7ba34e7ebaf4b798abd24f493c4d09fd4347
E075,101867,slice_033.png,86442,b859e51fc09c570f32215df0977224be57d2a2db877a169bd63b82280bc00796
E075,101867,slice_034.png,87210,349f609b92c64939945395535beef674bb3b64cf71b64341e63c7d740d0329a2
E075,101867,slice_035.png,88841,227b023f4a5d38333c2287de35ec9a0a2132c8afe05ad8a1cb1a17c25f63e589
E075,101867,slice_036.png,88500,4fb7b6285b4d43dc5a72150ff6cba0fca923047b1b7fa912734960b496d8b278
E075,101867,slice_037.png,87019,9d99a1f467cf707ea952e5ab946f9b79fe2147e8bfd73c75a217ffafcc5da26d
E075,101867,slice_038.png,86873,acb6f668ca13da5be01e24233271ae93d0d3cceaaaf8b880855888bcef00a22a
E075,101867,slice_039.png,87151,db1a0567e1774325910c35bf908c5a51a485786a23799a22cfe83bdf9a869837
E075,101867,slice_040.png,89373,8fc16ac2b53f9995355247090b1565273631448c0c1ef93c4738bb83d0510cff
E075,101867,slice_041.png,87479,d2d9110d7129c694620ddc4b98fd42bce9b16863d47d78f903f082baffdd8da9
E075,101867,slice_042.png,87161,3de12e0e0afe022353438cfef0c60035cb776fdffe550e91fe18c0d54e33da7b
E075,101867,slice_043.png,89682,d9f19e2530c6c8e181e30ecb50e2840d0af3b8bdc154bf69ead3319389ea8a92
E075,101867,slice_044.png,89297,6d855e9a5d24931017171a782d28c53e7e98f4f5ce3e44825896e806a98dc434
E075,101867,slice_045.png,88280,68206a493af0b6d3a8d8bd2cda3f7ad03b3f6aad28fa82c0dd9bec1b07fdae74
E075,101867,slice_046.png,88131,c91978933dcc9a59ca19bae5593204cbcd857befcd72cbe492fe3cbe575ed724
E075,101867,slice_047.png,89229,7a718cc82a2e6745fadbff3e025d23db714cf4ee5d43bb3067f01daa03c28f73
E075,101867,slice_048.png,89229,eb5b91569c4eb92de2da8681aeb1a29d06f295e87a4c0b6f51c4bbd9b1a24cc0
E075,101867,slice_049.png,86980,df97a273865d7a3ac3e36af765397ab02030a54da69cf27062af2e4d93eca6f9
E075,101867,slice_050.png,87600,c38ebf96a20967491c0d57f3d63a6bf32ad93fa80666d5883fe89cfbc22d981b
E075,101867,slice_051.png,90655,472f1fc5c90da60b73c3017f19d45917e03e4f4a093a70a01e0e0f3d99fa896a
E075,101867,slice_052.png,89733,063b6e40e5d8a9419c45f9f887b37ce9db10e15e032d9d6784b84a03bd65f39e
E075,101867,slice_053.png,89155,8a182ad3b3d4ce28ab6f9fce608276153c9472c45c80b8a396e475d51f99d7b0
E075,101867,slice_054.png,89699,5881b9e66f49775f5db444d1c24d7fa603594e42c2937bc5517755c28254a899
E075,101867,slice_055.png,90365,0d7d1a8012e30187392009cfd404dea031fca36106851febf00a2adcc6ed355a
E075,101867,slice_056.png,90543,7fe3ec883e38ef510e930f9957d92a50f5cc2e75927e3625f74674a40831363a
E075,101867,slice_057.png,88516,78136651ad433cac477d9b1d0cf6f24cf0108243c1457f579307eda33440cf9e
E075,101867,slice_058.png,88412,a28f08e785ef997cf87930a211db0a101109b980114b999eff33fd87e39c0b13
E075,101867,slice_059.png,90568,3c22a2be442eb8002fc586ac320394ce92461d5159220fad4fde35a934db7323
E075,101867,slice_060.png,91024,1fb4bdd99b85bacc8cc2301b8f3f79e3f1ddd72a80ccef224630eb2953963f08
E075,101867,slice_061.png,90852,ca1012c5d1e603fb90bf562b1c1a0c4e400edd6ad61f006b3d752f1e1900f367
E075,101867,slice_062.png,91441,a7c8d11e15018bdc61b1c7cf7a532cb60af77ae77540fbf1b09167e332defd8b
E075,101867,slice_063.png,93467,4e9827ac947b7a0fdc6d782045d814912d46866d7a2a0291b02b2154b7645836
E076,103367,slice_000.png,118469,20985430b753380d0cb88977ef7cb5b7df992a22d168fd07e2a4acce5f611b7a
E076,103367,slice_001.png,112635,406ebf9bbf340e4c6ec3d63cef8ecae3dd71f4f7c3d18819f5091fe1aa687026
E076,103367,slice_002.png,111461,a31934dba8ed5f5be68ecad36e72ec575f7cb97c5bc03617c0d4c1f0f742aee8
E076,103367,slice_003.png,112182,cd0950075d2876c22f8764d7198b7605b6aebdc530ecb53db05fa2ec85dfcb05
E076,103367,slice_004.png,110842,d15b577937ce94bc1b484cbf59d90974d46b551062bb779f09ff2ea149998698
E076,103367,slice_005.png,110428,4ac65e5f6f8da848bdc9a34e9d9a1b89d0fbc21d76952c20ecfde022feebf7d0
E076,103367,slice_006.png,110861,fcf7a1adc234c5827e31d0498e89cc44d246beb359029578a02e379f0d86adb4
E076,103367,slice_007.png,111898,b3b82352fc221a96bdfa4095ce9fc808e61852c127b9daaa51415cf6d65704f4
E076,103367,slice_008.png,110095,a888d5a15fb2680e5e6c8982d264b38c25370ea0c98c6a9b690c74ce49c5999f
E076,103367,slice_009.png,110206,25c347cc9e0c94e7c46d5c7d52250d10ee9339aa153499bf5bf9c325270068fe
E076,103367,slice_010.png,110848,858be3b49f1fdfb1cba6f86ccd840ded46a4889a2d1499600f525bf44c34956f
E076,103367,slice_011.png,111707,fd161a31da914ff916303bb2a959d490f6993d42493147fe66a552cbb2150e29
E076,103367,slice_012.png,109964,a73c143b9945961210ef0f819b3e69d69b9d258fd201a0a943c67497559e5fb2
E076,103367,slice_013.png,109779,2f480771b82fdb257d0b87aa627f6c5cfd53d3f7869458d953e3d7b532c7342c
E076,103367,slice_014.png,109815,1ac18ec06590212af4b2d01805a2f66909575c6bd26cd607e91497d4392893bf
E076,103367,slice_015.png,109836,101035aaf74956e5fb80eaab061d8f3629524a6340aaec514407a233608d764a
E076,103367,slice_016.png,108233,2cdff01aa1a7844ff0a273929fabf438cd1d5f3e2340806de46c8e7278ede7b4
E076,103367,slice_017.png,108074,9ecef759dc95965ede36d2cf16b270fa558b0ba88070d9ce73d665ddf5d1b753
E076,103367,slice_018.png,108406,281e120efa039436187a7ad7ea264af87f4c00ad7cf5337ec32701a3c12189b9
E076,103367,slice_019.png,108549,d639246e7791f7171c14b05130f8434ff7ed1573ef782ee2081f722f9bd9ed4f
E076,103367,slice_020.png,107290,b0d315f25ce86a9b08949ecd909404dc68c1b58299c7fbff7c82fde03983f5a0
E076,103367,slice_021.png,106640,8ad5f2e1e1b3c868a6484c95f56290745c0e2400f8ef1a0908839cd73005b3fb
E076,103367,slice_022.png,107349,076d7b432792ed26745acfc010a71a066b97642e352704c2a8f3d4375697bea5
E076,103367,slice_023.png,108064,c6442ee7659515b5927b68ed10d378cd299f0438550d728f5769e14252161cf9
E076,103367,slice_024.png,107285,eafad8b70ea79902035d01243691ef00671cb13a02d0c9afd4660871c4f9bea6
E076,103367,slice_025.png,106815,6fbf7d959845181624b66372d811581f451637488accffe724fa50dccc12317c
E076,103367,slice_026.png,107196,66bb4e73ddb6f675c15dd551b3f3c99729f781ce82f53db73b52dc0926e425a1
E076,103367,slice_027.png,106973,d320fa1eca93c6b8ffb17e76a9d55b2baa57902b510991e6646df99241573c62
E076,103367,slice_028.png,105323,f2901108a0e5abd539cb265b962b902065e63cb94b9164c08e0ec10a0341ba07
E076,103367,slice_029.png,105378,5ea801ca53fe01f3d013d1358382eee4ba7d277b6ca5f7ff60a55ee8fd85dd32
E076,103367,slice_030.png,105872,d560abb9088513d67521ba06fd3b924640547785b84b8212df0ae5b45657da6b
E076,103367,slice_031.png,106947,81e10e2baa8feb55d9ba4746fb3167734cccbd29f0e0f0309457b4a3a924f258
E076,103367,slice_032.png,106428,c9b63ecc30ee697549e1638d8de2a659f21c0bf208dad28704de39a3597665e6
E076,103367,slice_033.png,106597,c93e73fee6a72b06439746bc74f2974561873c6a55f8e2aca8bb99a7d9615c2f
E076,103367,slice_034.png,106494,d3f9f1e08d01a48facb3217eddab678ae9378c6b2923f48a7e37850c89d12bb0
E076,103367,slice_035.png,106626,c9d6f26b973aad517900b65dc81be9754784f50e2d2e6dc47878ce9e6f3c4f01
E076,103367,slice_036.png,104960,18cebd279ea67148eaea8f1a882495babe119c7d895dfbfc8fa8710742775702
E076,103367,slice_037.png,104782,ca75078d712426326e75e417062e8467c8307bca4fd6cdf1b5256f27ddfdbfc9
E076,103367,slice_038.png,105314,9c656b58b5a1250b1a27b2ad136f5feeb0abe3fe29658a3871b307b7a45a9232
E076,103367,slice_039.png,105472,65612cbd293fc8140fa5735087dfd6509a9955fa7f9eb1be3355e6f48bfbdae8
E076,103367,slice_040.png,105714,f1c01f5b2cd2779b07decb81f6adf080e94db9dc136501fb0cd2f5d4af54c5bc
E076,103367,slice_041.png,105947,9e497e1e02a3f509aaf8739a8eecacc23de9b1efc1c20809791070ac70bd4732
E076,103367,slice_042.png,107974,619b8f4a276c957077507f64b4fabe093309acab1bf53b999e0ff03822edb387
E076,103367,slice_043.png,108894,e5eef2e4f701e1818b3b93f86ba37f00aa0cdb9c4df66f9ff3c39a5d493c8665
E076,103367,slice_044.png,109369,909f7a2bdfec49f0637d4ff6a1356d15eb2927afa300d97fef39ea1cf825d335
E076,103367,slice_045.png,110879,d9fe2c2c4b2da60b467508518b01b280a5d9d90ee720cec4b555df9a6b4248dd
E076,103367,slice_046.png,112268,0a3bca7b48037ac412e4c7abaaed343e526335df9fa31826853582f425d2fe6e
E076,103367,slice_047.png,113698,a2b1dc1529c393c9e36a8a63ac856cf48a47d00eb8d1a58f4239ca80bcb135b1
E076,103367,slice_048.png,113972,8f963a8a2a93d776685410c728b17478142c413eec42fcb2cc54901d9c704725
E076,103367,slice_049.png,115431,550c8a9ada690024a1e29736bef27852246a38e083bbffcb3364991c29e03284
E076,103367,slice_050.png,117450,a78151728b80e5851d600be90c8c62f2e8ac3693d3b74174f7dee26308c27ce0
E076,103367,slice_051.png,118326,e483d17079d8c57240bdd5c0d093c601999417d3828e6f297d63808f505c81f9
E076,103367,slice_052.png,121670,e29ef27ae8d33b4bb4d8dfbabeb4693ce1f2b0d25ec7665cc81b8ee40fe4cd11
E077,111275,slice_000.png,131586,73477629b6e57a78e82cdc71e821b2a53b65397ef7b45b355678036dc8131599
E077,111275,slice_001.png,130789,81e39b78209cf083844e1dde8e41bbe2852ff8ca34336fee614fddc60431526d
E077,111275,slice_002.png,129370,e7078e9868420eb8fbbbb300e08d1100716e7c3b2be010c99dc3a417608e84a9
E077,111275,slice_003.png,129047,2574f2cf2fbc61165c6b0ec154c698e019f2fa9b87435f114b60698311d02f84
E077,111275,slice_004.png,128737,137e4db414838018ba2b1392a7018969a558d123c9d4b79c4ce81dfa569e370f
E077,111275,slice_005.png,125922,d39a923f812654910f62135d2022fa4dea99ded43577d952d2b198e564a34fcd
E077,111275,slice_006.png,122427,0fc2b81347cb84d91d0f7824b36202f4a5fddffa0a7a333b7c3c1de498699c23
E077,111275,slice_007.png,119821,878fe18475a9b0d1205b9634c0045eceb986ce762db9af4aafb78396094fa518
E077,111275,slice_008.png,115863,b34301b24bfa673fde832a9df16258ca065a74411f6be53290d5744be20009d3
E077,111275,slice_009.png,112283,5d9eb06dfb2681c6cd5d9a88ceb6f108da455f717baab4a5013f3c08db6e239f
E077,111275,slice_010.png,109065,590a1f42f9479685984adce665f8cc64d38ad5039367885acdd5611028501d6b
E077,111275,slice_011.png,107691,9e8a0b07beed1d1081007622592c219893a5b4932fb7fac246c4c4a4fe596693
E077,111275,slice_012.png,105193,d0139ccd183e9953c3f68d129f8cf6fe52e558327c61a4f3a9720f063b003442
E077,111275,slice_013.png,104193,6af16cb2260b1fba185f0b3bade4c2d915a786d9ca1e035cc7cb8ebfbe03033e
E077,111275,slice_014.png,105079,1414155b7fabcdaa2a9ce9b076dfefad3a1c7879d51331f62f1e099ac791f48c
E077,111275,slice_015.png,105341,10cb497422f6f2b25d6410d2661d85e6ce2778fb536daede4f622ac8d957e7fa
E077,111275,slice_016.png,106350,a9318aa6440848eb7722edb1b230d133103a8e502592ed31dc0d24772a78f7a4
E077,111275,slice_017.png,107139,ff954f087c836d998cdb1a06723af8e6acc85990a664bf6b713b72999f88f8bf
E077,111275,slice_018.png,105890,631ce017dec79dedff9f6aea6983ea2fe6f70281d6520b7727549edea653e462
E077,111275,slice_019.png,105157,7d0368b95ef5507733fe8bbbc1f147154607bcf1da2ce9335571b93fad5c89be
E077,111275,slice_020.png,104466,414892831319d98d6e825ee7df87a62d892375964e5e0a0b2011f7609bf5d7a1
E077,111275,slice_021.png,104347,63b970af8ecff61a2325bea526fa512743d0074f9882950ac25d4eacc84caeaa
E077,111275,slice_022.png,104177,147fd9e190ef0216508d3ccaa408b7612ad3c80cd8e33c6395dbf936d616283b
E077,111275,slice_023.png,103961,f479a497d88c46a2238a733767d79ffef8c593ecd9a6eb996c2dfca46bf7b46c
E077,111275,slice_024.png,102804,d8b2b08a442a802ed0922e2d258bfe94ffcdab77a2f278152b20613ecb820410
E077,111275,slice_025.png,102031,efd60b91c56563a17986044a8c06432ca0587ba4128af8c41c237ccc1a0238ae
E077,111275,slice_026.png,102564,de433b978b6bbea5e96be9fba39b2da524b1cb1a704577073e1f04cd2ae8d164
E077,111275,slice_027.png,103191,ab1076b6db41856f10f65d3684f0efca823d510dd4031df01d9e04780b2a7197
E077,111275,slice_028.png,102714,0f24736949a2a8602fc39cbd948b86621915766b7dc257e6da39a9d7473f6c5b
E077,111275,slice_029.png,102375,81afba95362948a93b027ea8fd0bf21a0488cf05502319d1c5f89c37c1d5fe4c
E077,111275,slice_030.png,101472,a34d5bc63d377023a7264d3a6179b75d3d6b4c3c9bff5156a17d08929b959a8c
E077,111275,slice_031.png,101010,9cf514240489e906ae207839d122b8498faf02eaf36942f0e77cc9e383928480
E077,111275,slice_032.png,100087,bf7f5de4436ec88a2a9e5faf4f6049bf678453ddf52f52611a4d17940603b5e5
E077,111275,slice_033.png,100350,a5ad72197fbc191994a9e415c6b9aae2aaf711153a3100a32997e5038b6a463c
E077,111275,slice_034.png,100136,61ff488b677ceaba29a44e0c57d21aa382a5155d8001b35b8b1a4a1c03b82316
E077,111275,slice_035.png,100395,e816da162eaea979984302a766d09f7f0a0d78ed8a078eaf76b6fb77768bd610
E077,111275,slice_036.png,101121,a40d109c7143f9da8d3bee86ba1dd6332c498610d5ef27296dee891fa674e948
E077,111275,slice_037.png,101426,6a1c313e462995c1c1b171288fa19f1d85d8a35bda49f40553e25a49e34a9e33
E077,111275,slice_038.png,100593,904697abb5fa04fe6f622f7ef88662ee6f0a16db183138aa63cae0b7454e0bbc
E077,111275,slice_039.png,100270,def0190ff8f3d41bce2fddf6af6289e8f7ff4caff525b2d975647021a833522f
E077,111275,slice_040.png,100871,9547e62585e96086c8e714afdaf92ef6b2215c46894f281f0562918bc2c2cdf1
E077,111275,slice_041.png,99931,b09a76e671589b3bfdede0af63860119dce14b112b668abd9edab5cbe054ad4d
E077,111275,slice_042.png,99770,caf2de3ef3ab8c16bbe44a86f53ff173fa78d60bd3abd8f80c67e83b800c24e8
E077,111275,slice_043.png,101206,d6a8c6d6fc1904d4c9fcaa3f369db56225e864e4eb04a4e12a562a8fe5b98f23
E077,111275,slice_044.png,101195,a3b550c1f4c319bb76a24226d1a4353e5d051fe6f28acad0058adf340fe4ab4e
E077,111275,slice_045.png,102232,35d33b3415d74d970daefe240baca77459fef496b09ff70b86a0b8c604316fae
E077,111275,slice_046.png,102433,221d14d93d6bf0642e5d2240f745637070dd9cac4893d0fb6d6065d8a2005e54
E077,111275,slice_047.png,101338,e6c89a270d84f915bd5e64e67aa3bb9d0517caaba0fc0b74851a1eda5d663b5e
E077,111275,slice_048.png,101314,1d182cc0575e50c1e6f361448a6cc67e1ea385b45db99121ac5c38c9b1f0a89a
E077,111275,slice_049.png,101691,01604539bfca61c62de2fa3eadb674b3da14a76e1e8f1bcc9a8506ea6de5de8d
E077,111275,slice_050.png,99975,353641e5f689b1481cfcf39eb9f90b75386028a9f54abaede7c4b31aacb6441e
E077,111275,slice_051.png,100449,119aa2d81c22c1fcb139afea26f896c28fd043b7a3d452e3498e98d5af9cae9b
E077,111275,slice_052.png,101321,bf39376adc518e3a9d656edc95240db7c1e753cbc2031c4d2360fb65614dcbc2
E077,111275,slice_053.png,100655,9d7a26f420d310a0dff1b9b06e2c3c4265ad6f39557023510fdd742ea7b6500c
E077,111275,slice_054.png,101147,6cf1791df94df928a4826e6fd2278a5f4e0f5dfc86d08c3793fa0f8bb3453719
E077,111275,slice_055.png,102593,10edebbd395c368e841033167b5ad4859d7e4e6b3f95307386cb72b2b1c47e95
E077,111275,slice_056.png,100859,4f6beee8bea7c25eec4bafb7f4fb5f87f7042c5633474eedf7c15d5492226563
E077,111275,slice_057.png,100871,97d56c5596c341d71c81be821ba1b5721ed7973a17e8addd3431dc0e1a763f97
E077,111275,slice_058.png,102560,a32c81a90ad41fc04de35e3eefcdf4d78bd68c338b4aa5cb5d18d0d799353c39
E077,111275,slice_059.png,101135,7a9ec84611be21bab2232ec02d46d229d102db48c73d2171e799ff4ef9a55fa7
E077,111275,slice_060.png,101613,e5135260aa7e59e0ad63ce9f44f0060f0be86473649096580330189fbd68453f
E077,111275,slice_061.png,104258,accf0a18750cf3597f7ab9eebca3c8886667df5810d3772640391ccfb7a7940f
E077,111275,slice_062.png,102986,61188a5a535a6963e97949b5c0dc8d4a23ee54c67c04c652d6bfd479e3ad3b9e
E077,111275,slice_063.png,103801,754cd24fe128df6a5c48deb0b7f0a4590403dcb9b785424ccc1272062d740347
E077,111275,slice_064.png,106262,299be61cfca247b0dc84c8e35e063ab5f8cdb2542af0b85c0db24f963bb9e56d
E077,111275,slice_065.png,105195,e25c6360c30e558984b20b2199fa15a4039a2aeafa045fbe95eaab984cb7792d
E078,100352,slice_000.png,85495,d1fc747d1ef0bb4770cc8a8c3f62bee62edfa1f132b6ef1b5a22c230d81019ce
E078,100352,slice_001.png,85386,4f1a2670d481357b861687c80573fec8fcf9a07fa97e773f84e0e392dda5f0b0
E078,100352,slice_002.png,84989,b137b0105079ff0b5efea8903ac1c4f4010887b834df09cedb1c791f8e97c748
E078,100352,slice_003.png,84212,d6f817d2f490c25f33e51d757a0955777554c89ef82256c2b4da112804520b8d
E078,100352,slice_004.png,80935,01aa6b6560a8bea331a4972dea2bda954ace535a732906c64f175d36bcdeafe4
E078,100352,slice_005.png,76689,ef39bfd7218cfbe0a960c2ec6931c75aab4b3946bd86c4e490a24235051f12a1
E078,100352,slice_006.png,75336,82fc7e556754a2691322fe136d42809d80570bba3c9d10048ca5121ca12601b4
E078,100352,slice_007.png,77535,ba8aaa94e154a0918b56f9b180c3943aee374530607f5219b2b95eb2d4150722
E078,100352,slice_008.png,78559,c9ffe7928d0a4b99c70418fc4ab9a9901ccea4114b0f3931c10da7bf1293774f
E078,100352,slice_009.png,79474,2960cd06b52805fb8d9ea8858fbc8cdf408c10c5675210165bf374723e199bd2
E078,100352,slice_010.png,79104,3343dbdf08986f5985dbfc401d20a87d9477a7b2810d250388307b9b8c15fea9
E078,100352,slice_011.png,77534,3dbd7689167bcfa3b467b98f6a6038d01a4215192c77129df49ee9f06dfcc952
E078,100352,slice_012.png,76976,1e7ae03aea6f299601e9c8778bdfc9f3fac036bb8dfb48598c6296bc792663ba
E078,100352,slice_013.png,78368,7de60606bbe311ae67d6eea42e1379bce9797c70c1713e0eeb7fb58a00d265b6
E078,100352,slice_014.png,79574,02c47356b32ab838f5a258717ccda231c945d025a4189cdb3b1384cba488998f
E078,100352,slice_015.png,79727,2ec16dbc75e19c2fcd833dd7b3c3b460443586fc1ff830ef7581e795f5ce0243
E078,100352,slice_016.png,78543,f9beb11ccccf675eb2961c7e3583dfca1a550adf11e18ed9fe1774c5ec54db81
E078,100352,slice_017.png,78632,c383b95b83f9fc9f63971e77bdd795738ce4c59af55b0e8b1232ea0e7e254b95
E078,100352,slice_018.png,77981,4c99bc11f4ed81d5b0ad299a9ca188dcba8d33178de9b6490919aeea2013404e
E078,100352,slice_019.png,78281,217b710571254851d138a3d6566d7b10676b3f2ea3553934746495e0e84899fe
E078,100352,slice_020.png,80688,f901ea013217f9521343806d47216a285286657bdf6784d0a312710c4c15fdf2
E078,100352,slice_021.png,81858,b7dacc897045af30507bb9ed7553bb2d257e5c502826ca2d5c5ca90833f4437c
E078,100352,slice_022.png,81335,4172f37a8d77f08e8ef6d12a65f0fe1a6f62fe158ef84a476da00e7cff7638ee
E078,100352,slice_023.png,80067,8cfdb7d329e97173dfa15d8afc40859e04a1937e98c96273589163c151c66b76
E078,100352,slice_024.png,79359,e2df6eddd9d31e9c32a8facedb40dc1205412268b99fc58c027c78e5711c6364
E078,100352,slice_025.png,79639,d29bfd3ac790066b6ce3a61dbdf2a4d5d10ca42d03c6ca487e3c6a1c8f1a5aeb
E078,100352,slice_026.png,79009,3042d58210e3032821e11b5ba26dc91f33b6e0c664d8b5bf8edd716762906022
E078,100352,slice_027.png,79455,fefa7d5bb0d21e0dfbc9391267802cace523a5455d6ad792f3aa75f51f8be2be
E078,100352,slice_028.png,79708,8227b9802e1a1a11c3401eeadd5e8d5ef5eba4de3d7202edd4d7c2deaace2c94
E078,100352,slice_029.png,77435,a97a46cf1ee68399db64aca8322f7405c3b9309e1fd625fcc87ba8e06e46355b
E078,100352,slice_030.png,77551,dc84fd941fee237ab66d6fcda62afbd9cc22f6db8f4b0bf837f323ed22717754
E078,100352,slice_031.png,78544,846efe6a9b860ae13e20c25c01833f698f91927d19fc49bc7d84bc7333afa2f8
E078,100352,slice_032.png,79053,a52b36c54329b3289168ad19112d0b75bd7e29d5c6d579633eb8c2758a3eac26
E078,100352,slice_033.png,79723,23d4bd7d985a95a7f450c1458c486c0dac015871d1138e95c5e81b333fe2cc92
E078,100352,slice_034.png,79210,ecd258377fe558b07ee49953ecbf97a65ef411b4267adad0fee74dd7d9072b98
E078,100352,slice_035.png,78289,592940dee8cd827d11888840f18ae051e265b04f3e167890129e227463ec61f8
E078,100352,slice_036.png,76302,161f38c2795fd41ee591e9de41a232bef0bda74a391bbb0fab7cd9f02b75b932
E078,100352,slice_037.png,77189,b2f8090ad83371dc38ebca5b08ff74322f5203d28cc43abdf2c0a4bd5522f71e
E078,100352,slice_038.png,78217,c7c893afb03fad99b636119d6eb98982b54997ccd9159459696b3d1ddcc053e5
E078,100352,slice_039.png,78317,993884f50d66f0a6263a084a2b162bea8a9487987de53644bc38e4549fd281da
E078,100352,slice_040.png,78792,99d91a6e27498c1365ad4ccdfc49906fa35152ea64acd0af459be194840e3143
E078,100352,slice_041.png,78354,77065d3e6019882cf52cdb33f5d1ee94eec0243517250a84ef442199f9a30805
E078,100352,slice_042.png,77339,944a081a6a96c6a6f86e48b2c23fed43b7d7747eede72351b6698bc975a651b6
E078,100352,slice_043.png,77438,75ee67777e464d7dcde2272feeac56033db58403b51e1f4ddb84ec794bd801a6
E078,100352,slice_044.png,77775,20d8c7b7057e731120934666cd876e753021d1170baf39b0b1b63855583adf10
E078,100352,slice_045.png,77567,2470e8b75123e4dcc3d32f7dee6bc539a169afb5198ac532bb77e0b1f67bcc3f
E078,100352,slice_046.png,77682,cb3f54ddf817ad4471fd6d0bd5ac2a628f22931ae0e873112246e84eba563abf
E078,100352,slice_047.png,76631,6fe9323bad02f51a3b54d5d630149d7a2720813675f6f20a1bf4b9eafa03e278
E078,100352,slice_048.png,76076,517a1177f4df3f84a911eab9ecb9878c45c200c041df7237335a34f89afe6d76
E078,100352,slice_049.png,77046,784653276507c38de8cf880b29bfc78be50f039db338d082f028718e0d71a19d
E078,100352,slice_050.png,78092,0edbf69128586ee57299bac351467957b91dbfc5310b0bf89315a0ddaad3ac95
E078,100352,slice_051.png,78944,c2b1a6a1f7d0eb95f117c6f016361f2d8a48ca90f0eb363899d64da440ac4a55
E078,100352,slice_052.png,79142,c02be49a480d234ba7747a48138b4667bba49dcaae9abb01714fca2610ddeb7f
E078,100352,slice_053.png,78519,a357b7c69daf3551f6eae9d3a9611bf2609a79ef9cf7c10a4220d466252adf29
E078,100352,slice_054.png,77115,0aa29ae1cc8b05e8352af37546ffe703304b235a3295671c14b03d881fa502f5
E078,100352,slice_055.png,77326,5c5c1ae00ede93675c0825342b13a830cd2e5699cf6ec0bb0411d5f1eafb5eca
E078,100352,slice_056.png,77808,b05a6cd6eda34fe2bf1a929dee5f5f8b042456d441c6d6a6aaacc955e4e73112
E078,100352,slice_057.png,78359,32af965b31bccdb3742e42798cb32b13a90c017fb23966ee90342d31def261cd
E078,100352,slice_058.png,78831,aa4071d600ec87966470da01ccb7d54560cc29dcae148a193f60312a09b92936
E078,100352,slice_059.png,78789,3abdad4cebfecbfb0517daa62afc9f7e96ea1382d28e05a384ca567e88a8cfdc
E078,100352,slice_060.png,78631,c71e0b193555534947e0e106dee1af072b9eadf5074d275ac3349ea81dd8c2e2
E078,100352,slice_061.png,79286,2ed23fe4c9baed83550efdc45e3a02756a6a52e98da04a1f4bb3ca8f2fcd27e8
E078,100352,slice_062.png,80658,537b2bfa9cdf0c7fa64e5cc1fefb2dd18e49f87e04186cf7a2960c25161cebfa
E078,100352,slice_063.png,81901,cd5cdbcb8c0bc1fa327847ca8b542b1bc4ab58afa0721f13146f1df388b10e8e
E078,100352,slice_064.png,83588,659c79a53ac6e201a6e0f1f0882ce72cdcfc6ceb50f87e7a5e2a2369ec03a5cc
E078,100352,slice_065.png,83841,ef6d1d9dcec926cefa3b2a76cd5126972371e805afe6d54fca0c84148a40ee4f
E078,100352,slice_066.png,83317,5a5d1ccdfd4727ccccc00e002210c4abc4786766e7bb2eb51c211dd6f0cf801d
E078,100352,slice_067.png,84848,a1284232c7d6df59f1f9f68b520af17345d3f6c3a7da9b3dae434686b91daf51
E078,100352,slice_068.png,86644,07ce7dc6389a305fb8ddc555ff8698b07078f61ec708d39bfc6932a596390c1a
E078,100352,slice_069.png,88870,3179fe3b95e034143bcf69e6a196084cc09f7b61eb0d56a167959a62476d858a
E078,100352,slice_070.png,90530,99bcb1bdaf695e7a0427d601cc968a6ed14031b98b5a331fe9b8bcd19a56dcd7
E078,100352,slice_071.png,90931,00d6e88dae5c77cfb29949bbc5707a8b6866a6b4a035b53a6bb242eb6c804b11
E078,100352,slice_072.png,90710,0996500411e6a3ec8fed704c6ab885bace3eff32991c30517e24b13c4b80281d
E078,100352,slice_073.png,91159,62c467e6d881c3d3436b0170c02eb3ae04455fd367ca81c68ac6b52f5c723b20
E079,203125,slice_000.png,92824,d8fa14be517425fc47cfccaa3e1a1ededf1aa493774d5d77d2e8fa5f737a1729
E079,203125,slice_001.png,88367,52433bf4755c8f90fcc029a0053e330475a589601fab485b4045d4f94b7528c9
E079,203125,slice_002.png,83633,8fd4e9230a1cd3a238d4ec2736a8a90a35a751831883ac23562937d4b0b6e2c6
E079,203125,slice_003.png,79800,622dacfe0dc0e0435798592c2546c8b3448cdbb65f4926abfb2b24cc6b8e49aa
E079,203125,slice_004.png,75207,539f68fa8d9344c522916df97618c5635e9d6b949180c50897048a537975d7dd
E079,203125,slice_005.png,70209,933d45aa9f8e5a438dd59279810fd3dd00da03e2b43505eeddf1107f38ba1300
E079,203125,slice_006.png,63651,060815d3abce5d95f165aaebec87015753a8991bae01a00cd7ae7a7d5f066e2a
E079,203125,slice_007.png,57476,0d6cb1e72fa82ae6a9e4cb685160b2f7db2806a3b5521c3f89ce4a2519fd59af
E079,203125,slice_008.png,53920,3a51a10eef11b56e2d8d937b70ebde2e3f5d919767fcd23f23e82911b94e9fe5
E079,203125,slice_009.png,51901,669557a0e1c44fab95265b09d47130fdad9c4d1d10ecdcb67d830f2629136514
E079,203125,slice_010.png,49734,eac16e95c4db2294e774f076b8ff6ee0704420632d06e121e0cbca4c07159a7b
E079,203125,slice_011.png,48215,e824fedd26221e30ae8017d305402902ee7eb56958f6444effa467f3aa7ef5fa
E079,203125,slice_012.png,46741,3915de914fe2bde7386554f48a88929b15f270c5870d2f6defd3ab2691db6a32
E079,203125,slice_013.png,46511,c673651789b06b2e82c688697c118c0c2c91875fb4d826e5d8ce67c790a3b750
E079,203125,slice_014.png,47644,a826f70cb0f8b24388f7b6db3d79d425562f3d9f354330838729de6fa30da3e7
E079,203125,slice_015.png,48177,d8f9f91f3eb0969a7a75f33c7487564ddef131baec9da36123d12ff90858c9d1
E079,203125,slice_016.png,48334,870a2ca2353dea71951e86ade3474d6a2f0dba3643fb3172156ccee31c89c2e9
E079,203125,slice_017.png,48289,7ce586fcbc6a8dd1b6c404691f8567189d7dad94ca0581439ee515cc919e6e17
E079,203125,slice_018.png,47466,6995a97a2506670e34151d04ff591a6ece6d70beb0226d274fd79a8b5bcda49e
E079,203125,slice_019.png,47238,e69a8b7991e2e2a3591f22e9c60fcf7bfe197db286d1e3e42e0bc9391f6ee788
E079,203125,slice_020.png,47634,2134d3899b0033fb7f65d14126983d71b72643f8af00cca4e7106ba37416a93c
E079,203125,slice_021.png,48359,052a1fe0da5c560022cf3e120bcd3bc93c1c72402167bbd138e97c2da136e907
E079,203125,slice_022.png,48169,ce9aebffc5005bc68f43915b47ae81840697e576f616f86d8fc0bf1ca2d2749e
E079,203125,slice_023.png,48607,4845ae01c022ec2f121213d45bafd2bb242edf7eadd794df60cd6c7e9801d341
E079,203125,slice_024.png,49554,6865a15fe3b5d8412b0e4531e598f7c6a56298dc31a20c73f9873d252c6b7958
E079,203125,slice_025.png,50376,d6ebb6c4186eed9f7fd6ea6c6a75f428ef1e54d9e665e8a75fe9a1de98621d2a
E079,203125,slice_026.png,50802,03f5619036db6c1d728d06f715e717b71bd661ad160f2d0e53917d77dbf9892c
E079,203125,slice_027.png,51189,19d1cd256b7208f84b0e931ce8518f8cef41de5e2f188e08ffc45455f542d99c
E079,203125,slice_028.png,50998,e6c787c7de70e21146bffdca75331b49a021673969b66275533b70e821864f5d
E079,203125,slice_029.png,51199,9f41ac06ef5d7dcd2fdffdf660787f4370857e65f364397bd24b4cf58c7cae9d
E079,203125,slice_030.png,51573,2a5cdb09419bfc170ff409e0ac3c18a6a55551253c65416882666f4b7082e1cb
E079,203125,slice_031.png,52003,ef35d42dabf663dc1da4a008549f9c2acad6a0ffb6eedcbba9bc518f546dd89e
E079,203125,slice_032.png,51595,2883d35c836d01fb3e58a34eb2b25e1967e312562cecb2cadd875529a3f1eb37
E079,203125,slice_033.png,52338,e2e07f0fd28024c67acdc473d54ddc196d50303beb8bb9160d4b2c6a0f313d19
E079,203125,slice_034.png,52547,988df58617bac00ae46b58efd8f8ed02df923765998b9119a00e119edf317b33
E079,203125,slice_035.png,53195,93eb477a17d6fae3028c26fdede60559667ba53960a408af051a2687e19794dc
E079,203125,slice_036.png,53354,7465222d8a3693e5665f0087608598f1a00373db05088ea01cd8e4fb4f4eaf75
E079,203125,slice_037.png,53487,787417ca9e4906636d993d0b3138b4aa9e672bbbf9766e809021855381f0b857
E079,203125,slice_038.png,52975,dd4753879f5def5eaaf3d55f4ca6e16082a697e152c6107a5204cd40e3521c8d
E079,203125,slice_039.png,53468,a715c23bb86da2b9e930c51d68d157ecfc0189219e11fa93b0717e291dca3606
E079,203125,slice_040.png,52728,77e677e64512d54fc8103bea54d2be58754632df041e83ca759e696a91bc40e2
E079,203125,slice_041.png,53195,85164909ed7fc87d0e77b4fd14c3b713149f82eb92b0686f0e8915041681343c
E079,203125,slice_042.png,53769,bbc449b0a6c2afe7364e46fa9d4b48a3981495cbce3ebd59b62600692ca956d4
E079,203125,slice_043.png,53773,2cc7e113424ea838d876c8d03e159538bc6722df54e2310031b6dc480f6997fa
E079,203125,slice_044.png,53416,d64275e1fe31dab1e112c76d472487728cbc4bc678bc10a75467fd524f8e14cc
E079,203125,slice_045.png,53148,85916cc865a8ae8cd5fbdcb71f23cc15f238f2d9230fe5c91aefe6d78641f547
E079,203125,slice_046.png,52625,2d7c3b1e797a048c87335824ec9f298713e536c5a6c099af0b248c6eee133964
E079,203125,slice_047.png,52049,c34a859104961cc10a486fa59b43aaa72262edbe6fef7c0c957998214ba3f91d
E079,203125,slice_048.png,51089,08fc5e5bd3d4aece957c0dd3bf0732ef51d15076ad15c248c16652f80ef7a7d7
E079,203125,slice_049.png,51827,3de4d76d4092a2ee79301facafee6fdc4434c3fd82abd79e020b6f427511a08a
E079,203125,slice_050.png,52120,17ad845edf34aab08a867e2b1ddfd55ea099b6d32aab5d8eb5ccf2706a382a26
E079,203125,slice_051.png,52312,87025652dc9c5ac425fff9e8917c5603eca89a06366c422bb0f6e33f4f06192d
E079,203125,slice_052.png,52239,434a90e95c80041f783e9658ffa1239580b84ba6447b11f7476cdf889efe0a77
E079,203125,slice_053.png,52235,f7a3729b3137151c679bb2758e84b9bc802c87687b5fd23e5bc2622d4609f24c
E079,203125,slice_054.png,51530,6ca5b6da84d101d1fb609922611dd5a83e7c81dd40b2438238dbf8eb883f58e5
E079,203125,slice_055.png,50964,03f5ab4a7a4a1da7b9bede14fa6f056b13f22f787032b423f00188bf375c8881
E079,203125,slice_056.png,50465,68d99da2bf1cc9d49f6d0886ba7b89d918154ed85afcf09731bb7c7d2f5cc5bd
E079,203125,slice_057.png,50093,4ff2fb2e5c17d517fc2c37a7d60e3ff685620359f814af7ae51d66304ff6996c
E079,203125,slice_058.png,50097,4f76f1d0dca709c21119d4c64158935dd46afa08535650b7493b8f9fc3e96465
E079,203125,slice_059.png,50345,03d5218b7caa462690a87c517bae180fba4733ec0ad15c8982caf39b97f67abe
E079,203125,slice_060.png,49776,0c726f8a9f685da9dc2221356e29636d2d250bd823d500aece3cc38aa100b90e
E079,203125,slice_061.png,49164,cea689c1e9629b1f2d1a45a0688c9cc4d81b5afdae28f3bc55e223fb6dc037d4
E079,203125,slice_062.png,48668,cacabb8b47abdc51ea961b80c2a440445956dbdd8b318518bfca66c18a813663
E079,203125,slice_063.png,48411,e7d07bc75b147bcdf2ba1f90a59a55e23f919f7b167819fe061cd9c4f94cefae
E079,203125,slice_064.png,47727,460b294a76029760ae5be67a930b878fd0016d624d77901d891a184305555f49
E079,203125,slice_065.png,47493,45a8c8e71ee218b31aa95c138b7674c51c4d51045be1dc580518731c53d87e20
E079,203125,slice_066.png,47533,38f90aad0ee86e2a37f793245b5852715d284d5a648fc4ac71622df670bcfb5a
E079,203125,slice_067.png,48230,72e44672ff61df5a2a3e33c08776c8191a0e61d0fc058bfc78e75bcd9c03a2b7
E079,203125,slice_068.png,48425,99d390d8a7d7dfc3ffe7b2261c8d4ae01928528aae7a13aa3e70e900f70f570e
E079,203125,slice_069.png,48921,8a61136128facc36e4aedf08b65b37a7ec6bfc94ab1db1c1ebb7a6ccc25e3e7d
E079,203125,slice_070.png,48599,a6f80acfd33737cb1b0525c8e9b0a48b0b9eb8dd48fcd8cb6d13eed74384d2a3
E079,203125,slice_071.png,48118,194a4569a60499e829d25c24c26ddb08e739a56ab3b90d3761192a95d4a8dcbe
E079,203125,slice_072.png,48443,4e57f06a98cc61125a68bd946549a99e10d99267703f1cb7556d92dd268a3a36
E079,203125,slice_073.png,48972,6c44c962125258f3931757da66c312d3179c80191105d0d587df23e5bc615369
E079,203125,slice_074.png,49570,7c0987673fd84cbc6a88a2820db5a091546e88138e866c4267dd2aa7115ca3fb
E079,203125,slice_075.png,50072,7fd9d0d1f07f25fabba4c28be0ae2fb172637cb618a2803660cb44281832a7b1
E079,203125,slice_076.png,50124,784b651a4f5c82501b93b51c5ad81829a0617d5d0e23f2ec86e48c51f769d974
E079,203125,slice_077.png,51301,168f274440bc448ff42d87232886875842ec42738ca03448b8b5c656d0b7476f
E080,108191,slice_000.png,61294,d493888270263a5169198f97e3847f42abd7f6e7fc48f43243964d450829fd1b
E080,108191,slice_001.png,60250,5118ab3f449430e13b148be6d1ff9bbd4e7130620efe97566db4f3618d1e2c16
E080,108191,slice_002.png,61929,8760aa548a69743b8f804f4b5087c31cb03ee1d692490b09bdfc126e442dfeba
E080,108191,slice_003.png,63241,e0283df988d5bd75bb517a3b9e69c7e6f99aa57f518954eaa38d056dbf4d651d
E080,108191,slice_004.png,62276,e67c0f1c874efb8bf676723de7c24ea5442c619241c41c7db935b68fd7185e80
E080,108191,slice_005.png,61206,6e597986f4d1fab9f219b8bdf646f48c0140b10aed2445dbf185b8cf962ee54c
E080,108191,slice_006.png,62087,bb26642943c2f40125f17608b43119598d911127511693a39a19e94a78b301ad
E080,108191,slice_007.png,62902,76257fc06e6d589d9dcb166ed030e7c2dfe7eaa60fc5473d80b281d34a357738
E080,108191,slice_008.png,62889,9c07bf9e12adbe218d936322cc38dbab76bd44a3479ca4a316b65606ee898e6f
E080,108191,slice_009.png,61888,565c0910c338ba50d024b732a9e226f7bb594f934137a99cbdb542f1ae6a5bd7
E080,108191,slice_010.png,61888,2fd08c467a31f2cdc07fe4475644936c17a7ea92ec0c93e9589ab42c76893dcf
E080,108191,slice_011.png,62693,3caf80083e1c72c235acbcd8f98c88607e8adee2066b076bcb69dc6bfa9f66d3
E080,108191,slice_012.png,62563,118b1dee172c4afb79aac03961a920652a5c037550ac7a40eabda126a8d5d7c8
E080,108191,slice_013.png,61285,84229cbbaf0758250ae1c49ddec061df1c2f0e51fac5fd7304ce6fc2b08dc9ea
E080,108191,slice_014.png,62506,50a0a05f5f13009135f7a693c343bfa26efc892db5281bb9e80f40a67f46ea4a
E080,108191,slice_015.png,63815,3dd0cf4bda9b5db112367fae6ea128147b6915656becb80c5d25a19ee4c7c51c
E080,108191,slice_016.png,62820,af649dc07fd6ead1380ade390e91c5d6fc2fa6f4660405a930bf1d0e88da44fe
E080,108191,slice_017.png,62583,635f0899fc874ee9248287a8737f3fe150331e478c4230672a6bf9d7e11a4cbd
E080,108191,slice_018.png,62766,8763aca98b119ad7304f86ecff14e3cec217ab1c163aa956c1aa5ce21f1cea94
E080,108191,slice_019.png,63753,cd39aa3693949f9ea456d04c5f34f87a4eff7f69436213cf976ab390cb84b1f0
E080,108191,slice_020.png,64117,90df91a27e4e745896c3daf16753ad483f6924837cee1e3029576838ba09e8c3
E080,108191,slice_021.png,63255,cb9c62d19cb75f1019581be69580e4ac1126ac8e12d5eb8e371b9326d02b2a95
E080,108191,slice_022.png,62322,2a7b8186d6f41c87e01aec483dfa836d79788bdb3a25314f24f8c364dbf2fa97
E080,108191,slice_023.png,62575,657042a9cc229983a2cd2bbcf008a2b5b43d19cf1d817bf09191dface9812f2f
E080,108191,slice_024.png,61273,a62c82101f95922e3c2c084021d692db5033e3680dadeaddf01b18e010e171b8
E080,108191,slice_025.png,61405,e66c4f1f9d3e5f5d3021e9418c685d010098b25624a4424d64f60bb2fece70a8
E080,108191,slice_026.png,61769,a2fa37dd71fa4226f47215a4e98aeabc7c7687d91399ca6c061a9e69aa1584c2
E080,108191,slice_027.png,62750,ff3299a18130a5e513f503153ad6833fa7e8de85c16bcf7f449cb8ae6fba746f
E080,108191,slice_028.png,63304,f28a59c8f1371622586a6a5a23bc5e1fe7a677c1eda9317eb21b23c9214d5cc3
E080,108191,slice_029.png,62902,b4aa0e92a22c62cb78824fbaca20759d41f9d37f408749000b986441b394969e
E080,108191,slice_030.png,63492,a82a33b11ec00411a929dcceea4588934eaff589bc2c2f878c504f089658f2bc
E080,108191,slice_031.png,64480,2ff0a3be6bd73b1cd33b7c3e6d8d6a6f3a32720fe2af030f1d63e603815edee1
E080,108191,slice_032.png,64751,37e96098e4716c7df0817997ccac53edee1ba74eff7dfcf025fc4290d6b9fae2
E080,108191,slice_033.png,63747,092e8e67a2e5feca9cab4e5c91fae55671b983847e72c9b4b5bfdcac6c77c0bc
E080,108191,slice_034.png,63104,19a2c5da367ecc8c64cbbf7f3f2b9811a291f565e7c7abe972ce952f2e5d6098
E080,108191,slice_035.png,63612,4c728101102c162e95916e6b57bb00a9a1c7240f602371737240ec84ae7fdd50
E080,108191,slice_036.png,64025,32ca0ee88d9fa8a44a41ebe836fecb8871e673f6678bf8e7e022f41ce9608782
E080,108191,slice_037.png,62364,96e6391a929ad2d81a87acd37ef62302451a251616c47825f436f2aa95b9abcd
E080,108191,slice_038.png,63331,0e57077bc2c7621ca3dd9c86d59c62dd0636e814d4b45e935ab01b745f8b6a48
E080,108191,slice_039.png,65025,7de6c5ea0a1703447e284c8d117470de7e8eb4b5f05408977b1725fc675589bc
E080,108191,slice_040.png,66756,cecefd7cd63a0ddec9533fc48084290962c40f631707295db662a48ad5a84e85
E080,108191,slice_041.png,66435,09993c01d28512bbb997661fe660c8d2fca95a411a6abbca5fc63c21ed2627d9
E080,108191,slice_042.png,67055,ea0ab311ff3e9c6fc99490465c18bc795de023e413a4f5d9f44a7bbcdeb3939d
E080,108191,slice_043.png,68039,a982989c52813a12ce55c2f143ac5d0b682f4ef5168a4bad4bcc6dbdd9a715bc
E080,108191,slice_044.png,67455,a1f35a4107052a989b8870db522f36bebc744d6cb5ef0e99c1b0d07d4e80c13f
E080,108191,slice_045.png,65748,ddbc1eb54fe1cc20b4b510ad5baa5a904df228bb4a9132379528724ec5f7307f
E080,108191,slice_046.png,65666,9ba6849fb78e25581235d4d3d7052149adb6cb8bbec255bc86cb16bae011e097
E080,108191,slice_047.png,66656,e716a41ff990cd5d6e1d0aedb82d20022295e8596931cca673f2e869697e7f67
E080,108191,slice_048.png,66703,29e4b11005cba4ebdbde0d3311f647363e8032ad52abca0b2131d5c9499cacb3
E080,108191,slice_049.png,65343,90a8d8ed2b9041015e303736b38fec0dd972771cb52779566975c6d53096a8cc
E080,108191,slice_050.png,66295,3a80407c2c6edb327a1247c9cfb23ac4081539629b8394264ce11a1d95825542
E080,108191,slice_051.png,67950,930782a124b6b397a7535ad4457f209a48dcd9231f7c700f7969fc4db98b2e4b
E080,108191,slice_052.png,67988,875b2c37602a9914549ef94f9e77c6525a52316110cd3a74038cd21dcf8bfe26
E080,108191,slice_053.png,67157,b9b055838f3b126fd429f90e5377ed49e0b39103d89bf03669a69f842971f368
E080,108191,slice_054.png,67361,e28757d238b1763073921ed5d540fe312f2d9163b2596a66770c40fb3ac66566
E080,108191,slice_055.png,68835,7690b52f4c928cb3c86e364cb085d8081f4f77b0acde1b08afd87e145f406637
E080,108191,slice_056.png,69142,c617d46e67c46126c39fdcbae1a485be20610455d2c5974be8456c80b5f5b15b
E080,108191,slice_057.png,67353,001abcb6484f6e9bfb82415cc5d7e20ba121891a0da7c3c44aaa3b49fdae4927
E080,108191,slice_058.png,67207,b3215bb4cdc0c392dba0ba74d0cfd7fb7f1ed04a7c2dd6a79f368362d44d9494
E080,108191,slice_059.png,68892,c9ebe9c707807c9f035201ea1687aa98458d0fb566e7811789a37228e1946989
E080,108191,slice_060.png,69375,8bb48d6c20f3163962aa2c8de80e3de79cd87681cab566c4963a3a11569a7966
E080,108191,slice_061.png,68582,9cdc70ac363fbf070f4899cf5e704bbd76b9c2c734acf431700710ffd7869c40
E080,108191,slice_062.png,69467,a632e3db1f625c302343af9c47f6cbf483b8280bec83543ef074c8ea0c1d6abb
E080,108191,slice_063.png,70632,6df816f1633754a7ca64707b2b76707f27a6ca7eba3adbb689274cc550d3ade6
E080,108191,slice_064.png,70871,28f06fe920114191d23ec9b096446a015eb35467ece7bb59c4163312db924bcb
E080,108191,slice_065.png,70254,d531d86f4be66b1e6b8efa51319c0fd6028e8f6722e430e5f5e1988acb10b8cc
E080,108191,slice_066.png,70392,358e39af9a43ca375bdf0dc12e4d48441abe15e7ac5fb65ca0aec031568af061
E080,108191,slice_067.png,72524,724f7c465df3b4646f4dd7bb3ff3fa9e8d85fdd6355b72d698d48b159f55f706
E080,108191,slice_068.png,72824,b82af928fd97cc661125895461ef8d2da3aef302f0c133f129bbf3d39a0bf50c
E080,108191,slice_069.png,71420,a42567184dff58e8975025e42d2d23379e4b1e0cd883e34c123cab40d439da10
E080,108191,slice_070.png,72016,5a2550de92356dcd1c346c15cb7e1fd81fcc3adfdc9e2bb20b797254070d0af5
E080,108191,slice_071.png,74324,f8da1f33e167432eeff2f00805694b8d1e6208299f0caea032a567d1b74408fb
E080,108191,slice_072.png,75097,096f461b4fa4172b54220aeaecd5fce17050a37d77e822bd94045fff4b3a571c
E080,108191,slice_073.png,74020,541b45f62a6314807f63beb92ca1918e73e2203aaa2322b4e67fd40d8d9b0d8f
E080,108191,slice_074.png,75245,46b1894ae845b154293348e1cfa997283aa066a8f3587d81254d04aeaec92607
E080,108191,slice_075.png,78035,b9a4be684304e3915e481c03fa775cf17690615b750e8c35acfa5d64f996c0b1
E080,108191,slice_076.png,79542,bb82a28916945656a16d17c4c60d4a1a2341695bfbc9deec5d914e56f29ba6de
E080,108191,slice_077.png,79200,8c2632b577df1a2e2baab07ad2d9429291aa80d7d337cbef871e15174bd5ab69
E080,108191,slice_078.png,79709,251832338e024b72394b959382ca2d6fa046d31a50ad530c5276a6dbd4765602
E080,108191,slice_079.png,82154,865ea3edc42bd0d76eab95b9b596bdc9b468612fc2f8e9ea27f9c648abc481cd
E081,115787,slice_000.png,103799,43482ea7fad280207b0f3ddc2bff6e3752905eb3e10ab9f702fb8dae8e6217c5
E081,115787,slice_001.png,102856,22f7c8adbfc362e2f264df88ca6bf2f35ed557b70880dd3b3774ec34cafc19ee
E081,115787,slice_002.png,103568,00f0ee1dd59ddec4651e27c35fb936c3003496be474c1f3ac56d06d5f805a559
E081,115787,slice_003.png,106284,a91af98f0b72328beb811a6bbd5adcfd34d5b8f37df9f9d4bc096003688c3708
E081,115787,slice_004.png,106812,6199d452e7f21354cc7eb77d90627b8c3847347e17e9fbb71f1e6e3289dfa853
E081,115787,slice_005.png,104664,ed2488642c3d978287e46a6f25907452a208fc96611342773a1f17c42bae08ef
E081,115787,slice_006.png,103754,83f3f807c22d4914e758a340531bec423204fbd312a9e9fd1b8f5770b79fc665
E081,115787,slice_007.png,104990,edc429d6a89c6c6a52398e1c40fc9c95214075feb1dd6c14fc9455e5a5429a29
E081,115787,slice_008.png,106970,d237ea3edbbd381595c1292f947db1bb5dca593f7e56462379b795866f43e318
E081,115787,slice_009.png,105650,e03953f44bb07f4aabaa7da1e978da2c9e7eeffbbc18284681bfbb29175a7f26
E081,115787,slice_010.png,104995,249201e77c4b428271cb781b40d23960235b826b93e91d48f0bc4c187b0a0aa3
E081,115787,slice_011.png,105959,7bcefc6b12f08c0c9dd6a6d6b02c75d42c42bf3f05479fbb47144d2ea1715a5a
E081,115787,slice_012.png,106458,7998facb5e401c0962fd270444be667d44e2819bcc20cf6162ddcc0d906fabb2
E081,115787,slice_013.png,106533,83979ab27093f616d9c7efe9393daf886013d243ba387a4238e5de7f2a830d05
E081,115787,slice_014.png,104752,afc21d4bff9038b274bc6f86524f55d83ffb1aaf02d7719909c0f723c177690e
E081,115787,slice_015.png,104726,9b4fd4044ce9859ac152d9a9e6f13ec451a1b5386214c7ea90d0b0e0d34b233e
E081,115787,slice_016.png,104196,262568a65dfeb8a7a15a900c7765d3750f9493e040a30c867e6d52a06c9fbe89
E081,115787,slice_017.png,103572,9485253ac9e12f14cceac4037450d2e5b99b8a9eacc2cf8456aa43b06f532525
E081,115787,slice_018.png,104624,7f32a1f048163b30c7565febec8c84d966c8dc74dab7bc4ece3276771289a900
E081,115787,slice_019.png,104247,27df3b3cc193719c34eb857559b358091a1e0508ff8bd242830aa56053e07f50
E081,115787,slice_020.png,103409,1a6976c99fc63450bf5c8e4296d3c9bd663cd382a9344e243ac9b3aecda742e8
E081,115787,slice_021.png,101569,810070ee842edce952ca90bcac67b455f8d2b12011b5ab7590895a3617eb860c
E081,115787,slice_022.png,101959,33febb4d8e3848616d3898ef71ca3a4d838f855eb448032f46c09f5538cf181c
E081,115787,slice_023.png,103171,4c2735149d16b815ba77c1663d978f37a48c047f15e9914b3972e1ccfac6a7ab
E081,115787,slice_024.png,101883,51c81f390510400782174bd8304f7992e70a8efc2b23f707c369a5006738f2e6
E081,115787,slice_025.png,100626,8cf46172b2422afdbe76e31807692292b202c34b451241175d144bcca32a47b6
E081,115787,slice_026.png,100017,9a26808ab14c887509ae02e11d9c50da4957822ef4b62766489ad57f537836c8
E081,115787,slice_027.png,101412,f1794003c42618d461f4f98a63ed2658299646c5839bc09040236b8df83f3fbb
E081,115787,slice_028.png,100566,0b5bff7b30ce3b56834d37131592702f2b2c0c07fb09b05627f6b1cdf7747535
E081,115787,slice_029.png,98053,2e2dd528acd0a44067f7b6e9943bf27894aedc56f8a1f2dc9436e43a7e0f8732
E081,115787,slice_030.png,97766,4dbb511e3576957f7bf824106628b2f1bb817457d3d7859ce2ac65108381c16c
E081,115787,slice_031.png,98800,c4d0b2731846a14ba22d2609e7fa692916f04753408553e2f35efa4c9c752c1a
E081,115787,slice_032.png,100777,e727c9e9976d3e9af6c42bda95197b2186f3bf2cd1e3d431685c3595f1704616
E081,115787,slice_033.png,100869,1be8f0979aa4804fe535574fc3b7dd3273006fc2d645ce2adbaf34f2e29a200d
E081,115787,slice_034.png,101703,9201c57fc41593f1fce27d8dfb7d1ba0cb195bfa7a137c094d78b96d83fbbd77
E081,115787,slice_035.png,102783,72721163ef57357993798996a493846ab56547dd54bf13098a85b60f55bde46c
E081,115787,slice_036.png,102980,6b210187613c1510af2d455800fe1deb0ca23651c960470b20310248e066df0c
E081,115787,slice_037.png,102047,ada79dab953048965b366fba4e76b1957c6983c0c76ec899a773d06aaadf8162
E081,115787,slice_038.png,102042,4ef98b8a25f16a701367c50147377c659e3b2d00dc490c3d3454ff26830668b0
E081,115787,slice_039.png,104694,4047676eafb358ce19a286c5b486760f4643da86a5519634f60b3dcaad8411fa
E081,115787,slice_040.png,104107,95cbe40b1d512d27baf2f56d85efaaccf22f62badcb01118e22af017d368a83f
E081,115787,slice_041.png,104812,ee4a15e407653d27b34928f4c38e5dc309095456c107f91f80f2001ecf9b13f6
E081,115787,slice_042.png,105588,739dc5b48381d004f1c7042ce0c5a03ffdb62a44321b149ddeeabe719dfae441
E081,115787,slice_043.png,106345,25b09a91fb508b62be136a70e862a0080839d1907d860a784a773330aa4fb78a
E081,115787,slice_044.png,106761,dc0f6f3264557dfd1937bbabef01d2cb7acd9a4ddb4f2d43d2b67d38e1bb775a
E081,115787,slice_045.png,105744,1e70c2d8bd546d211122f729241c47d270db1fc1bd681c6a05f4603135199bb5
E081,115787,slice_046.png,106253,457b99a91a03981cff42b4ffc633cd2dc8893e474103011f1ff669b1ff4ee566
E081,115787,slice_047.png,106899,5cdaac1a6a579e402774dd1330a21bff52044cd092016d8c255ac54615fac6c4
E081,115787,slice_048.png,107075,225e739d6e5ef9f26323942b08f8ff4bd0ad9e65fe9f6e0113e551eea9d4e11f
E081,115787,slice_049.png,106547,e7f31779a21fd42acf720f8ff50655f051c8552cf805efcd7b913d051eca4a81
E081,115787,slice_050.png,107373,f9321fddef1f59b35272373b64a9cca023e830fef15315805fd3c67bca8aec58
E081,115787,slice_051.png,110925,dac3be2184b989c280c6f39ec08b0589eca3c53f2e5002b4314f062d297f8cfc
E081,115787,slice_052.png,110227,97ccc64d853368d2d660d526abcd1795cd60e64fbe09f29a87446c87908ba0ce
E081,115787,slice_053.png,110232,8c040d18a5c0e391865c87e859cd6e5890f8c01d23490fbabfb180ed162cbcdf
E081,115787,slice_054.png,110585,7f6bf34d643332fd64e910b744b7e7b3082870f87caa9eb870d576b60e40bfad
E081,115787,slice_055.png,111589,1ef89ad7009c904db29e4110e546fcd761881cdbde9df517d3756dbd3c3632e2
E081,115787,slice_056.png,112928,655afa8edb39b3b939bca5bab9df7bd8323cbf9c38134530ff4669bd0177e130
E081,115787,slice_057.png,111642,b766462d80a9cabb46cfc361269934cdab79f2a3700dd5ccd56e85ff4fbfdac1
E081,115787,slice_058.png,113444,6c7d340c14643c1fb4e9a5869b2e126a6765e1a4a50c6a143e796ee48d4e7ac9
E081,115787,slice_059.png,113899,4f9beddb5686c010b9f00915b57a3539bbad4759d1453600a8dcbf7017970e6f
E081,115787,slice_060.png,116362,a03065ec4504de49b8d4c642105bb7cd31ed093ccb368394605deef8823e4713
E081,115787,slice_061.png,117269,9fd7fe951233948e14f71a39f60b7a6613563b82163d8d15a087d6204748aa4d
E081,115787,slice_062.png,117787,40b1fef8618275439f0d2eae646c0684236c46cf5c75d702b6dd5acf9fb662ca
E082,106318,slice_000.png,63761,1d193302965cb25f5c97ba4a0ced0b68680b2e4b5191dc92330c74f53110d6f7
E082,106318,slice_001.png,63780,77269b8306e3ae23ac05ef2dd7a70b4728a930b6908f2e3ab1e0583a7146ec1d
E082,106318,slice_002.png,64246,d720589243982bc2269d48ce3514e22e3d7b361628b504584806447aefb37976
E082,106318,slice_003.png,64960,2df88e796da7256fa26dd93f1888c0439c71f05d512dbecf8d9a61376dd2f69c
E082,106318,slice_004.png,65543,19ae877d6f70320ecf6c6c75a698ed05be9614f3c9f4c2aedfd4cde39d2de3e2
E082,106318,slice_005.png,65218,ef1e50eda28ab752446ebe3d620069a5abe67a9292e7fafe2eaa39581b3c7a83
E082,106318,slice_006.png,64515,8a5b7b3eae7f423f7c7947bcf286ac950776c8cf51dd171dd079a85bcf585bd3
E082,106318,slice_007.png,65694,205c3be6cf23a573eb26484e4d7802ab291cb6dc3848e435249880bc581d6609
E082,106318,slice_008.png,66329,23a49216909f370d8f29f3d90e4520400dd0ed7156bb5ec99d0f8ca3ae8c0b83
E082,106318,slice_009.png,65686,a9fa4b5280d28be988a0521a9f2953626287d9aeb50139b649fc26b822552b42
E082,106318,slice_010.png,65747,5381d9bd96affef3d34189934a4aab2e6d62e5469602f5cd2010347b711fc504
E082,106318,slice_011.png,67117,b16c469abb1891e3347b63c2ffd7257750b9e4075864278a986eb91a813d6cc3
E082,106318,slice_012.png,67407,d869ad44a05fc3239d1e13208bf7a7b49ace20f264d59c05ddc41da6bfdaee25
E082,106318,slice_013.png,66118,fe8437450bc36959a88f4e19e84fa5f2d8d83dcea310f50dfb6ea2bf7c6dbb06
E082,106318,slice_014.png,66002,8a2ef18273c92c8488b698a99e6cc67bf0316acb4eae4b0c11233d5922456aae
E082,106318,slice_015.png,67171,0ac545d05d73b6f554b57a52be51b8f699eafd3d36c66cfebec1b6d8ef34fd51
E082,106318,slice_016.png,67232,9a079e6869826ac5def439a15529f5eb1522289f9b4ddd9cc1e8f0ce9ce330c5
E082,106318,slice_017.png,66314,e2517cc72a2d996d6de689e288950aef0e48c30d8df4b0aad5ea1c587a5f8fe9
E082,106318,slice_018.png,65806,e93286561006ff3f9fc9d9c7a490c7fde574cd5b726ef8645e5136dd78c70e3b
E082,106318,slice_019.png,66211,4f9e3eedaa527ae82ebbb8fe330a3d47a65dbb5c9b2bd6ef89270ccb0fe5264e
E082,106318,slice_020.png,65067,8eb0e9737723c85652a5ae1320b5dd298e0a29ec47724eaeb3c57f3774179026
E082,106318,slice_021.png,63847,f015ae8d1143aa4b5ce989d38d2a826f37388b5c3d9452634a38c309e7ed11cb
E082,106318,slice_022.png,63085,64b544d35cceb0ef4951368df30e7e5a000e7e34de64bd92463ecb607d672191
E082,106318,slice_023.png,62680,ba30cbabb6f7340a5e22115356420a0383c2013f643c162793f8a2cc09a2230f
E082,106318,slice_024.png,62237,b2d4bfef2e70554aac0f50986eb23e834e245728a2c65df3b0bb360ae88f5b0a
E082,106318,slice_025.png,61102,e9f1a198ee9cd5e6d6fc777af1c9135e9320acbcd43122d3d444c375aeb3ff16
E082,106318,slice_026.png,61671,56c426b09c557a35cef928a34c20969c216c021972ef170c096acd00eb0144e4
E082,106318,slice_027.png,62653,d91aee95fdbe31ea13b5eb0cc64ada8873a6b23194ac1b899d428c2f1491c556
E082,106318,slice_028.png,62491,0fa92c12af8c49ec7550909b2025482772262b459da8abe23f89bac26769a119
E082,106318,slice_029.png,61525,a37df9cd82205db789178686d5caa72cddb376b5659a6ea21c13a4aba9aa4c3c
E082,106318,slice_030.png,60644,1031e098cfda59a9c6f09db1bb0fde425bce014eb5661ba84c5277f63a110479
E082,106318,slice_031.png,60941,31a2e41e28f2320dafeefdeb36584ca71117d110b53e1641cb89a1873f6b0d84
E082,106318,slice_032.png,59630,a29d1e11b2768cf9e3ed4aa50f1296a8bef96510aa7bb65f053ce9831f7ce5d4
E082,106318,slice_033.png,58322,786b780f3b65374cc54ce0b7e589c858e31aaa8a7e23a6524c6a7ca27850c0c6
E082,106318,slice_034.png,58093,84381a31a0c7c1555f86d428f48761cbb94dd2486eebbe2faacb921082e765a5
E082,106318,slice_035.png,59302,033767d46608714b7b296f703b34f444a27a044da86b24c3981e86e8fedb9bb2
E082,106318,slice_036.png,58965,54cf7fe65eaca7c2f530169eeb2c9cf67b90fefa0bd8627da7cb9860f672e89f
E082,106318,slice_037.png,57811,cfa6e535cc926c6408f732f93f533430a0080ac4fbe09fe9bf66b331fdf3e90a
E082,106318,slice_038.png,57802,771edf3b22dbaf4d395ad0e63dfa6de554e5d5885c4b3b3dc8ea6ad0e27930f0
E082,106318,slice_039.png,58254,30f189f7a056b29d347b89177298d1cce14c494499acf376e480ebbee309ab9c
E082,106318,slice_040.png,58288,35111917c3ba7a992c92e3ac48c2be103c57d657136d5cda3a7700aeb9d367ac
E082,106318,slice_041.png,57202,55d1baff4c45b73d8fd8e89a3fd91edf6b844ad565f40fec87d609bcf1ac4404
E082,106318,slice_042.png,57333,13a770543c9264a29ff713e0edcfd77c2abfebfb8d24f31ef242b93bc5719284
E082,106318,slice_043.png,57677,08b48134c16111df15d6da22315930f3588e519e6f8524475ed938aa269d0997
E082,106318,slice_044.png,58338,54d31c3a0887d08e2a35924ba15c1d9fdd8710a8e5698b7cfa0a299d219417b5
E082,106318,slice_045.png,58139,f4c995295d881dce203848ec1c493bd5720a91d6aeef7f000e3aeee8d38c4552
E082,106318,slice_046.png,58110,549b9d8f92c929575d222ba8dc7cb477fda03a4b104e502c00864994940a35e7
E082,106318,slice_047.png,58709,154a48880750c414b8ba26eaced46fe1876ed5d3b93b8e56529da88a46d7acd2
E082,106318,slice_048.png,59576,0be3bd41a100397205356e3eb7d90add9d59d63e5a435525ad0279f5945a9388
E082,106318,slice_049.png,58758,3c25624a8224d5896ff46a45bd58f1ef6acc00c593da34afb22ebae90d8f9ff9
E082,106318,slice_050.png,58856,ccf503be7cc9db7b6faf372d78cf698f3e93e89433a43acffd8c10ceacd141d4
E082,106318,slice_051.png,60367,cc1c0819350eb2d9809a238c3a872c33c28078401d37278f59c5f2a71627125d
E082,106318,slice_052.png,60270,f96b57740ff2895c7816cda13487b96e179fc3544bc6493109510ba1f9b9820c
E082,106318,slice_053.png,60434,67040901083978dec7f1f2d387237fc2ae09e62e756293a72ae8766ceb9b9787
E082,106318,slice_054.png,60553,b64590d0065695c5c80de8fdb633a28870f4bae3130ec4f718cbfdd77386e458
E082,106318,slice_055.png,61098,f172c05b28ee6ea1d6b1bda5492a7f4c91660cee9831ed297bd51d51a7ad0bff
E082,106318,slice_056.png,61550,e1677e1e7769592d9e7869550a3040c3b0c4f3e76f7178e20daf6daec221c64a
E082,106318,slice_057.png,60440,374e5832c4dfa1d9a5a57a4daa225ab7b3a7c6ddb1784d2d6e7f7739f9b6c002
E082,106318,slice_058.png,60059,9aa40e980c5bd02b75cf5ed2660f60eb90c7c14a6a48b5bb1be7cd3e5689501d
E082,106318,slice_059.png,61479,9319c1aae89cb7f5359df3505fd3b14b70e7f44ddd9c83670765f4db2e110376
E082,106318,slice_060.png,61856,8a0c20aefa410494953a0c75b7ab83a7d4191069476446e137b7bef6c0846706
E082,106318,slice_061.png,62765,3e9c6abd68e45ed0fee9c408cfef93796c7b2be576281b9c1209f610750001be
E082,106318,slice_062.png,63992,4b355f2ae030bc277bdc5f343df0d076ea7ef265f97c6e44299012a7e47df2d9
E082,106318,slice_063.png,64993,9dff5e1a223aba76ef05c329d9b48a4a9b0fa65a5d4b31aa1961a60a9d847a98
E082,106318,slice_064.png,66524,f2dd32904318f585c34173316d9fcdef532127c385e30fb6c6560304e824daa8
E082,106318,slice_065.png,66275,84c1255e70d272117f08ebef3f48c1d59f7247ef90528e3efe1ef2b5e5cce445
E082,106318,slice_066.png,67052,e11b9c59fed6430fcf35f3932e840bad2bf956c1f6bb2ced8e54fd7ca61c10ff
E082,106318,slice_067.png,69166,110f72956ca3ad1aa7a12183ec4fa2065fde2ed6644c2836f1e9882d77e6534d
E082,106318,slice_068.png,69592,01c0a97933d7536839afadbb34266419645a45732b2a5efe780fdc41faef9796
E082,106318,slice_069.png,70389,0cc6badb4630a23b544bd807aa9825410df4b8d04a449c19ee83c8de24909f14
E082,106318,slice_070.png,71686,268827166f950c1957346d5660ba80ac08d27e26d087859faff7f59301096cc0
E083,127183,slice_000.png,61574,e3b34611e0b9b79f4e8c54abbdf0b15569b4fc23df34eff04f05ca05076d726e
E083,127183,slice_001.png,61685,80360ae21bff639da6393b1a082169bec2980444d5f8878ee7d4947bb8421be2
E083,127183,slice_002.png,62034,2a250c748fcb934b3f6ae519b5277ed8ac2d414a015814cf06059cc0a86889a9
E083,127183,slice_003.png,62961,0a3c487514ff88280e0c2dcd12494ab1afb8e3d5e8d7fc10e8fbbbed0cae7a73
E083,127183,slice_004.png,64494,b7b5c50fde8bc5e066e14ead84f294178965a3e8f333eaf62f6318ccf1cba48f
E083,127183,slice_005.png,64875,a77016f5a9e48f05d61b548ab2b614111b5942bc9a19d52554073c181ec3000d
E083,127183,slice_006.png,65973,058dae5a82531b9b2dd31b9ad1e479e80bd0823ea1a22631b4d9d152dfb80850
E083,127183,slice_007.png,66846,e0bba76244a849e4783a1800e584d46cde0a7944ce408273e3fe6864ebb102f6
E083,127183,slice_008.png,67499,d07753728bf311b344443b6c44ca530371d37a1609df65c50787d580a934d0e9
E083,127183,slice_009.png,68037,56bba7d24ca0d506dac78582179bc32bf3e2f945446be265818ed1170a9aa2ec
E083,127183,slice_010.png,68294,14f362268cee69cd7c4c98bbd24dd78786661b8a9a39fcce8cbad4dcd84526e7
E083,127183,slice_011.png,68618,554a0ba0d689e60c5ba0e0ee129b63d1f20865383f5d7d374bbea0f5ede8c059
E083,127183,slice_012.png,69153,dbe64683798ae3e2643b1ee52ec5ad7f19ca15baeda40e9b5ade5b2ef34f4dde
E083,127183,slice_013.png,69254,56642bb14dd3c98ec694ac03a3f54646f4f8d62c63c3aeba5f2cbad6ce118447
E083,127183,slice_014.png,68788,e571612ab71d270e1bed6b6e2d1ae9e3cd741d35c458ec054226f334f1788146
E083,127183,slice_015.png,69551,5ddd571ad491f790b6cfa3954f870ccc86486199ed808c1f123381c411a5469b
E083,127183,slice_016.png,70422,e3d6579fbb8f12727b1d5d598ade09d2ea1144ddcd2a022a60ea2ec96cef14cc
E083,127183,slice_017.png,70791,44f0a7ab1bdcb80c14499eba23596b485c020721ffbbd8cc3479e53559c0ff19
E083,127183,slice_018.png,70393,cb0fe485947fcb7ab1bec9f05f3df3b8dd62e2b8377406cfefc119028b8d238d
E083,127183,slice_019.png,70006,d38e1c42ba65b5da20ec9749db5f93964dc14604bf29e8cbd5153283ee16e2d8
E083,127183,slice_020.png,69121,77ae98e302a7ecdbd59371451a76c237bb90e58f3d2350da5a366f3c8aeab4e6
E083,127183,slice_021.png,69569,87049b97920df9ab3622f8391f610db97418a449be53c18f6aaf65ba5e37c98e
E083,127183,slice_022.png,70311,4b1068c4f98988800768d30a8cb3942ba42cec3124e79eee8957548313072fd5
E083,127183,slice_023.png,70605,2d36de6a1891e86f19541f8e0eaa2e4f12469b8307d91feecff4c2f9cbedaa89
E083,127183,slice_024.png,70816,eba29dd6fa5060d1f7bca95c0014ade799493d725f0de321cfa348b1bb3adab5
E083,127183,slice_025.png,70249,1da390eb5a9eb3bef400f19158fbef12ef38a79fe7670bb57dc12b057d487940
E083,127183,slice_026.png,69902,37e2ad5826f0cb17950a1169a7b4b644261df5de7c6ade7ec9536676a2bcd410
E083,127183,slice_027.png,68990,d2b114a5e1035e4805298a9c1849ff019cc77c61031db0d6b2ad4fd6f917c609
E083,127183,slice_028.png,68351,da6395690c273a8d8d0fed2493a3f813ca8ab6d5744ca845b2e0ceb7af045aee
E083,127183,slice_029.png,68129,a4fb593e113cda6b132589f9bac4cefde5f2d76d9f21719baf84b1b2efdd304b
E083,127183,slice_030.png,67916,ce42fe7209b72567332e5f02d9ca58c4c3bc03830fe00cac7ea474b3c2c8ea60
E083,127183,slice_031.png,67755,3e8a9c5c85bbc1cf484cf20924cd36bd855bdd34c9205dcfb7634ab9d56701fa
E083,127183,slice_032.png,68272,e7db19ae20f5d978566d04b99370307a46e82c35467055b58a19832e5e9ecff2
E083,127183,slice_033.png,67654,359f23e5effa534bc55354d3139a794a47893137e2112814c047df063a436c81
E083,127183,slice_034.png,67414,848b41f1ca5e616df0eb0418dca0095cf97d764f09164038c750a20cee14fde0
E083,127183,slice_035.png,67150,f56d53f0d3f2e4a3ad72e502338b24cf0851e59f178c713556db0bc83d3ae682
E083,127183,slice_036.png,66317,a3355561b7897706316deb06b4dc151198777ca3f234a973ec4ebab2b80952b1
E083,127183,slice_037.png,66334,25ea305f26ca17ae956e6fb87811b984d4f6672de9405b0367902516505b9eee
E083,127183,slice_038.png,65612,77a30db3540660741453b689073732bb146e7e30315bb01dabca3c32143b0115
E083,127183,slice_039.png,65634,818ebe73d97d07e2fe25f277c192f5de068c1d835ebf3fbed09a3a3d785d7988
E083,127183,slice_040.png,65870,b7e2e23ae87f8e77ae843f75d3d2db81fcb19be267e79619a27bf3d829cfa3bc
E083,127183,slice_041.png,66334,2dee344d81b60e0304065e8eec735920fc1ef2cd633362881120b0869eeebfe6
E083,127183,slice_042.png,65823,e6c63571aa6204a6db805c9b96ff7399c32db08d258da2ca5aea71224eb9bcab
E083,127183,slice_043.png,65422,683b0f7ec980ea8366a6aea9f941f03d8e2313d9ac6ee821f97c8efe1827321e
E083,127183,slice_044.png,65241,ae4547b0d84f252aef4b2d8ea2a163ac9c5ee09a23c2481415acea39c29ecaf9
E083,127183,slice_045.png,65249,29e56ec63596212a9d1ab03748ab515aa4cf8cca1395834c659b157a338555eb
E083,127183,slice_046.png,65760,87730feee69d116a9d12a70d9b23158dd7d306d024e75205126347f744eee527
E083,127183,slice_047.png,66497,4a442c39331b00b1a7cb940f93c72b0eda82bc83bb92135f3933d8d5659088cf
E083,127183,slice_048.png,66852,77534bfaa29d557cb936c2f5b92db0165ed53205da4e3f377e619f43c2180ad6
E083,127183,slice_049.png,67014,06ab6c49dc4c0b1ba2070ec9cd7bb31b13b63bcdbd8b27960d57613a4a87e1d2
E083,127183,slice_050.png,67462,c1ea9b13fabfd2f46ff82e3e16825bd5b99cc72a3db6861e606a0ee6630c2895
E083,127183,slice_051.png,67592,2ef6ae4aa6b9f9148ece83314bfc558db6f5f007b5e840d68e3fd2aac784da8b
E083,127183,slice_052.png,68048,29cf95855a6174baf990f06df92f8ffed3cbb18590e0ba0510ae06f1305ea16d
E083,127183,slice_053.png,68718,d66c44e5baeea57a7303391b746cec8f7bdffb3c88a10f18961e2ac730cfab05
E083,127183,slice_054.png,68831,2c838f97430f8ace21e248b243b357dcff8c4d17ad2781c6af36e397b88002d7
E083,127183,slice_055.png,69727,1e0f355d8e7d39f10eecb786bf692f4eac78954e035aad9a00d9d4cfc43245fa
E083,127183,slice_056.png,70428,26f0de384ee35e61edb0848e8a23fef95b8db6eda60b084d6660f3f3ca17236e
E084,217712,slice_000.png,129757,f980775bcc8673877d2063f68275f597c496198ee78703b5a4ae3ad65e142b09
E084,217712,slice_001.png,126758,8bd6138722ea98b82c00f67f3619cd1cff86b1a4dbe3911cb5e8b19661952bed
E084,217712,slice_002.png,125658,36ef50e1c99b24cacc99d25a8e20868b9bdf4315c7e26b395ee8d80d01b2be26
E084,217712,slice_003.png,124862,46d00cf34dcadbad98b4adf3edf87669cf7cb45ac7b98bd33de8f6578ce47798
E084,217712,slice_004.png,121174,c6d82fb7b6efa3a77ad2c5f1f5ad71539d7aa0c82f278977eb86392c30a9928f
E084,217712,slice_005.png,119176,8cf54ca9bf75784862f95bf6ac5a7babe5a64af94c675f4606af335d3e61a41a
E084,217712,slice_006.png,119931,4b24d395937d979826c101d3ac1379adf2160d4793c48f81428e7f7bb3981a30
E084,217712,slice_007.png,116963,43fb7d341fd682ac931c9e8f304c066f4656313079e94e40fc085594e551bc3e
E084,217712,slice_008.png,114475,f116d328b6fc75403d754b6f9a7715d22eefc41de526cb1fa4d085ffe91644ff
E084,217712,slice_009.png,113946,304bf6151d63de19fba3fd4e4965aaba7d72f0f84d79386ca6a8817f1f79813d
E084,217712,slice_010.png,112319,7bbb3ae8a0aed8a3bc323440a934928e9a7875befbdf4135b87dc9994079a87b
E084,217712,slice_011.png,110135,06a8898436cef114c4e464a896f717699b56e007922e91f3602bc8d99e950967
E084,217712,slice_012.png,110032,3eadbd8b3b67f43bbd3c38443a2f5bc05b3fe00d3543906e5771edd474fc2722
E084,217712,slice_013.png,111301,cf95b6b317383857cdda333d081500544fe836f451c1b86037f56ffc97595d52
E084,217712,slice_014.png,109563,35972e365f496b527efb4715fc028fcb23bc48b3f5f2be65844ec165736ea82f
E084,217712,slice_015.png,109973,bc492ac435b0fafe57ccd00d9cb71b96c9a8a629cd34a7632dcca915d4efa39f
E084,217712,slice_016.png,108631,50898389e3a6cdcc675063f8cd921dde13dc8357a97762812e250cd3241a5a1d
E084,217712,slice_017.png,109362,1781256a2fcd115aa86dadf69cbf5aff337fd0e43cb58aa85e78e900573305e6
E084,217712,slice_018.png,107681,2fe6d686b8c651e0dc4c10da00979111ba8bd5f7f4400e7ad5983d737840dcc1
E084,217712,slice_019.png,105913,18ba73c9c9e4614cabab99f45db3c02f75444e80d728b1d936004bb33d809c18
E084,217712,slice_020.png,106189,07bbd6c1693ad77fb3c283ba057100e78561ec37714412f148f3bc50f091e405
E084,217712,slice_021.png,105563,a4e9c1b64faf5a1db154ce5b82d13d466a5f93cf414d238eda538cd560036cb8
E084,217712,slice_022.png,105786,f18cf0e20cd39ca0ae8d48533158c3d7a4e892382577c3f71bc1b09d427317ec
E084,217712,slice_023.png,107306,defdcd0ec5fd55a4bb03ed0bd1b00a00b26729cc63ebaeb5935739e41d4f3348
E084,217712,slice_024.png,107941,debf23d6a035f93414add9b7a208cf3c3dbd3b08bd1f0366dfcec0e9e1944ce1
E084,217712,slice_025.png,108458,57bf894f59678e01ff91fe73999c41491a1927f163e532da161656ecadb4ce97
E084,217712,slice_026.png,108739,b91a966db5836279e464654735d50cfaac4c278d15948be22a16bb4fabfb0c13
E084,217712,slice_027.png,109094,f491c7d6f8d59765f6cbfa224c561feddb44511653e2f71f0cdf7d07a8a1e86e
E084,217712,slice_028.png,107165,d810c569cd466d39bf7edc400af7a72e60674baaba1dfc1f42008188cd24938a
E084,217712,slice_029.png,105359,b9f3b45962832709ff89f6fd04d6648e26b57a31b08db643bd3ca9f3fe8736bc
E084,217712,slice_030.png,104623,8d00ba19f2bcf815930e031d9d0e4eb4de9a0edb8f860dc27b889dd3f77631c6
E084,217712,slice_031.png,103489,f4b1c019d7ce7722103f9ec2bc20e9e32fa8a0d04a9aa2b0b2e5466c9201762c
E084,217712,slice_032.png,103952,246c67c27f615d10e5be2352784d5b9581e8983643e66cada666ec58048a6a7d
E084,217712,slice_033.png,104836,b594d007124f2c225048b393e91351eb77620842a17dee940ac0794f9a12e029
E084,217712,slice_034.png,107894,e4f67b9baa89e0d288d46bffc0676b01a1cf7370b1d3ac89dd47928a448a1a04
E084,217712,slice_035.png,109107,a8af64be29d7612ccb23ded96ef45ec96f9e701fb1c8c26b69f5a64602de388e
E084,217712,slice_036.png,110188,e50e95859b6126fe314ae17a7d5c2f32e409a66521f4723f2dbafb0b29324bc0
E084,217712,slice_037.png,112685,87f5fe1df2ca7614d2d322537117c80755c377e9da4c782fce1f35441c22cc23
E084,217712,slice_038.png,112075,ebb19952b65fe3a0c82f7def3dcdb8fdca492575ac094d14e99e9257bfd830d0
E084,217712,slice_039.png,111552,80e2b2d926240e06f01bcf358091d81bbc195e12122cb5504e64451b5e10813a
E084,217712,slice_040.png,111450,589572b595e941addf9d70d6b0e8ac6f053e327b70d3c34a35edb28f3211d29c
E084,217712,slice_041.png,109853,e98e427c8ec9fd3fd834783ad6a4d610268a992a5b56e57ecd61fd38425c0e3f
E084,217712,slice_042.png,111706,b26fa4070748796c8b5516e922fafced17a020cab19e03306da9e15332b69d82
E084,217712,slice_043.png,112550,5308c6da2afa7f00c66121c81d77ce710c3231d835c22c9a707335a08117a75c
E084,217712,slice_044.png,112953,3a66ca29d86199c7b52c003b07a831a4992aed6a8ea72e644b0bcd789d2b38cb
E084,217712,slice_045.png,113879,b49077367e23f43315937adc86af5e33993ae031bae2ce6e1dbed23e0b05ec2c
E084,217712,slice_046.png,114462,8dab6983190d2e2a35b28a57bbf6dbd833683ad9106a2f9ac3f110ffda4c0667
E084,217712,slice_047.png,114900,e4d6ca1f3667ba331d917aaca045a39f602ae7799cb4de7b9ff6412c73f1da48
E084,217712,slice_048.png,114645,6bb585c28ca4b6e0fafc8eaf4725b49b7d2c7f335768cec1aeb04af7dfa7ec3e
E084,217712,slice_049.png,115132,10a4fe00f0a7ed47724a15df293014781ad6d98c3ccf6db4db7e4726a8ecc12f
E084,217712,slice_050.png,114794,dcdfdb4c9ac427f5b2be3d60faf5c86f53b6fe8c50f66e718b06b2e5f7b19f7c
E084,217712,slice_051.png,115251,8da52d206fd8ecd876299fcb82a2a2e3ff3757c075926f3321ca21a2d20aa3c4
E084,217712,slice_052.png,116700,fe3e3c2013ca4ec4357bcf4b92f0e39037aff43c871462f82cd73895654bfcd4
E084,217712,slice_053.png,116200,8fefc388c10002697c17c0e8e31e57940ac2bfab05b74551d2bd3b89216eb51d
E084,217712,slice_054.png,117288,6ad8e1bb8d28f69e87502e4207d00e8851cd63682e1a92c40ac7c53ef6dc5262
E084,217712,slice_055.png,116357,66f3360d1acddcf6358d0a0e3e288cb464bcfe5a124185d9ab63a63fed17c615
E084,217712,slice_056.png,116815,a43851ea4753a0c9c9c8bc7c5c61e60183ba3f5f463a060492fe8671dc5d173e
E084,217712,slice_057.png,115728,b1b7c5d3d9b086faea3b813063fec12a36496c4db9e6cd1268ebc0d3408c1e8f
E084,217712,slice_058.png,115627,644c523225a32c78e896bee69f2473102ccfef4c9c3e8e786fe3b0a50a78bc45
E084,217712,slice_059.png,116210,f0f1f8c8b3c79682ec49c30b960522efacbc986ec89020f50e89b798a2277423
E084,217712,slice_060.png,115551,374db760e414afb1dd5d13eb1aa81fd3d87ba43a03bbff2554af4ea2fc3da7bc
E084,217712,slice_061.png,117832,d68ac43f9bddaa676cce9b8f94b0eff60f141a8b68b40ede733f6ecb4b0365ac
E084,217712,slice_062.png,118469,219d68b6aed54b34f5e0d3a2368c4f82b9ab0896e805452d568811f7aa9b3199
E084,217712,slice_063.png,121128,9f98a16cffc833e8b5fa01b628beb36e3351be8ef13fd341567c4373179bb107
E085,120280,slice_000.png,59977,c4ba84ec4967d09d6ec547866411fbcc1d2b9b6b2e3646cbf74b1dc75b29375c
E085,120280,slice_001.png,59535,7d50cfd458533992291aa6452f4f10e70c37079a707ca43d1e22649ab6df16c1
E085,120280,slice_002.png,59930,a18486f5b99be37625053bbf1428d78216aa3a5444c67d41c52d2a059a76fb3f
E085,120280,slice_003.png,60792,83b51853fdd4cf3f24d494c67fb34dab5405f218a0cfe5ec12e3947ac3bf2ad6
E085,120280,slice_004.png,61258,2d778ddabf2b3836381350bf48156dfa8309de7a160220e690cdb3ef081d2964
E085,120280,slice_005.png,61309,d9ee06c203ea92e048d5084783e2df7c20d71b7cbaa44ed56ed278106e60948b
E085,120280,slice_006.png,61108,eb8f2a7dfcdad33b2b0398155cfad01ce2262fb7f8cf6328993247fa1c853cfe
E085,120280,slice_007.png,60426,534db3c928ac83fae7e07654019f9a791fbfd1b09b8e07ad4a011aa1a230d67d
E085,120280,slice_008.png,60204,8b636dbd767f709fe3edcaa49e939f87ace39f420aa53ab2d11658ecd4f08cfb
E085,120280,slice_009.png,60045,903ef93ffcdba7cd216bda53392bf0813ea5f5d33f02f9629765f98de9f1d6d2
E085,120280,slice_010.png,60212,dc4d1064acf8b7bdea377d630e042d575b9c1593a17fe0007325a0e79671f046
E085,120280,slice_011.png,60936,5ba22dd99f7e3dff5a2f96585543de23de7c528372afcd78caec1cd63718afe7
E085,120280,slice_012.png,60627,af09a004f94cef3ea3898f1737c5760910eaac03a4442343b6ee988abf2ea643
E085,120280,slice_013.png,60595,8c53b72d0c000cbebf77867b2c2559ce7a3f34a045724cd5af33d7ee92605df4
E085,120280,slice_014.png,61513,22e273a85ef34257ffb8e759bc7ca7ec0697773a7700239c0520fff1ad09a4f0
E085,120280,slice_015.png,62413,9b6cd7b31846a3816e47009f707f0a8c28ab78da4836787f7c40415b377a40b7
E085,120280,slice_016.png,62855,d2f16c825d2e80a010bb29e3f223f1186e582f3854fef9a288ac1bcf27913241
E085,120280,slice_017.png,62012,b1199bc5e2772b589a948f35b0067615d38eb738b18afc5d0094fa48275794a8
E085,120280,slice_018.png,61118,f4dd685b83bd1a41d49964922a96b10d5aa9a11fdfd2c2a5b2bd6c531f4f4d47
E085,120280,slice_019.png,60681,5b2586bd5d8f59a04892d2f4eef9a3c102fb137bc4caca182b9655f27acca87d
E085,120280,slice_020.png,60351,b2d2006a8d3e7fdc4ed558e3a9bb4fcc545c7cd56784c9e34fd3b3f65ccf0231
E085,120280,slice_021.png,61888,a7de55c187e35a274282acd232fccced29e866b6fb3159822a7e4f5e5198585f
E085,120280,slice_022.png,62353,e508eb6928548cbc2f729af1bf0e6e9fed91ff85c57e0f34c6538be66bf121c5
E085,120280,slice_023.png,61396,c4a04b24af910a82df49eed78cb14a455c378edaec920f68ac99bfc23bd367ca
E085,120280,slice_024.png,60588,727a3f47ae2c383722d19c445d368b5518374ccfff9a8da746b2829e73863940
E085,120280,slice_025.png,60464,47fcef7fe32b53a15d7b184420ae4fee90515fdfc874e47f2401450efc24d7a8
E085,120280,slice_026.png,60824,01fbda344fd82bcbc7ce93eeda42eaade346d01fb08adae2b3f28725182aefa2
E085,120280,slice_027.png,60692,835e3a46a02e794243d292b8f2628c790eb635b95eab5f0f99533f5e4279f844
E085,120280,slice_028.png,61739,ef6666238ee6c302687609e7dd703b41462f3381cf29b13ea5a2ce16d74c6f09
E085,120280,slice_029.png,60793,eda07e8758155f7a1d3e494bca7a2049885d247024dd206bec5723bea18693e8
E085,120280,slice_030.png,61230,bca5f9cd4e41dd669db817a578e1799ef929cdb983fa97ca1e1ab896fd076a19
E085,120280,slice_031.png,60952,74cdfc25817bfa14388e8bdb894e9a8c0006ad1cc317558df886bf7cd8cc7570
E085,120280,slice_032.png,60982,b98f247134a7a9fcccf823911a557474525f56621d470520832654377bb0a677
E085,120280,slice_033.png,61595,9c06402e851c5e2ae04ccb9a0f2febd9c78fafbce51de244667da08f8fc08cf2
E085,120280,slice_034.png,61410,956d5fcba6c14093403a07bf18419b7ea770b8a164d47a2983555d824b00f0ef
E085,120280,slice_035.png,60855,6dcf043cdfb1c08fefe9b114036e0d7c3df30170555afff525c4c43954f0143c
E085,120280,slice_036.png,60148,ca25e012e69ec7d01eee2f7fa83fa320bfaefeadaf769a8dcfe5f4565efca8d4
E085,120280,slice_037.png,60313,58da819f5886a8f1b02c17830649fb749d2905be19acf443c170b46e8abe88ae
E085,120280,slice_038.png,60153,d8daf202274d7ded7f8d44a899941aae37f214798ca91a9a2a7c394cb43fe76a
E085,120280,slice_039.png,61979,c5097e3c5bec6e33801511380d4abbdd083a7c29e2404ff3887162ede6128057
E085,120280,slice_040.png,62811,846a8698b14016902fd550ffce43ffd3ae22c39ab520d294705e3faa2dc152e6
E085,120280,slice_041.png,62342,06dcbd1e3e265aa3b5ecd17428910665e2de98a657321b748226506f0c8c17de
E085,120280,slice_042.png,61896,978da2f732bfa32bbc0a015d306ee128024f78d88eaae2ff2a7489a35873fc3e
E085,120280,slice_043.png,62129,9d9f685fd0a10da3d2e264d430f41ec92a6c37ebdbc6b9df4d1e4c01cd89fe55
E085,120280,slice_044.png,62293,b08a9648d989c6d385c32bd63190db154d9dc4267a8cc30af500d19ad75b4f00
E085,120280,slice_045.png,62475,46559255cc2ad8c067eeced37e6594ec9bd49a4f8f4e6d060e45d5ecf141044b
E085,120280,slice_046.png,61910,d3049e4b15a35722cffa39261418255cbe1709b7f4de4851e084a79580361814
E085,120280,slice_047.png,61937,ee496d5c1bab219e6b1b45cd0ebbb9dd8023be8eac09047fe7a0d73bcc65082d
E085,120280,slice_048.png,62286,25f5bb3c698c9ee517399ff925f3ab4defefb5723ae68f3031d1b163d4197a0a
E085,120280,slice_049.png,62002,d1af34673fc81dd24990624e22d007c6e6307d92bde6b54a6d49be3af9297c77
E085,120280,slice_050.png,62559,d32428a32217895c2d972264b3c4536e500da79f610ac072b47fe24ff38ff1cf
E085,120280,slice_051.png,63260,cb11059eb183cdc44e2fcfa2d817c33313f2bc65d0ecf568826ae85cad29c80d
E085,120280,slice_052.png,63200,301e5b735f967164920060be132260f5e796ed817a1a9a1aca42b408a970cc2f
E085,120280,slice_053.png,62218,5dea8bca87d6b93d7d8fed758c7f51145ef4ef2ac4fcff7fe92cd963cdd34ae9
E085,120280,slice_054.png,61727,861cfe28d4ed78c3bf790fb5249fd65a18d9f2500102eaffd14ac0782f6333f9
E085,120280,slice_055.png,61737,9b3f2bb003f5a1e3c73f62ed5f5e4c4765d3da62de8c3c018b94cb3c05401cab
E085,120280,slice_056.png,62384,1862dc0213d285c82d9419199e019de59f6d9aefa194d67f45288b5d14f51d6f
E085,120280,slice_057.png,63354,7a9fd86efbaa5799d26f88da50beff77d4ee437c035a7ad84a004266ee5a1f7b
E085,120280,slice_058.png,63667,b3b3f2ad35c6b83ad15db8e84b8733325116888ce440fff3342924f637bf60ae
E085,120280,slice_059.png,63969,ad5061d76038d6c1e8d6d567cc8a3978d005e91cfaf7a4acb8fd177d4cfc59d2
E085,120280,slice_060.png,63312,0a0cfeabdd034ad11415eebc705ecbb5604a54d5e19e8755328c59136815ef7e
E085,120280,slice_061.png,63147,953ad038c9800047d3d7443ca419e1f8a3401f933cb623fde098e4cd9dcfebf4
E085,120280,slice_062.png,64055,804ce74d126d2948cd7fed4baaa1401b1a2f01226d9363a753c9c66b3e844354
E085,120280,slice_063.png,65867,c2a033afaf288e078e5b939da9c42067cf4def5736bd17b84bcf69f0764c7473
E085,120280,slice_064.png,66228,b7a3c9009ce6b0fcc5d704631e6673a5ed1473439c75a738f3e113532586dd57
E085,120280,slice_065.png,66890,ebd79f961ee476e1745c61c9408735fe66dfac19deaad446d24f6ba760e500c7
E085,120280,slice_066.png,66402,d112e226c9ebf560978b84a1ad1634d5b480d7b5bf08e94421f9f3a63352fd59
E085,120280,slice_067.png,66755,d074075349169df71f17b273f3162f4cf6f6449d53e5583a2a6a3f378e45063c
E085,120280,slice_068.png,68457,24398b15501b3fa9c99cfdf843cbd97e72a5abf0ee119e5c8fb2e061d45ed2b8
E085,120280,slice_069.png,69697,3099a6a8f6fe1a6711907336e5de796da2fd4abf093d72b41cad956a9a9dc30d
E085,120280,slice_070.png,70482,da73bbeba3cb39b9d534861f3c8e1238085b0f5d91800d3a78b72ebfcaaca0c8
E085,120280,slice_071.png,70789,be1b5976fc7c2b8a4b00149394749f2e03e2354c96fc5fca431a0c201b4c6a96
E085,120280,slice_072.png,71091,92b7381f341a91219658c57cd12237ae7b39ab76004f8962c703a950f63fff02
E086,127983,slice_000.png,123108,cd8c6e6a0e13a0a03fff53f90ac39bc2d3d9da73fc96a5f53ff0818c04a51861
E086,127983,slice_001.png,116000,8112572a237fa4cf323e1dc1c7a8d5ff5872973ab98a83950744508bb969bd0c
E086,127983,slice_002.png,109183,d79373ad189a0facdcb415527151aa962d431f15adaae488b96618a4d0730976
E086,127983,slice_003.png,105927,f24fdd608244c2558ecf907754ff87e4e41f30fea2901b36dddea6b37f1e6ecc
E086,127983,slice_004.png,102933,6c55da32ec275b24a44b8076650af5bda45e57656c93821cf8b4d1cef327e8cd
E086,127983,slice_005.png,101781,90624a8ef228dfb29cb5bd421eee942249ceead979bea815af3e034c5595f7ac
E086,127983,slice_006.png,101966,50e4048652e4faf40cf1b828b2a58a0653f67aa1e0aa827711d9686f5a1a80fa
E086,127983,slice_007.png,101655,039b7405de578074dcd60a51451bde0e3f138ad4e364b180214c4b77cb1b4f61
E086,127983,slice_008.png,100405,d51a8350abceb97ce365c4367b107008cafd8fe171d5826050a198aaf702d580
E086,127983,slice_009.png,99706,18a28088ac2c8a91aac6b5be05fdb4ab65227854e8229eb4cf17c66e954b384f
E086,127983,slice_010.png,100739,aa64f9abec00a5a8f9ec1a28de9ef63eaac8fc7d3ff12882dd1630a3fc375bc6
E086,127983,slice_011.png,102518,b76b5c1e52039a64c9884d23918290dbc545fea3bf57da9e5f901ea3cd802f1f
E086,127983,slice_012.png,101102,ccd9f68cc45a10eae22db7d70f16ba838a375c666a21cbd9f19c41be030a1345
E086,127983,slice_013.png,100630,84bb12af565f299151b27006c19c7f06d593f0be234e2d680263887e584a6357
E086,127983,slice_014.png,101156,d3aeb26d5b1adf5f27c864179e7812787330a8c43578ca1ab4a141ade6194b34
E086,127983,slice_015.png,101813,5d129f2ce8b537226783ee00704a3643b5f9d85e4b13fa766dd6ea7afa98d6a6
E086,127983,slice_016.png,100693,241796f3a3ad75f69193e1101972be159201c27b275810ac60ce1a5819adccd9
E086,127983,slice_017.png,101137,60b19727f5e07e524c0f192cbb3212fb1e12615210f66e3233016543405b3547
E086,127983,slice_018.png,102358,3f0931ff9eb73b1972768bb897434ac20ccc5f0e0cd9614ecfba87f1d6a43e8d
E086,127983,slice_019.png,102891,6b26afb32e4af162a0cab29269d43c09ba16374747d748629884e4af8fb673aa
E086,127983,slice_020.png,100879,6fa5677af67f84cfad1e2257d4de3ef9b24da766709f2283fd0c78659b3fd3ee
E086,127983,slice_021.png,99790,2c2b7f3c5d402ec7035eb576e850346d75b56c240e06a9291b706d0deebf9e87
E086,127983,slice_022.png,99513,7cf17bf0e5d83ca9c601d9793f508346d6151becfe3989ccf25965c27071ba32
E086,127983,slice_023.png,99436,07aee7e1a62e3ec117ead6c64c9c59939c70fbba42ab9c9e824522f696cd3ff9
E086,127983,slice_024.png,98967,8742d420921b6bfbd244e098a984018eaa1642a95c34a14fcb364008aa58fc9f
E086,127983,slice_025.png,99204,29fc8c2ce683cdfd4893704cafa8e6347c1c06dfad95020d2d0785f88d2b5615
E086,127983,slice_026.png,99736,6194f11dca3169f2852eed0a0f5d4ace4d012930a9bacd44d8c3d9569a4ec245
E086,127983,slice_027.png,100727,08eb931388bf6321753901dea95159e2f8bb38d2c409d74024466cd95a5f0c39
E086,127983,slice_028.png,99738,f113b9f9b675fe3c1dce303d54703601ae3de75df79b26dec89f3c878d86c103
E086,127983,slice_029.png,99415,a0af7c244e5195fd00bf7255152248f1894e299886729400f0498989d31e06c0
E086,127983,slice_030.png,100372,3eaae3b98dd2e9e9314483b364ca51afbc5d2c968fdb74a22dde41d0062aa020
E086,127983,slice_031.png,101157,7ef9860cecc91def219a517025e00965476b14492dcc99a87b15e23a2f7e7297
E086,127983,slice_032.png,100558,7ea9048d938f8e7776201d1ccd2f9cb9f8a1e9664a5423ba1d01c8d664e836c8
E086,127983,slice_033.png,99618,66ed3ad15e38bd0be8f32fe2783b273dc9e1e843e334c7f33a7f9a1391a5eafc
E086,127983,slice_034.png,99197,1da58334cb35829e187252af6cb88e6727ef51fd72e70b75aa430c1535586cf7
E086,127983,slice_035.png,98376,593d4d9decd004a6796b7e55190e3ab7923121a330b7f785ee9c10928c447b75
E086,127983,slice_036.png,97581,52e68c72b6de27907265dd07c10c4f3ca99d47fd66e05d7527cbfd27b17b943a
E086,127983,slice_037.png,98254,a490083b743fb1deae15334a4deeb274b756c4cc6b2acebea722c606d3c848a9
E086,127983,slice_038.png,99279,bc882a021bbf43cdc603289f1f7edd8ecb4f05c6c95f433cc3335e2e723a6f37
E086,127983,slice_039.png,100811,44ce2015dbd8bdf32a80f5e50079c388de0856be08052fb99a913337841f933d
E086,127983,slice_040.png,100004,3b404e42f5fad469141ef8fd72d57fda2166f289edb5fa0fdcf04477f5e3600b
E086,127983,slice_041.png,99542,7f4003217ceff74aee5fd4385027b3eaded74a6f50d8a873251f85f307be2b8b
E086,127983,slice_042.png,98866,9fa12fb2e65e33dc2fbd71a6e2107d31a5be0da6caa67e675fdc82676a3c67c2
E086,127983,slice_043.png,97921,19d17aa614f88b7961b606ea6b6d1e03ad43a57bce70f784e6f113f0fe257fe2
E086,127983,slice_044.png,96287,14fc66295e43e12550545c6089aac2d142a81d42558c8599d0c9d307b4012f0c
E086,127983,slice_045.png,96579,b9994df6c60f085b1f68459ae9cc3a77d90c92c11621e0c8b0292730d5aa6f24
E086,127983,slice_046.png,97678,dede615d129a8ea0215a3bef113e963bda4a7c70c293666de930c1d0ecd357c4
E086,127983,slice_047.png,98383,8252ec6a88c940b1e4cb6502e87864ca10f208b3422dca2c1625005adf4596c5
E086,127983,slice_048.png,96931,eface1e083d7f84c7471b080f9dfdc90517c1e680ca156089180661e74f384d9
E086,127983,slice_049.png,95790,c71b3ef945ec241db659dc4318b7f91e61c7eb47bd500de17dd932cb382c1d2b
E086,127983,slice_050.png,95192,6831b78db1b95d009ee92889faf7dcb0ce3ddda104955e5579db1f066397fb93
E086,127983,slice_051.png,94978,7ad75c7dffdde51752c959a947a0381e870ff18fc312675febd0e6ac94716052
E086,127983,slice_052.png,94303,52f8180cdc4f9ea4d5416bf0e9ec5df11316037ea9a985619df10b905ac86e88
E086,127983,slice_053.png,93868,0341dfdd4ad5b7af3edfa383bdefe92f43279c73e152674dc42c0318541fe244
E086,127983,slice_054.png,93390,a98cfd9e8a2b1f3e80cf1a50d31290de82fc9c42974164bb65d3348d89317b1e
E086,127983,slice_055.png,93194,93c2e6b50088b13dc643a512857e611cd330304f33ce2d5d6d72bb8680e8ffe1
E086,127983,slice_056.png,92269,082dd6ec465958eaa2d9ae3575aa21b126cc10f5b24c56dce9f46e1a3f00432f
E086,127983,slice_057.png,90836,8dec70b91096f0b3406e42c8b3cda284a50c1065ceb2ddc0f20b4256ceb3edef
E086,127983,slice_058.png,90733,b31c76f0ca8e3116fa7e9afff07402175d8abca35afc967676388f477d6d93cf
E086,127983,slice_059.png,91304,dd570861a185a3885c411049b96771161ec4928188481114604222705fb05d7a
E086,127983,slice_060.png,91184,1791b01b9e6c177bd0c435a49d278b8fa3f6a00eaa35209763a185a3253f77a5
E086,127983,slice_061.png,90912,794f089892af14cd2f5ba900a7e9f6cbe8e62e0d2601ea2f60dc91f97217cbe8
E086,127983,slice_062.png,91168,d7edab4754fc58e7b798f9e5344d0db1b0369709625910ae56673b43654a95ab
E086,127983,slice_063.png,91196,7ac21f7c7b919c839b472cb514d7d752753898ce747aad82c84a959a1b8a925e
E086,127983,slice_064.png,90009,248eaffa76d439744807cef1de226af7891b42a523c84640fc839c3c7eb697bd
E086,127983,slice_065.png,89713,e3b19632dc6471eb6ed95e4b72e15cb058cff6ba23318dcc85fc61ef3828d6ae
E086,127983,slice_066.png,90851,759beec5e851697b8f813aa6b7692a0f3c06d8a65b2bcdca569c2c749082640c
E086,127983,slice_067.png,91960,b77948d183bbc53fa749ecd6b4f6c726c400e609f7008c478ad59f85f60e2053
E086,127983,slice_068.png,91823,da05457ff38d3abed1a5f2e4948a1f6c2fddaa2b9f7f81e51ea1a607cf24a1de
E086,127983,slice_069.png,91828,1ddfb5c511e79a0ad96fec3fdb7c2805073934648cb7394c05fc51b8a9bd5e97
E086,127983,slice_070.png,91929,42583caaf0bf8b8b47924eb72cff6d7725a9cf1eff6f4bffe7682ff49384ad80
E086,127983,slice_071.png,92421,5fcfcc3d727f099ae39883aa3be22e649d91680f4c57f590b21207aa9e91084a
E086,127983,slice_072.png,92126,97f23c6a5876d4e559d4bd759b5973a2828c6a72e00d9f2ba832ebde91989ba3
E086,127983,slice_073.png,92857,34735022db89b6541917dbef66594960de7be6dc5d7efba2656f0ea8ff380386
E086,127983,slice_074.png,94482,51b628358201035ab78f475aa8354c4e29fa22574214202f6d7e2feffa13f258
E086,127983,slice_075.png,96602,0660ba073c9c2ac9152261367cf6cce85f34570e3641f2f965e2d070eef462a0
E086,127983,slice_076.png,97931,d577fde94094796748b389abdd7f7d17979ed48b6c4b94f3d79a8adde1691b05
E087,100099,slice_000.png,160103,1a4f8ee5b38d8227c9901bcc8f06d87ff6cc9b87b2130faa547e4fb2e477afcd
E087,100099,slice_001.png,165956,15f339753f4755b3c9023de5c6edb1171d89cff73268d6cef641d12645c25b37
E087,100099,slice_002.png,160639,d797473b9998deadddcc42c6312432287c952ec3eff5b7ebee5b74cdf24b0913
E087,100099,slice_003.png,157587,5eba099b23b98858b6705691e3b8b9dfb21e809508651ac0a73a9d500f671537
E087,100099,slice_004.png,156762,b0515dbc30db49b39a35f4745f5e976afa654c2f00a5473bfacb781dbb5ef8b5
E087,100099,slice_005.png,156157,38ad968388f8fc6526b3b777817209dece05d3509083dd572007d37e53c6f239
E087,100099,slice_006.png,154244,543a594519ef91b80d5e615f8bc3688fac637bc94a67f128ddcde12374679167
E087,100099,slice_007.png,151931,48effd35d5318e2a2c6701138b320e9a110094d8f7fc4243aad12ead11efd3f6
E087,100099,slice_008.png,151829,92ef6c70a1302f7eab9964f63b98ad511aaf10afcdae4daf3df6cc7081f8e26e
E087,100099,slice_009.png,149868,735cc492ecca00f0e38d755fc87dd59cf564e2e692e8f12120b72ec02cda1295
E087,100099,slice_010.png,145517,071dab8cfb13f95bc9aa46b064d256ddd4369011be8fb66403b26fa662ce79a6
E087,100099,slice_011.png,142233,6a5306064fa1599b2e60ff80b93569a7050ab1fbf8a28e4dc3f329cabb708f9c
E087,100099,slice_012.png,143585,6000477ba04509ab1b0524e2eef09d1fafd60fb51473440ab98f525af9d5ec90
E087,100099,slice_013.png,144962,942d039fa39fc73c84d7569f2e69cdb60ec2101a1f4b03e667d991398db70fe9
E087,100099,slice_014.png,144843,26849b2a33ccd1a2c4f1066a068923faf626a5537593037b3bd2033e0e971e00
E087,100099,slice_015.png,143953,cc5fd07ba56c7175dabee8aa7ee6e1178ada118b1b4cde5a29f89366138892ac
E087,100099,slice_016.png,142609,0d1a2d2d29aeef94bd307da1e62ea74341a9733a7baa843bf587824704a4acd7
E087,100099,slice_017.png,140211,555db2922e491f809d89e0515d0143a3bea54609d4e1b1ee0512ac983cb4732a
E087,100099,slice_018.png,138919,c97879c6a241c28d655c7d49efbbbc11efcebb26688daf43e158a7d741289565
E087,100099,slice_019.png,138353,67afc30cfcafa4a4ce07ed4585dc8a0dafc6a9b7765d3d32454c92b50ca21828
E087,100099,slice_020.png,138273,fc579023a273aa2c72d6e33d12f174842027a1a9048283336c9a707231f77468
E087,100099,slice_021.png,136723,01abdb72ad56e300d4cc90910a2db9c4558b8659ca5a3861456f90ee4d273795
E087,100099,slice_022.png,134051,e09c19ad3229afab49307617ea00c8f0354726c6cd9ec7fd2d553facd6e2371e
E087,100099,slice_023.png,132365,09553eb3a55fea4c8cea2134d3a409b34cb88ed0fbc7a6304480ef6501c8ff9d
E087,100099,slice_024.png,131209,69a75f13dd28f264b372d859de2dcad020a58611f46ba54b6894af5fd659d16a
E087,100099,slice_025.png,130088,7027482ec45c81b9789745a86539de017972aac4a0764ab83521469998e673a5
E087,100099,slice_026.png,129429,e787fbaea6c21b627930deb2d4d33053d9ff2b0c4ae8055a5c4be32054a6ff36
E087,100099,slice_027.png,129216,a4cdfedb62422a339b3a08f5f16717d6cf78b240eed4ddc4e681cf1120e5cc75
E087,100099,slice_028.png,127438,0b85fbdf57b66c944731d836ee85d6a02d5df5ecdf40553ba987c45c50608e5f
E087,100099,slice_029.png,125171,f1a545d43476255a11bd3b39f06b2b9c2ede39c6ddc209426fa9f0a941c002bb
E087,100099,slice_030.png,122872,72329d20dfeaebcbc5860899983eb1ef0bad16665ebf2bfcb6988f74097d66ee
E087,100099,slice_031.png,121865,0e88bb40b4c04579c2cfdc7cfcd87fa898977c938656abfbef7fa14fa35ddba1
E087,100099,slice_032.png,121603,2063454bdaf8fb02f8ee865add83be82580ccb2b53af0a077f049029c055e156
E087,100099,slice_033.png,121709,d78bca8bb0c550bcc3e7fccbfff5e76c4d30ad692ddc20961ae685415d809388
E087,100099,slice_034.png,123950,d6650a8a095125d6a3d768e4a1518975971ba48db9c0bc4928c2bff6ae69c97c
E087,100099,slice_035.png,124854,2ecb396623e0c83cb550cd85912bee7da000d05ceb51e4734ab7e47960d322cb
E087,100099,slice_036.png,124129,24de422adb13d9e4fa372e19a22dc4f9c5cf6c199805589c0680d9a719318004
E087,100099,slice_037.png,123934,da6fd3374a095407bec6da9929d65954063f959b448d2bf17e1c137bc835ff0e
E087,100099,slice_038.png,123855,ba9dd3601c8a389f114303dd194519733743494d5fe378f3d07a2a2ef8bd747c
E087,100099,slice_039.png,124066,05e7bb1d71d261ba877faedb29796144b5dcf205184bcb0aaadcd9b6db96ba9d
E087,100099,slice_040.png,125274,cad2f072d3f5192040e97f2a54b55dbaee245c129c29c7017b57d641577c9185
E087,100099,slice_041.png,125932,3803b642d9858e222a5ea9f8ad6eab3171369d20ca277dde5480d5aab04eb959
E087,100099,slice_042.png,126128,527965f85d2613f664d69df390fb3795005f5fc3264d60a88a2a46800c02ddd5
E087,100099,slice_043.png,125129,9e92d5d7bb245652bf403103c6ff46800477463f1cbf7a75ee50719b66828548
E087,100099,slice_044.png,124935,f767a2b79e0d6711107cda47075bc959d4bab961b1e32d584433397b742e24c9
E087,100099,slice_045.png,125674,a65af7c74f406776aeab6f5c15e377056b9af9e389876405be6693faf4adaf10
E087,100099,slice_046.png,125879,69b53a754f9bc40b75a27a22f4ce500503772a10048f26a9d9fa0b8c212ebe3f
E087,100099,slice_047.png,126636,bb98c5f458ced9ee546b51525fa1009dd504261926d14f46dfb9c22d2423bc0c
E087,100099,slice_048.png,128208,161c46c6bcbc79e906711900cf3c1f2d3cd440ebe8e0e5f5a09f8c66db33f322
E087,100099,slice_049.png,129176,54737b80252218bf6e9f0a5540e274b22119483392dcf40fdea0404620197fa2
E087,100099,slice_050.png,128742,3fa1f7e3491741dc5ee38e420b7930fd3c178c4d94c02085acaf126237a1c962
E087,100099,slice_051.png,127002,087e72daa75cea74e011a11a30a597c34fbe20e4e56b64ad6ca26156d9f29f52
E087,100099,slice_052.png,126505,64cbad79738b1307a478004cff1e80aede8bad875e71982edb0a64a74f2811cd
E087,100099,slice_053.png,126171,faf98b4a1855b7bf6428cc4ea1616871bfc73609935c48c5c80e0c29a31c4040
E087,100099,slice_054.png,125772,d4541acc8aebc7b88b8d4731efdd5237666f6e56882b487f1373da2ffc8c1e46
E087,100099,slice_055.png,125121,dbd1b95d24879c175659859b1a05b935823028ea48687e81b6a6242ff61c534c
E087,100099,slice_056.png,125817,f37ac9700f6ae755e7556cc6fd1b5a28d9dbe29a774a5fb32a0bfa659795eabe
E087,100099,slice_057.png,126591,713a0b32c30ea3897b88751d08cce02dcdc0b9832bfda1e3995e87922f778177
E087,100099,slice_058.png,126004,f47c1090393af3811d912bbc7a951edc15360547ed84366ee5f3498dbd9ef88e
E087,100099,slice_059.png,125581,db6be142be99239bc7106f5715de212d4d22eb4d674380e899a811d67d654235
E087,100099,slice_060.png,125852,b9c5752701fad26105a54f505e666437e57378c6da4b03ae35228b74f28c5e77
E087,100099,slice_061.png,126073,81550cb48ff3f0a3464443b0000e0c4e4cc6d59a74f8ad3bb01b4dc4bfff0167
E087,100099,slice_062.png,126446,b34c6c3e5d3881c67de38fc80d3c6fe80fca44283cc4af137004bd38adeec526
E087,100099,slice_063.png,126806,8ae54e69c781b5ea93812f1cd273bea81708ec20c44b8fbb81ecbea6a627f205
E087,100099,slice_064.png,127031,0bbdd814804331de35fd7881d4a149bc350ba48cbb6a028e02d7a32e99193a8a
E087,100099,slice_065.png,127116,d7f9c46b7bd497c03ebca90ae518465b11edd65ba69b16f25fe855e9522ba051
E087,100099,slice_066.png,126898,c87306ba85e50f6602b8d3df4b49d268805ff6601b08e608f0f3ca6f74b3b4dd
E087,100099,slice_067.png,127125,d2af37004fa4b77c7746f4b6ce77c966c921a3d49026a3a70af2569b53ceb902
E087,100099,slice_068.png,127188,5f0dbefd8da6853061f1e8d15883145dff59806418818a808a48e12c1e4f4534
E087,100099,slice_069.png,128699,baa64ca1e4a47f3ca82ea9386fd7a92f1b87fd572bf600b721b768ea805ffb66
E087,100099,slice_070.png,129144,2aaae55c604985050266012bf3331b36c615ffe16ef4af16df6de02f00edce50
E087,100099,slice_071.png,128545,195649bb98ab53bd068747bec1e86a584fb88d3bb2bee181e6cd69b5f30a9667
E087,100099,slice_072.png,127168,d4a10d98da47cacb01fef5d601997edbc882b06719890b02ad76fc8e33436880
E088,130133,slice_000.png,107881,90995e6bb98384bba330ec291677b3e1cbd848cb36bd41fed97eb6c39d5b3528
E088,130133,slice_001.png,102482,de5a4b9d64dcd14cbc69827a1c44e0ef761e07248737b927ac3ebba99759486b
E088,130133,slice_002.png,101110,3433557e199887c2f0af121d40e32ba871575c82da83c3dd212018281d5f7d17
E088,130133,slice_003.png,101370,11295adef15f0a2b2b8f03dc017264f3c875aad1d0c3edb2ade1a03810b5a54e
E088,130133,slice_004.png,101096,d46a86dafe6c63c09a5cc470852c4a9e9df5caec58aa21055b2549cc1379cdf5
E088,130133,slice_005.png,101418,de0f89a96eedd3cb1d39c83071f4abb847190b37993813a8080f6ff78949661d
E088,130133,slice_006.png,101764,9a65b4e4dcebb69d09ff75103bed935329050ee50b1ba79a3c28f8661fcbe500
E088,130133,slice_007.png,102908,544e09fdb5145d3521f80ded4688950b1942252ee487437f6d9e3a2072c4b67f
E088,130133,slice_008.png,102439,567badf08b1966f7ad1da421373f5fee645cf985dd8e608f8bbee00904480077
E088,130133,slice_009.png,102905,dfe9ab69d073621edf09c5a30a0694eada247d3395dc15317640d46b11fc89f2
E088,130133,slice_010.png,104180,6028b9bdee783e851fbabbf4cb4d902ec27e6ebe70452a0b220aeb1a3ac6b771
E088,130133,slice_011.png,105185,ed90d2da81cab1f90bda2a3ab694bca48ddc3f19a435260d7cc7660fc4c371e1
E088,130133,slice_012.png,104431,7cf9b631021f24e084d6271266947e744a01de05e211a8964589852b2db98573
E088,130133,slice_013.png,104767,e916ba7fc749b40bd25a94ef742d1bbf43eade77d79aa35eb497db8930d00973
E088,130133,slice_014.png,106753,054e27c74d2576efa5c05a90178985594e5793fce796f9aea545cd33ea4ffabb
E088,130133,slice_015.png,108301,a5e133199f9ee4453b46c02f953bebd39da9677edf165e1badc2f0900df88cb9
E088,130133,slice_016.png,107932,249546b42299c9d474c88fbcf1c72f6012fd82e735a15f321bc9e5e671d568ee
E088,130133,slice_017.png,108411,ad84c61c1c35e6165aa682e54648d50dbd0ab02894091a609cf5e79227440683
E088,130133,slice_018.png,109209,4d92911ef89115d03352d4b59c96c5c549bcc956de749683d48c823fe39845e5
E088,130133,slice_019.png,110646,d0f334769c4d4e9eac53a0a18fd0732e976c3f03a7fd6299513a21f2e26d3caa
E088,130133,slice_020.png,110589,1d9ce09fbfb8c4b47199f5d8f0996b7210828ee35991bfa8088f7ac1e59fb78e
E088,130133,slice_021.png,111165,90f5ef54249dad5d0f6f901fe11577718959f48987ab33c9e150c1c6c845dc9d
E088,130133,slice_022.png,112617,e9101c3c39dff1729699d044c3daf6ed2df8d0edf5b40dc33edc65c3ee338db4
E088,130133,slice_023.png,113605,04d7fa2d955491065b59f273cfc8433d79772c6e14e4ec848a45d80360cbd14f
E088,130133,slice_024.png,113055,f080a8fd591b2a86f7fc3c3bf20636f2e99c122584457bfbf02161c31e5efbbc
E088,130133,slice_025.png,113250,13cddb3361fc9abe61656b05ec3d66b0b52915459f8864fb536a133537e840ff
E088,130133,slice_026.png,112983,4e57d8597467b777edefe2ba7e2c1b626d6c1848bea69d96cbb2ade91b78864a
E088,130133,slice_027.png,112858,09c81fca209d4ecde9091f8b54af3567174c3706f62ebbf84f233a1cbea281a6
E088,130133,slice_028.png,111539,0bcba78e61e124e26d03a247665ddaf339a10f303c46d1d8621b1554023ebd3c
E088,130133,slice_029.png,111149,fc939aa84e12d40ba5e1ccc659968816205c07cb4b1421377c1534438040de11
E088,130133,slice_030.png,110501,47171cf45e2c2a713a934ed416aa958a888ea771472c71ab2e6e5c8a04c342b6
E088,130133,slice_031.png,110263,dc2e7c1327d940cfdc0cd885de9e794972fe0198855f5f6ad7c09702f0880b4b
E088,130133,slice_032.png,108406,dfcf1e804e09c6cfce0ea16e235ea1839b9451a61c983056b31909b9fe413262
E088,130133,slice_033.png,107879,2c54da9f54e1e5e63674713c3ddcd3e3871bf262ac65c2b886b1f1a6d549ea17
E088,130133,slice_034.png,109030,346af1b3114b4f8ce164f2847d1c989a2218ba7ffc76758d58e4b49443588b7b
E088,130133,slice_035.png,109411,43702750671f501d61b236a3b88de9c0cac0e8bcf1294573b8ee3711805f6efe
E088,130133,slice_036.png,107898,b66b949d87a40eab29a1c4c01b26961ee2a9faac1b9d12604835032f0f8d9fb4
E088,130133,slice_037.png,107125,e83165335dd31e36f72d40deb76e49b347e3bc838dc45e179d6cf84419b5609a
E088,130133,slice_038.png,106759,b805898b46b5422bb34944e6fb640c16416fa407f0a467009bd38259a705efe7
E088,130133,slice_039.png,106748,590ee4f21d23da9cbb1714034fe91860e7e34d5d1dfa8b50ba1e4124b72ca684
E088,130133,slice_040.png,105928,090ec61f9196b7516d033f918bc0293ec53b7cf48b9c327a6485e3caeff7eaea
E088,130133,slice_041.png,105162,73dbd781f76565ac0132854c2d3eaad79d1eefbb5ccb943f8396f8cc01471e4f
E088,130133,slice_042.png,104366,7b169536155f6ac421a4a67c99df5dadaa27cb34237a576e5c24ded3c5e0dfcb
E088,130133,slice_043.png,105141,cb9cfc6a793e6757ebfd3ab518d2f46ad3f160be492b85ea842a70ba8762e7d3
E088,130133,slice_044.png,104517,010f1bd44256b67ef17734583126cc1e78f5074069fccd68a65c9ad08f802b60
E088,130133,slice_045.png,104578,addf02fbb6ef295decd40eddaeb0606985bdd4623fc5c293e1a99248b4f0fb54
E088,130133,slice_046.png,104398,13d4e9fc25b5f5e544c64b0fc2fb805b0481056c36fff1f4b07ef6899e4b2c46
E088,130133,slice_047.png,104581,8c5c0bb0724cbd6d38acdbd5dc15311ba01e67f8dfac1a1dc3bed599dc8a5339
E088,130133,slice_048.png,103156,15c6dac96c05b262e746054a9d1cfa1a3e833298bc360a470247c0172c461b79
E088,130133,slice_049.png,102670,70d023466cb2614b36297b10438b8b17d92ac2ae8c9bf16524110b7dc04e9dfe
E088,130133,slice_050.png,102854,0db91bc37c25c9f2ac9174954d9c073f5d2790bbf4bb1b309b7bcfef6b87fa73
E088,130133,slice_051.png,103224,173bdd5d915d267763cf8ca33d26be5dc80f0ff23d435a41edef9b656286a3b8
E088,130133,slice_052.png,102937,34759809616f5a515aae09cbc9f3de1dd186733ff98fbb5886a794ed4a043957
E088,130133,slice_053.png,102706,368af0f6f7d088ed91a843764b242888159671756513154dc32f30c4f55e87ce
E088,130133,slice_054.png,103800,98f1ede7b0ded5a020cc17619f10b4217f9a2492de6dcd2aa74e005bc5543a47
E088,130133,slice_055.png,104446,4dbfe034ec338b41a976a7eaabd10f78347f751940489d32fb561d699beb6f88
E088,130133,slice_056.png,103338,aca2d8a18d29554b0b01490142db20f12f0a7137f2303d68f23b6150dcd29572
E088,130133,slice_057.png,103022,829bb55e9b2dee40385bbdb3fe63fcdd4c0d031c8b6712be0586c0bc0ae768c3
E088,130133,slice_058.png,103086,bad73b2e29656e48ef4e459fe3835869bde7e25a9531ea4d7bfadaa2bba1786f
E088,130133,slice_059.png,103907,869f2923f58bbcadda71f8f1a794a16c7819088b379be7d0189f2787f65fbcd9
E088,130133,slice_060.png,102889,c304873a663c2a87a5309226f463c4bf5048ac8c8757daa8b70811236f85759e
E088,130133,slice_061.png,102581,760b2c6ef41b5901f3dda6fa53d2a697a08f4680601c418bc2fa6b742d76bf25
E088,130133,slice_062.png,102382,684f12be4ff1463cc4e24d4b1f41fe2f956ec2cf2e201c1770ff7b07e4779cd2
E088,130133,slice_063.png,101878,baa002d2040906fec6f49a1980d7c392e6e043b40107978685762389cb8631b2
E088,130133,slice_064.png,100305,25b019233301713e8141fad3669dbed1273905e53773f81b4d7880d0a0a3f4c0
E088,130133,slice_065.png,99426,ffcc13f92d1d6b764081f56f61c5e0569b8573903f915b9fa7b977726569f07c
E088,130133,slice_066.png,99459,f2ed476eb491afdc2617d8b0591ede47f2efac0a29fc3714648c7c932535e7b1
E088,130133,slice_067.png,100176,5a1d26ccc30a0e5942b3d65fcf6e00e801ed44765681c3a20c9288dc47877ad0
E089,200862,slice_000.png,77568,d6963e2a51a94fde848861f7ead0a357a29977412939f68e8fb86fb5f0b3f127
E089,200862,slice_001.png,75794,c1bf4d09a03d66f0256128c9bfc8a9cb2f7ef0fc276294074dcacfd28c7b03e5
E089,200862,slice_002.png,75113,020f3e9132780c8757c06218b930c05fcbc95d3673cb92a913684339242ebaa1
E089,200862,slice_003.png,75139,66a9cdcf1b7c95caaf2942465da67d4d9cc8baea9486f96faae191fa0b922c3e
E089,200862,slice_004.png,74828,525f0c1cd15fcab59fddabc2dc2609d52eef4debcf4a5b6974c603e526449ae2
E089,200862,slice_005.png,74951,fe96ee9144d00f277ab97bf38e802c6653ca6816449d76b15856b02d13b86113
E089,200862,slice_006.png,75064,50d3451e228784f1f9f3559b78da8674c1cbd6955217beec7a293b7fb390195c
E089,200862,slice_007.png,75534,1fc86b76453fc8acb0e72ae9786fb7d86b9fbee75aea8cf1c927fa07424dd5f9
E089,200862,slice_008.png,76378,99b435bb32ba8752fe6f7ab014e95249d788b239992f41cbf75d7f8a2a7e38ee
E089,200862,slice_009.png,76131,a611fb122fc528debbf93a66f0739c030a9c5471a58a2b5dd61290e4b4f3db62
E089,200862,slice_010.png,76210,cf0b04bf8b4721565203901090874c8aa97f3280cb60b06ad9d2fc617dd7da9b
E089,200862,slice_011.png,76426,aea61c194f5247e17dfcec77d41ca336fe7ee5eb7358023b5f72c85481331582
E089,200862,slice_012.png,77252,091364995dcf652193631b70e1e536628afdb9df969860dcc92ecff6f648db0a
E089,200862,slice_013.png,77454,7325a9a9b20c32bcb4a0aaed141e58d2976927134ef6ee85d5e9bbf6fc4ec114
E089,200862,slice_014.png,77853,13567caff9cc6b3401f53c0c708803e759f33ef0d32ee4e8e031bb6e61fb4042
E089,200862,slice_015.png,78062,828bae42ad5c4bcccec24090d4075d25e4ac1acad11ebcacc64be4d837fed25f
E089,200862,slice_016.png,78636,ff2142f492b3a90b904ad2422c4be00fcae8a3787e57414a56a87e22d34723b6
E089,200862,slice_017.png,79484,cfdadaafb7ff91ebc1671c6a2cb59ee9fe35b1192f8f0164309e4093835c63ec
E089,200862,slice_018.png,79280,dab9c15cbc41ed3120c354210b5ce02dc6556dc7338fd665e852af2890d91510
E089,200862,slice_019.png,78935,3e8b2fa522494b1b40d131637f25b293a02b2eff216890cd2ddb4752ed5a5ce2
E089,200862,slice_020.png,78164,7dedfafcee95cb5051b4b92ccca1d429d184ae03c10e60544f89368a18fd3a92
E089,200862,slice_021.png,78358,16998e1e671cba2c72bce00f41bbb0736b96951a8ddb4b68dbd34619054f5a05
E089,200862,slice_022.png,77927,b4ae8b9c7d9f3dfedca68a6bf93601767e1c0b90c060614f59ebe137f3626ab9
E089,200862,slice_023.png,77299,f842ff5ada1488705ece67c5a87ff58a63892d0e48a89adcbdbcf3a71942de65
E089,200862,slice_024.png,76824,05a82fb59bfb23953e7a15d5a0956476994ae711da597a3c434c027695601f5d
E089,200862,slice_025.png,76708,645cc5968929e784c65c8f265de4607c674e3a01f65fb2e4e67990a3599dceb5
E089,200862,slice_026.png,77125,bcb64246600aa39566acdc0213a2a37af7cd9126320a7e1cf1ac2d0234e5cc4c
E089,200862,slice_027.png,76481,0804a01c79d331009af3e6e662b096956ae8aab1c68fe1f4d0dc88246ba86728
E089,200862,slice_028.png,76157,e133ebc6dd18e8ed7ef78b91b6477696794b3889fce8e762855a9c74b7e0c234
E089,200862,slice_029.png,76695,830d465b62faad624191fdb5c74c733f9cbf505debf55b078f90fa6c5f2e1f12
E089,200862,slice_030.png,76260,cb596e509cc33174a25dffde69c13b84d12fbc5d572e7d9d7ac3f465a281dbfd
E089,200862,slice_031.png,76488,ce16d4c3117be065eaf41bcc6ae377703867d484d345a4992a63c0e1bf2300e0
E089,200862,slice_032.png,75795,a417a420d2986e20fd459d72aa6df300f53601b2eae20ca33592d15668889601
E089,200862,slice_033.png,75252,68055b72dd98d9091b9e4c433efeeb583dd89aaa9f74a87d21e1af49324a8382
E089,200862,slice_034.png,75325,c7364ba483cc50aa06319e972839a0d45563fadba17978948f6b95ff2c724389
E089,200862,slice_035.png,75519,fe364cc90516ec0b5dfd162c0b347bd6dd8821ad8e8a7ebea7e8024cf5b66562
E089,200862,slice_036.png,75316,2ce858e729ecdf5d1174d56e8dd19a3e407e363b622744c52063aad488ada8e7
E089,200862,slice_037.png,74624,f68319ab428378352d7532bce8e04fe836eded0d3c2262a9091e60bfef2e71f2
E089,200862,slice_038.png,74236,b6e88e860065776e80ea2e556b580e9f845214d4d03c564b7e29c3474c186c93
E089,200862,slice_039.png,73822,66c8af0c9b98d13c2b720659b47b1a4bca9f769e8b0f7d4b4d734bc90154369c
E089,200862,slice_040.png,74163,b74f53571527457b88875cb5fdfe69aa354a76be61d7521dbee2206ef96e3250
E089,200862,slice_041.png,74161,9b1a6cc2c318e7dba2051de6ad79b3c825bfb0f1c285069d33e4901012a245f6
E089,200862,slice_042.png,73962,91482d5dba5c06f5b6eacf7c44a155c6645fc09167cc84a2c0cf9831ebf558cd
E089,200862,slice_043.png,73497,d689308afb7c096ed117a74a87fb69310ab69d84cb26eb5022df8a6fb3d94459
E089,200862,slice_044.png,73539,87f72e7389961d32f21ec2e932c7823dadf8ef93c7ccc45b72ab3ab8b8de307c
E089,200862,slice_045.png,72596,08c65002d993d676f1cc6147de3b1237795a40cb0a2a4ea5c7d05a4b54c93d23
E089,200862,slice_046.png,72553,be30a90674c65e4e39837ef12dd68953fefe761207fbc9a047a01fa64b7a124e
E089,200862,slice_047.png,72113,68944f73fcf35b34d6723adb14b9519fcd8d667c912a495bb8a385e8697e4d71
E089,200862,slice_048.png,72732,ddc3f23b7272cfbb84368e1f3913f23298fb8dc87bdb6ba1cd247975ecf816f1
E089,200862,slice_049.png,72911,3177bfe844e2f675f443256d9b1a05da894b0bb77f25c3f8868e6a0d4424b7ba
E089,200862,slice_050.png,73107,da87b225d0b2174f4bf956141de1c6cb531b41824111df8425a5c56faa3b7080
E089,200862,slice_051.png,73009,54812c8d8b0e4db3226f10aabdffa24779342d98c468a64961b58593c86226e4
E089,200862,slice_052.png,73086,db1cf698c44bd04517c9ee726074d9e64195363d05a587449950c28774a3579e
E089,200862,slice_053.png,72867,dd80108348bc497c0003e90ffd4a316a677eca2107abf9b3cc5a449a8af8328e
E089,200862,slice_054.png,72496,8edfc2369ac3b2ca1878e32b362d52a6219ee8254729562c7e1ec0d332e88d8c
E089,200862,slice_055.png,72708,37cd4a6617b964834d408c822de1456aa082ba7a447c4d7603a987cd5e07b8cb
E089,200862,slice_056.png,73501,6f701b4a6b69cc5f94a335f780d559169003c7a48e5e79a6ff88d0e5a10c8ed2
E089,200862,slice_057.png,74408,7aeca388fa83045bd72b4288d11daacf8747ff0fe18310a4b3748e02074d12e8
E089,200862,slice_058.png,74852,07ecd439ba4bbf36fd5b7a0566bc5bde07132c68cb0e33c36ec729be480899e7
E089,200862,slice_059.png,75193,112a2d21c4535d01ff657c0f69df7d2fc8ad905e4b149d1804362dbd39e8a7de
E089,200862,slice_060.png,75033,a2892cafef989ee6f5d851a079ec457329d36c447cc737a0f34c7a231b83b39f
E089,200862,slice_061.png,76548,35117e207db9adcc483cc4d7bf5a51ac10c6c3f22f6cb593db1cc739025bcf84
E090,108985,slice_000.png,139680,9aa77849aef97d180d7d30b226c09b074aa7b31b76917adcab2b6334958a29d4
E090,108985,slice_001.png,135939,45ff413b9cb9c0bf53dc25c2e640419f0db0053a483c43260b6a4bd3f4e29959
E090,108985,slice_002.png,133335,877ec827bfae6ed6cc4a5efb8187220dcd4b7cba74cd6f76293f49a70678e020
E090,108985,slice_003.png,130029,a3bfc5d2d3be47337ebf219a1d1f6d9ab8c7e1c20997e16664911f06587bd525
E090,108985,slice_004.png,126751,e130f4e93317bb4b99dd8924cda855806d7a6fcd97410c1a4e223b80fc241381
E090,108985,slice_005.png,122367,334b8db11e86157dc531d990fcf7fe73ecf7d5e2dac35bdb89e6cc3a52a80bbc
E090,108985,slice_006.png,117079,1e659a1b5dd31fdef788c07c8f4c761862179b0746a1865e8b43fd7eb5043ed7
E090,108985,slice_007.png,113604,c2a6caa6fd8af7f9f6daf2a7992dea7268f23eff4541071cd9658fab940b18db
E090,108985,slice_008.png,111690,ddba3d1cde9d8018e7eae6b6db53b503baddaa207f89b0b84d1314e8376e4167
E090,108985,slice_009.png,109801,00efcb2322d001b27a7a7e6ecbf2d096b054ff9f06363d85ac41a6e2d3fa2503
E090,108985,slice_010.png,107823,d13f8796b5f1d24198b7b88aba6d5dc554b2c69b26fd88067517a6aec87d88d7
E090,108985,slice_011.png,105845,8a7357f683d2cc262cb55ae09aafdbc2119bf8952526b147c72e7155ad862e29
E090,108985,slice_012.png,103252,118c9a353a9d8c26f344f4ffe93109df9ee61eff38a973dc2f188ebebdfa240d
E090,108985,slice_013.png,102454,8448cc2cd97a41cdf3de2c4ebaed190d183f5e09d1dc41605bc44d28fd277fd9
E090,108985,slice_014.png,101429,63a6db4b29e34b32966390f1c6eff8a8820209ba05141548a0681b4d57629a94
E090,108985,slice_015.png,99248,50ff93ca64f330e7ffa56430476a889779aeb851b8f26e22b9f15b21bc153473
E090,108985,slice_016.png,97290,fa6dce66dfe35067d9390c2071dd2586ce18695a66f8dc3a14d1b3e413a67aad
E090,108985,slice_017.png,94848,b15d6db5660e6a60e2530dec527e721d20deb2c09506a11a8379e298cd98a057
E090,108985,slice_018.png,92927,388bde9632ad0511a19dcbf1577e97afd1e33453086af717bfeb25de99c60152
E090,108985,slice_019.png,92461,b06f98640cd46120dcc1d8dd519b2ee2b79c8464a3975ac5603b801162b179a4
E090,108985,slice_020.png,92175,cde3cc8d6bf0078760da3986b10b61f433124a4df71829fcf38fd915fd54ca24
E090,108985,slice_021.png,92115,151e6b79c9be8debd4648c90e7fb03c34eb1dc545010cdeada7a1132f53154af
E090,108985,slice_022.png,92871,df7e60ebbc042e6e8492267443e6594badb3ddeca129158415000d07e721cd5a
E090,108985,slice_023.png,92688,2a9717703e6fe6bddb303ac954c7981398c7e24fb51902a680a0bf509a2fc414
E090,108985,slice_024.png,93828,113e46778eff61370a25628c60eeef5d69c110d08fad076ef302258350d1bcb0
E090,108985,slice_025.png,94685,4a4c3323f2c87705c6858707cb34182e2141500cce6c14eaf7337322ed91ffe2
E090,108985,slice_026.png,94863,03e8171598e05288ee81eda45ae3018d74f00664eebe86d78100ea9299b4bf6e
E090,108985,slice_027.png,95659,c385e77759f7bc20ce64db1c0bf3e2debe493bf511faeaea461a9400bfb180b5
E090,108985,slice_028.png,96991,3bca62c7305d191f942553a305f06a3b84f6404969d0f4dab3ad30a20f93a95c
E090,108985,slice_029.png,97503,5ad057e81f77745236904d982989a25f4058c49d3977ef81c6a202cf63e0bafe
E090,108985,slice_030.png,97902,bb1c75f490d62d17ce78b98fe8e8e3aca5c50f529dc37aa583422f20702daa7d
E090,108985,slice_031.png,98212,c62653f920f263b9c0bb48e4c54384646947183d67eeb6e5b61d4ec9674119e8
E090,108985,slice_032.png,98165,214e29205d6ea9bc60262ecbde8c2307f227126c3d5cb2b698a89dc49440b2c4
E090,108985,slice_033.png,98979,4a079f03bb656068ed75693422a62ed6fed1e8b927994fffd8a26a2778d47f29
E090,108985,slice_034.png,100798,4510fd8512952a46acee4bca99c96bb6342e6bdb185b03680d7b5b6b6f1c7137
E090,108985,slice_035.png,100288,99f6904a497099359c05fc837146ae23c7cc03056b22a343a94adf7b62952206
E090,108985,slice_036.png,100139,a70efaa6de2ff3ccbe039640991ace042c1bae869c1f38cfe06ee2a81ed85f17
E090,108985,slice_037.png,99708,b4f72a797d366a39d0dcbc891235348bf43f21e3edc1017c08f750bdf4ab68e1
E090,108985,slice_038.png,99111,c6f8c121549a4d797e0019ca206245961eaff6b7dc6489c659e7f4facd997c75
E090,108985,slice_039.png,100333,ef9d1f920c931067d412b2c9fcd15b93ff1d11242c8c7d27b109948b25387afc
E090,108985,slice_040.png,101195,da9daaac83962551ffcfa764394850d22f96b0a73e67fc0e4f1675f83a0d1b0a
E090,108985,slice_041.png,101920,b638457957cc90bd581c8448447c5473481f4cdd257e15e41f0d266366aa8300
E090,108985,slice_042.png,101729,ecd5a471ff6f536ded813edeabc4985d942134ff56974f132c995feb4d1e7617
E090,108985,slice_043.png,102244,3c183177e0851fe709d477ef48e82bf6360b88479a622e589f6a5ba30f059f55
E090,108985,slice_044.png,102566,47e71c4deb588ad26601f38d1391ef2338a90159b047beec319a3b20475e2a02
E090,108985,slice_045.png,102162,2ceb090d546529f7ce7b5cd4c865a6d386f12a38bd80e81c1a2f0475dd6add8c
E090,108985,slice_046.png,102782,ee4f5d0a74a2ade069efb8f3915c04bd2810084aca5635f886cbbf2304073423
E090,108985,slice_047.png,103622,32620037ee05420b13f2b237bc69f9d178af907b4b471248b2da5acfaa1e9d22
E090,108985,slice_048.png,104316,26fd14d0d22c180638cfedf2146a6625a6fb23e5e5abb755181b25b6a0d91b24
E090,108985,slice_049.png,104580,1faaa2acacb82b25c2530187f591d6c0a92ef1b59a9687ce09f5ae6f2a34a3dd
E090,108985,slice_050.png,105392,397e2b8dbd46305877f4c6b814b0da2ec90e1e7c2010abf03168e5bc0b271160
E090,108985,slice_051.png,106247,9f0ba95d6c001a145ebace7bf23bb50c08d2e7052f3ea70a0f012cae5fdd50ad
E090,108985,slice_052.png,105712,826f62106fc812c3c048541268872177c6497cbd9b29f67972207ba752e193e3
E090,108985,slice_053.png,107379,04ea72726afeca7cb08b2d4c4ab3bad7c672f4778cf4aa4fd04892ed50252550
E090,108985,slice_054.png,108795,5a71c5e084dd24c0aad2c94df9cf76d59c8ec33a1a4704b0812c3f5767e086a5
E090,108985,slice_055.png,107204,5973d0650b5e48179145b8ba4ae8ad2f4e5403409fb1e9aee0b27adc22f90204
E090,108985,slice_056.png,108332,9b2699c0bfbe8e8c689a9c51c66823b79212325cc6f6d7a0f1efd69cfd2b78dd
E090,108985,slice_057.png,109742,30b27b556d1a92288ec25ae9e339eff025887e117026ead79a8510c67555b2e2
E090,108985,slice_058.png,110163,9512bd613c9f018c2fb2ee1c59a70c74843502ed0408e65ff78e56fd4b9765e4
E090,108985,slice_059.png,110247,703ae013ae0bcf076252096ddac639b140c4cfe43c37200e42aab9bceaa8a9fb
E090,108985,slice_060.png,111432,1c16b6ec08de510924db9efc4d0d48c715cb7ef07fb47400d996fa107eed0f8a
E090,108985,slice_061.png,110339,b41448207c016580f0102c68b7dc6d666d5fbeb06dc596a8bb31222307496572
E090,108985,slice_062.png,110958,8c6fcfa16fc2fba3686c887edfa447fc874a1f5b0848f38ffd2ed1203e6caf10
E090,108985,slice_063.png,112468,37090aa73d0f1a9c8724396a34be3831f5e644ce39425db3c3a8cb8bec5ace7f
E090,108985,slice_064.png,112823,001a4899cd6392cabf2f3471ad414a01a73c016ca716340920026a45a7f5a7e2
E090,108985,slice_065.png,113873,3bf3acd31366ed9da34503e54f3ea86d0a864880c1635043ea400865b2ba37ad
E090,108985,slice_066.png,115240,e4eff05769f2dcddffba4ecf664bf114d36752b0c1b89af52bb6a642780e956c
E090,108985,slice_067.png,114354,cbdda129add0821d1bd5ceb381247c6caf88f4bc438b17822dcbd48c345eb950
E090,108985,slice_068.png,115897,e89323097d97adbd6e2bf8d516203bfd94259d5672a2ac24295692f776ef604b
E090,108985,slice_069.png,118600,654b2a8098034a3520e36e0d5b913c79280a0b2c93bec74bb09bc476296eedf2
E090,108985,slice_070.png,119509,77b1976cd368fd3f94af07a94958197706f7f7b96686bc8f874e80f088ca5a46
E090,108985,slice_071.png,121266,cc22217a5f1ded22a4d5a3dc89f86eb047f81b720280bc3f2d46d17b8a311e7d
E091,106065,slice_000.png,106155,a3f9cf7ab7996b45f6f02f491e57395d4c130c5835370be9159a74df5e0340d8
E091,106065,slice_001.png,103085,53c566be490f5fba39f990df2beca0d622d6636812504065ac9319f21f18fc79
E091,106065,slice_002.png,103011,a6c17ed0929b0ab5c49a7429940e4314db409305923d1f59842d0b84d12fb246
E091,106065,slice_003.png,104763,946616134cd57d9b3cd753cf3787bd0471c0c4f9d6211400e44c3805e7b903b4
E091,106065,slice_004.png,103623,68bcbb98c836e45c2b9d5b2e4c8d70f65453ed3c6fff05908965610b30c95a24
E091,106065,slice_005.png,100798,0a2d224bfa6d71b3987e08a7f7dac64607216d9b17339292d1034f92ce68c8dd
E091,106065,slice_006.png,100350,2b8f874b6a74f9d180f63f57a87dcc9d52e0bf08d45ee6cf3c918c305f3ad3ae
E091,106065,slice_007.png,101931,103bf1c9d41eb6a0ecb1c9bfdd4d72c578af6e989f4de983cfcc396ef3167f17
E091,106065,slice_008.png,102418,7727917f9c5fc5b67229e96d4dfb87f88a06a2b7a9968f3794b4ce90160ddf79
E091,106065,slice_009.png,99987,f21ff6ee7bc7bb9ffefe1014b3340738a658360c0baa5b62e5972aabd3b43831
E091,106065,slice_010.png,100264,57fa344e30ed6bd107b493b11651fcbaa6a17d1c6c0ad654db3308b4b31fae74
E091,106065,slice_011.png,102520,ebb49e903a95f5d3ab5d527b62e954fbb7e6969856b37c1f2986b1bedc5fefdd
E091,106065,slice_012.png,100973,aa965c318ab8b75afcdeb39602785d9a468e250ebe04079ed59c5fcf07c94c01
E091,106065,slice_013.png,101179,c8a63d9131ab9499b9f49d3c818cfbe24660c1dc9691d8a3599125669f17544c
E091,106065,slice_014.png,100723,f0dc63350576af5775652b2b7070da26e2abaa40806e4e52b04ef7c31341bebb
E091,106065,slice_015.png,100869,676ec387f2fb36358c2da3cd0fd63c6023e172cc21024c2e72ab290799bfea59
E091,106065,slice_016.png,100919,182182bb1952334361f4b30f1dab7f8ad8de042a68aa4b944739278389752a72
E091,106065,slice_017.png,98403,2b1a4cc5101b5e03c864a121a367c188e6064086571a228ce735496bea1d8d28
E091,106065,slice_018.png,96927,64515f14601aca75d930e88047cd24de982b681ade7f3748230fb6e8e3cc0a3e
E091,106065,slice_019.png,99493,c6605f9539764a7ec2889ca00b39e70581f68d68720e097fab30b6173f62d9d7
E091,106065,slice_020.png,99052,b94f75b410f9560c1285de84aaa1e0d59f39843f833597471389b495d0f31f5f
E091,106065,slice_021.png,97306,0fe2e42453f846a5f04d6cf06aa4c02fdad27573ae1ba09866dc21188b0829bc
E091,106065,slice_022.png,97450,2e945ba1db9895e584b28e7fa7cb1a41b6309b9c178977660e628489d5e48635
E091,106065,slice_023.png,98199,887310603eb528ef67eb776d12559901f905b059d6456d9f7fea823bf7edd77c
E091,106065,slice_024.png,98617,0624b123a01ccb8afc77b9d8a4ca024cc4a24741eb2e5d63555c45befc5e9f88
E091,106065,slice_025.png,95569,e8cca91561c72bc279ce42df049272097865817b21b7ffda6155f5c9050afa60
E091,106065,slice_026.png,96031,f4773e69c3c7638af3b0ca072019d0dc483d528e10d21a0a035dcc3f2b13982a
E091,106065,slice_027.png,97999,24d54fb8bee13da676871638736345794d07450a19a0698eecd884926ff3f9b5
E091,106065,slice_028.png,96635,9d993b3339dd11469b8603a4e6d08fbe3652507aa4ab7ccd46adc21a86055b91
E091,106065,slice_029.png,96461,878a136cef7b8ec56bacc1d32ede0ad51484516c047aec48e26c1dcbfb87e421
E091,106065,slice_030.png,96501,a31f45783fbb19f0e74c2630c55a0e5a6b1822d7bf2a84544c13221e64b08aa5
E091,106065,slice_031.png,96562,46209c582d4581ec0d44d19be4c5a425a26b500527e8a7702fdcab28f22c82dd
E091,106065,slice_032.png,98317,3e350515ce3ef4d693004d9e6122d3628c70733b9455eca454ebd801d15a7f7b
E091,106065,slice_033.png,96937,5d7a1c7f66b48d0d63ad88c3b3c3a02522ac16c9a898b5132a65dd4b358057d0
E091,106065,slice_034.png,96756,e7aa939151afb1d76a2f8e462192a54ee0b543d8ec0dc7c3b1bf41b3533b8d82
E091,106065,slice_035.png,98872,d75a500c4320a7b7750429c43bfdef95978fe0fde9d00eeeb661134b5922d147
E091,106065,slice_036.png,98239,d009c435d0741242ad32d2e3a5ceba71cf2d28b611164b76d017dc4e87abedee
E091,106065,slice_037.png,96670,7f8f1c521d061310508435005a8c9c3e309c11566c39c50db88a086cfbf76d02
E091,106065,slice_038.png,97048,0362fa60a8b4cdeb76b186c415123ae517e520665dd630b6b1405bb664cb1dd5
E091,106065,slice_039.png,99121,9a3799026948f84580c6b9ab7c966abe52d738baeaa39204850eeaece893a1dc
E091,106065,slice_040.png,99998,095d12d60d5057c93f4c9c949debf21bca4e5cb752da2ba61504522b3529a4fc
E091,106065,slice_041.png,97852,a0b8be037da611db2fbd51d8dc40705acc1c0cb9b59bc8482e8900b3931b4216
E091,106065,slice_042.png,98767,16321a7371ef0cf987e151ef193e33e8da29f74ed3f005afcd58fd6eff553750
E091,106065,slice_043.png,101040,25f43e08aa7e5404330ee5b6536204ba0942d50b24b5b968a6d77aed703aa1a6
E091,106065,slice_044.png,98332,0eb5627acac320c2eb186cc1fe2950b10f9694c2e11a1dc45a8699e7f8262d15
E091,106065,slice_045.png,98199,9f5c17e883b12a5fda6579edc3a3fb4bb7c0b7cbe377cfec0c44a8a9d1007c8d
E091,106065,slice_046.png,99837,4fa7e92487d46d62521d388cf07e537907e6fdab910541fade8d49e5789673e2
E091,106065,slice_047.png,101142,343e043b32ed6a27d5f878a565b644d0cd5d7dd44e84339e6ce824c1a56ddd5d
E091,106065,slice_048.png,102530,ef8addc7ba1b8eb182c582c29d86c64439256814f52c9faa9b8a7ffb2c65ff84
E091,106065,slice_049.png,101325,82471e04aa21741c44ae375b703e941bfd3b6e56435bee2a68efd5ed4aefb716
E091,106065,slice_050.png,101258,4e23665f5f65d77df4aa42d70c0a57bcd839a813bbaeb85488c97609af5fd0e3
E091,106065,slice_051.png,103350,99d22564ca2dabaee8ee69cf5137415e958752b34e10922908ca4c29d0c82004
E091,106065,slice_052.png,103315,10fcffd3ddf69d088f105a7be8628e688bdfedbe5c9138545ce73009e6da5ac6
E091,106065,slice_053.png,102456,5e6ac1afc6368da97fdd5000647ff92e0f5a8bae26f883891f0753cbcbf6d4ac
E091,106065,slice_054.png,102569,69269d2d8e2315a50b74138c49f2f7a37bc31d19ceb35ffe2bddc19f6cc31cc3
E091,106065,slice_055.png,104409,5d1d0b76f0e40f47ce995f0389a86f2805737510c514b6f6e7cb30cf2e511e59
E091,106065,slice_056.png,105034,c7a4756207bbeca7dc81f4ae3ed7466d878a742cac99992ddf6417c9dcc1bf9c
E091,106065,slice_057.png,103652,f53829286c3efb5dda41c5774e77f217a9a3f910c2a8e1d0c9b7b1fa89fcc07a
E091,106065,slice_058.png,104478,ff75dfdedf8fb9e77e4a4e92a61d7e0f1df74906a4e19f12db70644de00a7c2c
E091,106065,slice_059.png,106898,a38773fc0b54163f434fb0023c8628bc682ae1dc062c15418159df1278b2b05a
E091,106065,slice_060.png,106011,7cb87ec8d6d57c5188714b2bee461ce2fcb065b23a731f9143267dd48a81f811
E091,106065,slice_061.png,106648,6bcd7337dedc99225984c80f9792e7b11fb6e0375e9983e22945d95b86c62425
E091,106065,slice_062.png,107582,6c40012bfd5d5118f289837d79d7ceab7c0ba787ba20a0615c319dac4ccc32f6
E091,106065,slice_063.png,109662,339d885e8c81bbf2d911d8c68978f4ff4d8a8f389df086166f132831257c69de
E091,106065,slice_064.png,111729,cca6466f49a8ebb3ed480041b54155071ef40967d652243c6ac3fc98638d2b92
E091,106065,slice_065.png,112395,e045ae54c2744f006a4e6a5faa8329d565a31686998763ea3c9a4b3c87bd0683
E091,106065,slice_066.png,113851,25d40f8e65edbf5a2598b1ffcc425891dac6d1d76d497bb4b6aecd666b3b2192
E091,106065,slice_067.png,116544,e4147e5fc6ef281319434f90450557c1a7322375bcfb616ee52707790e59ae4d
E091,106065,slice_068.png,118306,650094e59c3b50503163ea2365372fd78df82bf004c3ed0a200f8ab60869fe91
E091,106065,slice_069.png,118640,119ac297ecd02f3067c70f39fe65729f43a44ea4f04ce69dd79ce6b5d23cb86c
E092,105926,slice_000.png,91869,243d39d62a3c95900d14d21fd173c40d102bd30304cded8b9d5987976f8d69cc
E092,105926,slice_001.png,86712,921554caa015dc38a08d42445e15ed8b961ad4445e65a7c3982a898ee0374bf0
E092,105926,slice_002.png,83393,c7e6aa75ef3a45c11be2ab6ca8913c24f7ac31e28d9ca2623689a347e9202af8
E092,105926,slice_003.png,82780,ea2796d9120594033d4edcf18fe7318d264a58424c3ae95f3d0fc878bccab3bb
E092,105926,slice_004.png,80653,c0492a4c33babd09485d4ac7a91d82226eb99493a9eb24cc5e3fb393886ee117
E092,105926,slice_005.png,77819,43963157665eea3bfdd50a8c40dcb844ac2a83db45247a17874b368261ae6784
E092,105926,slice_006.png,77228,208d7ad6ce0eef200616bf45ed2a5c92d74154f8ba74c3aced2073948c117489
E092,105926,slice_007.png,78173,9a5b710c4b17bf19f540c11fa2d2404a25a67b71b173eb812ad74c6caaba268e
E092,105926,slice_008.png,77948,50eec78ba0409980e18aae6644b840f641d47c13c140d2c46101b44c7eb9deda
E092,105926,slice_009.png,75806,a0cbb2ceaae13dab9dfc0aa8fff74b1d187ee3dbaefb4cf3f481986fbda28c4e
E092,105926,slice_010.png,75011,57fb0171248d327eafc07cba26a150d769cd7894614274411455c084be1fd47e
E092,105926,slice_011.png,75936,8ff178672cb41b7246b131838a7ef1de7c2dd35593dc422c7c8800276b437ce3
E092,105926,slice_012.png,75786,e680b9b52be8c48fb4363f56d9830c950460bf4d7c4422f859986d37e7bd9a4b
E092,105926,slice_013.png,75292,a7e94cebe36d37f2591db44ef6d867c5d30b85ec7d5057360f5a08265f2075fd
E092,105926,slice_014.png,75467,92f64cdfd6cd0c561aae7dd6c14580bc61ee344ff92451d1a08969597323ba31
E092,105926,slice_015.png,77376,175bdece171f75e83fb11c343180b028e8dec274cb8b600d83c4eff26366e10b
E092,105926,slice_016.png,78491,9a36feb70ece02926ac51fee5aa0adba2c5654df3fa6abb46669392267c57d8d
E092,105926,slice_017.png,77680,fc6929c907321c1a4e1207a03c0259aca65884996f417f9915aed6279bfbb2f1
E092,105926,slice_018.png,77903,4cc0b3540e25fc53312dff484e786edf964eb1e0897884ad0e076322837c7081
E092,105926,slice_019.png,80461,dafc44c0c88c5148483f762546b964a4a5f1d5b7e25340efca65224cfeb2005e
E092,105926,slice_020.png,81871,b88c7d84d46d414860d06ebe45ca0af2aa895dbb3ec97e1929af3e1c942b8fef
E092,105926,slice_021.png,81533,125ef3ca8e8909ce6e9ddf03ad317ede675ab5f6495e0386a24a8fbd54ada127
E092,105926,slice_022.png,82485,ee4926d398eff303f606197b655b83c1cf84d6d1e8a9ded952c4836b8674b2c5
E092,105926,slice_023.png,84011,c075ea1b6581215f4a18905d5ea36f9e97ee0a5a4b1ce7b28694c4e3f7be700a
E092,105926,slice_024.png,84669,b453d4ecb34a653f515bf2f38d0de79e6379ce3541bc39cfc246982f31a90ca5
E092,105926,slice_025.png,83677,d9abbc6d67e8be2bd2afc9f2d351b408f7ce82eccb6dc9111564283e81b62c10
E092,105926,slice_026.png,84016,88d14dd636a7c69cf3acf1ec39ee9c50e803287b14acec252ab156fd2cc2d8c0
E092,105926,slice_027.png,85579,1dbabcd407f9786f9321a6bbd06cdf2fcb88ff40e2e59b9bc4d5c6c408c9a307
E092,105926,slice_028.png,86728,97802e9a31e6139726e02a5e16ff2cb94e442ebd0fddafee7646b3e0f857277a
E092,105926,slice_029.png,85833,11890c68a5998e29efcba13f24ab5631b2f70a5e2771b6b0f306710a80b78608
E092,105926,slice_030.png,85903,c7f7b3ed26837c3298d6da1559e41d820ba736072ccfea6a7550c4bf9e156361
E092,105926,slice_031.png,87999,6ce2f1977b86e9b632d3de54fee76be64ab3b4535f60f318585c55a67d87a4b3
E092,105926,slice_032.png,88147,55f0fd9e5eb54ad22175fcc332a0cc20bb0be32405a6ea030d1370e407c3e936
E092,105926,slice_033.png,87711,a4c61682d20cc4f5aa44442d0d799ab88bd51c097b05d73b9e1f91c1d9f7192a
E092,105926,slice_034.png,88004,8732986abe9c54d1511dca15214054746bc1581bf6855620a3447a6cbcad3583
E092,105926,slice_035.png,89169,ce11834f545c8220562c1fa126ba2377fb65fd570c0b094f0f3216990ca5ad14
E092,105926,slice_036.png,89818,47e278f40b679082c39a73aa4e1915709cd41831aafdf1a5efbd47b45a66061b
E092,105926,slice_037.png,88683,cd5ba0d252dd047fa5272501f97ff781e330358098727cae918c15194f40cf89
E092,105926,slice_038.png,88055,89a301e9a1a8efe819b543629870b964b2329592dd79a5aed2ad0e00a64f5a22
E092,105926,slice_039.png,89289,09fb6fc80fbe37e972aa4df5683f550c4b0eb5d42289050d527d043e96b5ef8f
E092,105926,slice_040.png,89348,d43505da06e1de1e248200a4fcc5f83088a2944c818f8fcead7d24b0e60df09c
E092,105926,slice_041.png,89016,c199afb6cbba078d3732f55db8735fdb9b1bd9cb75ebcda2e27a8022dba1c8c5
E092,105926,slice_042.png,89191,2454da808e704748da9a007feea6f6b91e22ff878d50e477364c9f451afa001f
E092,105926,slice_043.png,90401,3f164282e89c7851d52ca69e25985004b37f0b3da70e446ac236ddd2c7645a9e
E092,105926,slice_044.png,89733,02aa892da8c08185fdfc4a12734323e94ccea093904d55d420c6f38fa62afbf0
E092,105926,slice_045.png,88105,41fcd06bed5739391e2b3db776d116f3e9e18106c3f43d0e06217c3852a97f79
E092,105926,slice_046.png,87833,b89349b303f9ca60ddf9dfaef35a4476f39798867e74caa5f082b1525aaf4f00
E092,105926,slice_047.png,90554,2174047c9a42fb032f7537d7ea238413e6f31a43eb6d096bdc18de5967a349c9
E092,105926,slice_048.png,90455,86fa36bf5f01e62f7f78e6506fb7c0fd2f9423e9ab50ec5227b250d6f4964971
E092,105926,slice_049.png,89834,5db07327d15ad240420ffdf8ff7ffb24dab35277274985cb9b13780991bc9e36
E092,105926,slice_050.png,90066,7372bd681c29e00418966b27e2cad1adb4ed33a8554c8b2c084400ecf3e51c1e
E092,105926,slice_051.png,91305,850193269031cdce5cd0d03ff41c97b9f80dcbfdb59a4be27d5592005c2a7bb5
E092,105926,slice_052.png,91470,21bd05b9e2dccf7e85bdb2763b7a5c9f7acf733d86508a41692056159f9d47a1
E092,105926,slice_053.png,89758,65c6646ce16caaccf2dccebce64aa0630e5c1a22aa1e1ca51fe2ccb2d412f73b
E092,105926,slice_054.png,88989,8184547ac550d84a1d416ca2c9ae9f890f80e934537da8290a5264cf3a1eb45b
E092,105926,slice_055.png,90017,8c67a998a4bc085ba1481e42d152deb74ca1f419e6f3a43ebc245ea54435f99b
E092,105926,slice_056.png,89239,144109edd1345d3db936c840fc34aad92f93d77ba47c5be227f000a375c2aa2e
E092,105926,slice_057.png,88208,1e6b6dba2d2822a070701cfb29f0d90814018bc12e8bbca58790d32a35766c74
E092,105926,slice_058.png,88054,09f481214ae2cd51478e26e1f5e696b46eefbd57c7333df0e803a512c2a76de3
E092,105926,slice_059.png,89998,592a09e1ca5e435179818db7b09b81fd44fe090978391c2f5c178817917d599c
E092,105926,slice_060.png,89705,66323541df9fe1146a442e4f18dfde400449b5aa3d087e19670b43f55dc464b6
E092,105926,slice_061.png,88613,7becd225d7805df19d30392b436b2157274092e8d0b1674e573a0709726b4c68
E092,105926,slice_062.png,88316,297199e57c5c49d1ebd77b945e4d773c52f406e5738c1010ac69480efab80185
E092,105926,slice_063.png,89785,bee9eb6405ae2ebbfc15d93d59eb2ae8bc5ac257aff8572279c83a8b393dbf92
E092,105926,slice_064.png,90229,a37561fe82f742f9a631325ce78c66b1f034800f1d58e50b79719004de635337
E092,105926,slice_065.png,89946,79beac0496a2fa327799ac0debb88552ec9ca67cc6ae5843692ae4efa878dd8f
E092,105926,slice_066.png,90852,4a7c3aee514893f7626696d01e19339e95e7bd0f128416de89911ce5863620e5
E092,105926,slice_067.png,93723,c10f6cafc41f02dd3ddf5081c74659b1a65feb1edbbf0ef2188e70364756f70a
E092,105926,slice_068.png,94161,746dc6fe9c5c6685e3f98d7b8bc023e5ddcd079ea204e4d52742914c362eaddb
E092,105926,slice_069.png,93162,bc6c970b96a4ee5befc773a5f17fef821b0d11c1082ff18bacd62b5550796ea7
E092,105926,slice_070.png,93864,96e816899280e2b13eae1947ab2c15d36de4b3c9003c3e9a233501a01c45fc21
E093,210480,slice_000.png,77852,807587652534ec6062e16609ed9f3d88d9bf487220e98aef1708cf861b830c7f
E093,210480,slice_001.png,77157,71ed01888f164c5ccf72937a8dc14f500a7cf1ae26b65d8a94c1a5345ea7d676
E093,210480,slice_002.png,77061,640310625c1a91abdbbf7411ca67705068d79a44084a7ea3f2d87a5d8794bcd7
E093,210480,slice_003.png,76830,0801a2daed05830bba624f0b26f93cb89dd808583f5469d2a282b005fbc3352e
E093,210480,slice_004.png,76110,91c39b13a1529a5c686d2576481e46adc79d280227fe538ad1511d1238d70f08
E093,210480,slice_005.png,75694,9faad989af7d5fef00e0c16c4e5f8d7d5c771c4233682b9dc7cfa86fe3a3fde5
E093,210480,slice_006.png,75587,ddc0e4bdbc2fbb105fdb3c45a1e348cf810bc5d9f97ae21e71047f231aa303f2
E093,210480,slice_007.png,76012,783e3cd01b8382449403b2be065b7cce13ec1a1f952a009a80117690956c1d10
E093,210480,slice_008.png,75170,54513ce7404d16a7e709819a8b4105beac38401ad16b7ba57eb5430cc9599a7f
E093,210480,slice_009.png,75647,296a5d3b2a001f5886287b1b21aba02cc16e6e4e2893a67103bcbbc8eb76479a
E093,210480,slice_010.png,75515,cb3e05cf49a5e7c39c6d29d8635bec9fbaacb85ad941899d2159e93ca75aa907
E093,210480,slice_011.png,75587,d89e0f7db1dab5c18abbfe3d3b1d1fc73fa914c210030e35793f8d8ff922fcfb
E093,210480,slice_012.png,75477,a10fb34604c4c073901606a28d6ef9ecb58e7bc140c6d9dd359c305f579bf892
E093,210480,slice_013.png,75116,8ad38297bcf8d6dada08fbf1210c16342614184ba9f107a135e43e8005814f0d
E093,210480,slice_014.png,74588,4599fffe51d0e87ab5562ec497ec98774d4cac6f4afe3c0327592a7826a5878a
E093,210480,slice_015.png,74056,c4c841aec4a1debfc75127569f68b3394cc272e402a475ca210c5285b92ade3e
E093,210480,slice_016.png,73595,7d1e849ab3c3d916b0ef737d5f62cdb803eae6c828c83134809cdf0c0dfab739
E093,210480,slice_017.png,73326,7eb1368825350912ddee4db52f67af429c7de6e31b1f954dcb3d6e9fe606363a
E093,210480,slice_018.png,72914,78e1085adfafb4e2a49900c0468cbd79c54543029c81c6f70a0a7ba84b53c405
E093,210480,slice_019.png,72285,625797413ab843d8ceb7a57fe3cb18c497e9988420c6ab0f1762ee59c9b67e6b
E093,210480,slice_020.png,72275,30f16ad7ea0156a2dc928c54a279294c78f7a224a9fe87dc1bfd744901b42e37
E093,210480,slice_021.png,71725,c54ec69b9d4c9e267ca484171969cdd05ed0206d381c7279135f972d31b06fc8
E093,210480,slice_022.png,72714,1e1600a64021acd972e283a54ed0571ce5bdc879e4a3b9440b74cee76a47ed4a
E093,210480,slice_023.png,73249,4637d23ead61bdbcb18c1de6742bf3abcb7c00a27af3426bb9dd263b5e7818ec
E093,210480,slice_024.png,73383,a9914e3082defd3b0f5d077d8e202d5d7a8b0cbb43c350a0e1fbe45b8ea564e0
E093,210480,slice_025.png,73242,91deef53602a752ac3d2a4ffa2b0282df095cd5a9efffc00f7fc7deb135611b5
E093,210480,slice_026.png,73512,f515a4a0af0965176553d413c8875c9500a9636e5d0f74cf4cb4c0b675f36fb9
E093,210480,slice_027.png,73499,c04811b82cfcde4d795f78092fa6725a171f728f9bbfb1f26da45d3ccebfcd9c
E093,210480,slice_028.png,73124,91051b84f5accbab666eb6c842c8516d37c4153fe9973e6c3962e017f415acb0
E093,210480,slice_029.png,72481,9c7d5c87f408e8fe7c13ed1d9584c8dda5d53118dbe2a613602de74961a209de
E093,210480,slice_030.png,72640,4585215f2cc0f4813ad029cf66aa1c63175ec1ff38353b0111f7636c57a788f8
E093,210480,slice_031.png,71242,05e8a18382a12db5bf7d725e7faffedddaef16295c0b140b93305a6269dff035
E093,210480,slice_032.png,71795,7f97c2e914a96da801fc1f0337a757324aec31f88f3273a0703d1a128a7a9f00
E093,210480,slice_033.png,71997,6b0ac4f9fab0a68fc27dac33e965bbc2de559e2af4ac8dabcad2128bc369f638
E093,210480,slice_034.png,72220,321cb888776bfd80998c6e591864c67708b1c68fb2c12596c25032e5c45e5992
E093,210480,slice_035.png,72301,9947eab92d4b3b1c2052e36408197761367cd89300ed007741742e792526340b
E093,210480,slice_036.png,71958,900fcf20cf6ee8d14f61d5c1bb8ccf249de0c39eb81fb6c3a65f66cfc65adce5
E093,210480,slice_037.png,72222,e1b1d94bc3d8e892b316a644e988270ff1b75512026266ffaa8633ed0d980ea5
E093,210480,slice_038.png,71932,17162420437ee5f88f4bb65655e386ebb3875e4b131c80b8f868d4adbbcafdf8
E093,210480,slice_039.png,71918,054e0d428be98b8c7d0329cdf4d971227bdefaeb19eb68dc414c4134968d52bc
E093,210480,slice_040.png,72318,71c0b7102dfafde78d76965fb16bfe9832f5619e3873744cf6eb443c0e2f92f2
E093,210480,slice_041.png,72391,d570ae47818202cd6f4c9e93437b29eca3c9870e850ecf7ada48d9caa3eaa9de
E093,210480,slice_042.png,71390,8d42aa764c2ade063fd298b6458586217a32433b020c75807b8e241c5990e904
E093,210480,slice_043.png,71374,df925cd394f3a27d2870511436e938e64f04457447a05deb6b34cb3a91ea0d50
E093,210480,slice_044.png,71173,8b986a6d7a837004352f503344c0609b7f56fc98eca8ec2f2ec484870e58017e
E093,210480,slice_045.png,70728,9271babdeb99564ad27e27db8a7dd30836770b6696fae38a81b60ba11a0e1549
E093,210480,slice_046.png,70285,4548548db1c74dba65a3b135c945b9bdc460f3d4b59f27f21b6a54330c9c7401
E093,210480,slice_047.png,70673,2c586b60d2d9bb8d6062d47a73391832f9a4820f4950b367a251b242fe98408f
E093,210480,slice_048.png,70593,0a04278f76231c5577cf2e13ec3081535fd4ab94ebe00186fe7645898898b688
E093,210480,slice_049.png,71237,0559c6ad89c49f1946bb2d8d7d9d71c04501a0c8bb5d3faa5c2cb7376c303bda
E093,210480,slice_050.png,70751,f9bb6b481a781565596b86dada8a6af8cfb99a714b6689fb546599235f456e43
E093,210480,slice_051.png,70896,0039549b8780a6fdaed6cd107096809e0246527622c95206d04aa4ad74d346be
E093,210480,slice_052.png,70913,af25baf29334f3aa072c104433918bbabdbb670595da7d0a1238102786617757
E093,210480,slice_053.png,70764,b03f27fc206f38d2189cd0f74ce2f16dd2e057f85cc25afc89d2a00093fc2349
E093,210480,slice_054.png,71317,26e4c791a8a79768c37759213128270db4fe188c92f0fdef142177660ad53f6c
E093,210480,slice_055.png,71893,62948c79e801a90407a2f391b7862dfd09dd78e10676e478b98f5e51d1fca33f
E093,210480,slice_056.png,72312,f67dba800e1e440cbccf6488e135d16c6ca7cc6a07538b04744313c95d412491
E093,210480,slice_057.png,72966,379113e509ed0180a821376083709a5bac0bed280ea2d512806f43f198798b9e
E093,210480,slice_058.png,73414,dcfcadd63af1f424c5ab2e096d42afec19f425862a92c471e759b2da4e3f767a
E093,210480,slice_059.png,74093,9bc08cfd0f94b316f3e8e2fac72df5441a7aae473f55e8291ca638e0424ff56b
E093,210480,slice_060.png,74766,51bc96f99aa9e4dc96b9ec2fe2c31adc4f5a35821807e96402c0a9156a01d201
E093,210480,slice_061.png,75628,8465c0b4dcc3d1466a5bdd3e9c544a9b2ded3f612315e0c4f0968346152ed9a8
E093,210480,slice_062.png,75845,9b31e8af93b4314abbe644be66e670d858dcdeb1e8a5dcd320ef7e233763e836
E093,210480,slice_063.png,76492,83b6bc4b6b6644e8a881b96c0719a007cb71a2140ee56c26f8b8983f714b9a0e
E093,210480,slice_064.png,77057,b6d5fd0d60a1031af91c2e1e9b3c1388eab74c189271c8f24503028f225469f1
E093,210480,slice_065.png,77817,b8f64225819f1e12590237fa98c8cd91c9ec64220798ffc45688ae09e89b5f20
E094,104818,slice_000.png,63354,2eb4dde166e53bfaa240ff0e3f1334714de9a332d70e7d3dcb3dfa37991c10ab
E094,104818,slice_001.png,63253,88bdabf3b94ed325daab54420bbfa4b8cc38e38aa6b91bb71d4c84b319c8080d
E094,104818,slice_002.png,62903,dbef274d1358b81e89ae8a04c3f92abebfd4d4e0dd998f84401326d6418888cd
E094,104818,slice_003.png,63499,cbb6c4fc652ae5d9a76628e4a161e5da9798ce8971dec6021d55ddde2cea0fe1
E094,104818,slice_004.png,63456,0ad5070319847b64e600c0237ebffdefdb1ec9e8c50284a97680c291962e8d35
E094,104818,slice_005.png,62090,0a16209079fdc807c6922973b130d0a6438a6df755cc447588b575913acd1567
E094,104818,slice_006.png,63882,5707083a226eab6bf2ba694f93f163dc0cc5f7f0b69f244ff269ea7528758c33
E094,104818,slice_007.png,63661,bf44c8eb0068315ad08de920e62748cca750d2fcfe0e222137d87ee81f5d5f8f
E094,104818,slice_008.png,62422,4b59c7658a3aa67515d2e021b09dfd4a093b4b9ce5c6fce904a0ba9d02e67339
E094,104818,slice_009.png,63705,dbd19532e445fda9f78cc4578ccc9bba3cc386d9a2c97777481345325e909e0a
E094,104818,slice_010.png,63856,6d822fa36666ef42218a110b8faed6d01e95e5d6542788a9951bf696b8f508fa
E094,104818,slice_011.png,62934,970db1683fa684a313d87106e94fd4c6eb03ba310e5fa7e3da48e4dfefad5f6d
E094,104818,slice_012.png,62938,54aa7fb9900dd7c73cef3b25e0d4495c8d09e7705a620a747c5fa1d3551b8f5e
E094,104818,slice_013.png,62274,56a922906b9d3e68497445cd4f15f4611c00808cb0ad7e137ba6d1c88c611087
E094,104818,slice_014.png,62399,23aeddfa8368d9e32bf31913a158a6974fb76cb92883b5914a01458be82b88f0
E094,104818,slice_015.png,62994,8fd09957eb4d69899ccc7b234ad808ebb1ce60338e6e5137aeb0fe420fe4086a
E094,104818,slice_016.png,62477,f684973ccb7bd4571e1e112047e0f95330423e794b9aa10f3aa6c1aa779130ae
E094,104818,slice_017.png,61258,7b506d57476faf7b81a61a589c853ca6bae9f228f93d14c726652e8c49d750f5
E094,104818,slice_018.png,62323,224cf41ca670bb535ce76f01a64a4887ef6ffe92eba7d84ef9e320eb6c70a7b1
E094,104818,slice_019.png,60418,16309f25f9efa04553fa69a2a884aa2cbe48b8ffb034ae3464586e5b323cc224
E094,104818,slice_020.png,60166,e256c5338aeab3ce2e7871722169e85dd1b1ebd1f3fbacf420133175aa37db28
E094,104818,slice_021.png,60442,5cae549d4ff920257e2378f0c0d40f24cd7f72281c7d5ad83f3d35f4e8da0936
E094,104818,slice_022.png,60211,c646e3b83fd06d63574854cb56d4c7784b2be147a5e67b001529102018f3c989
E094,104818,slice_023.png,59883,b1882cc1c7e69bff3e7559ef7577248d2a6451d34a1bb7082b8803bf89e14517
E094,104818,slice_024.png,60000,6f395cbfe4c4e1b1bc226b8536035d8d32283d93f6672d24504c50f628e8d67f
E094,104818,slice_025.png,59976,5630313189be34abbf19f05c9fa68d74dd7f581661049fa72f6587913367e842
E094,104818,slice_026.png,59914,32fa22ed95b433a6f37fce561400afe68900c45c3d65d892227825fdf63a8a07
E094,104818,slice_027.png,59134,e6e5ce3f12f27c2fc61988ad3c3b5fa5c0da07c8d032bc34ace58790c6e1e073
E094,104818,slice_028.png,59353,04b659a1cf09f01ffbea97ea5c76d0f6f8ac1f105b8a271a12d3269e9a0a568e
E094,104818,slice_029.png,58459,08e695b707f9dad3119e1865387ac5da2174aeb46504797164d715efef71038b
E094,104818,slice_030.png,58026,490b3c95007429133a5cd64634f7acf86bb9fa74ea6dc114a20a665cadd6162a
E094,104818,slice_031.png,58228,313827cb7cbcfc2c33f4b1654eae80ece0328ed56bce1a3bb411117ffa22fe01
E094,104818,slice_032.png,58310,435965173eba787b29a170235ef69503ea9360e65327cadd2f9daff888f58449
E094,104818,slice_033.png,58273,77d830bf9d222e2266298f33c346e6065bb39207eca398457334f8269f0b8759
E094,104818,slice_034.png,58299,d5c4ae155e7e7da58ea8cf379eb4be5749106778f982d3c77b92d167f61e0fca
E094,104818,slice_035.png,57811,fafd1bdf96591ad1d43bae748c4de2f62bcb2fc1a0c59ae3eb0e2c5e0b1ccc4c
E094,104818,slice_036.png,57510,ad027d6f1ec514183ef8d651db5b081391921e53e2558ae9aefad41bcee78215
E094,104818,slice_037.png,56949,1dc9953e27088285060ca65f80e13bf44656b74bfeca7abe18467610a5d2ea06
E094,104818,slice_038.png,56985,dfdf591d1dc668aef4766ed52546f0520bd7e64e04d5eb62888a9f18d7a1c542
E094,104818,slice_039.png,56864,2a8e5ee652b686dd239da338e454b2346620ba3c9616266ecbd98a74a7ccd035
E094,104818,slice_040.png,57359,c74e453e41be23a3d7f3e39943188f302c8617f5e27110758effd74b649dec7b
E094,104818,slice_041.png,58264,7aec8edc6072ade50ea73b9e7d07ec2c9baf12dcdc296070a5f346c477cbebc8
E094,104818,slice_042.png,58733,170bb654a59aa6bebfcf32955d60b3e7683efcfad0436991b8875d3456e30951
E094,104818,slice_043.png,58804,a9befabc50264cb5a743fb14d90631e3b6779c6c484c9c4dd5afe77fe2e53dbb
E094,104818,slice_044.png,58597,b5e891da85a204d69e653c58736a315e8cabe4a0431228a8a857db7a63bdcd8f
E094,104818,slice_045.png,58192,6b4029be69b8dc59f566c0976b3adecc8e71f44998b892e48bf054e43fefc427
E094,104818,slice_046.png,57274,23d737feef9363522c00cc7542a8d5c1fb7794b4a06f97c50a130e5cde6ab5f0
E094,104818,slice_047.png,57597,72626f26a6de922b2dc8ad818f867ef931321dd38fe5011172ba184815ef053b
E094,104818,slice_048.png,58394,3e369d81fadf78afa642d52bd9392cd69ad8c00b6ea9beaae9300c6a3a28bbd8
E094,104818,slice_049.png,58331,b98e32f4031fe3d3b31387ebfeb441112532443ad8c8994bd26d8e485c502129
E094,104818,slice_050.png,58416,b06d09a88f2b9d44a305c26dd4e9b8c89a315ebfe49c3bb4df51dbcf6f564013
E094,104818,slice_051.png,58936,bccd4c78228ff871c64c7501d866234d8f29a955523e9a2fcf47fe0b0bff11cc
E094,104818,slice_052.png,59368,01b3e5f40a9f78e03135fdba486d172c3fd04b3bad19773256cd2ca336646e69
E094,104818,slice_053.png,59443,bbbb6be65e6287d59fc2b07a60edb301c2333b7739cb543c79f3e4b6fe89bc80
E094,104818,slice_054.png,59952,87c43edf60381f120788295d911cdc22cf1c7f39aa9bf310c9878e99f45455e1
E094,104818,slice_055.png,59996,bf243e8fffa7949eb8c07e2056617df74e77d39cb1495e4b532301cde6d42847
E094,104818,slice_056.png,59128,e9d4d0dd00ced00b1e824484809083fc5adac3a61cef9c28d7fe78ebcfa83649
E094,104818,slice_057.png,59632,efac685773b73f2d85e40e72962ba0f31bf7fa1550a92fc1fae93d9214be4430
E094,104818,slice_058.png,60365,3706c353188a77bc023f7b296eab9d4026ad8c2bc6b7e1a7d723c0b7df356a7e
E094,104818,slice_059.png,61401,8f33c8c63c203c5b44a15cae3253d9e24d3b6ad1d28b04e56ed2ff61b8c0f2c7
E094,104818,slice_060.png,61908,c1d3ae6a2926a83a7e7920660e37513eb7bc51a2b557534e8761fec85391d69d
E094,104818,slice_061.png,61897,a791f58705c72b9f2669d4d5c5aa22660eb24a5d42b281fb890c46f18a7251c6
E094,104818,slice_062.png,61842,a466d0da17459a6b60797b399430d90787fb6b0d10b0e2ba8a8a8cd7524f04fc
E094,104818,slice_063.png,62219,166d64d425094faf647c9ac9472c5b21137bdfa6b59a4825fb38bce49aa23495
E094,104818,slice_064.png,62094,16c30349be8770dbcf2d4bbe01a89b82b7ad05b370323f056292708512af2e2e
E094,104818,slice_065.png,61952,7af249b58be8fa7bed0d25d69eaf7dfb9e725f98ba8079817643775269574a34
E094,104818,slice_066.png,62620,a65cd6a1062b9dbae1cab960073b97e764b302cd95b48142f1e6adcfdf99e2ae
E094,104818,slice_067.png,62563,f9be8c586414489784847b185b7e064c85db67e273067cce9de3efbd064a74f4
E094,104818,slice_068.png,63397,570c600e16434df604d750885db01a1343af5f7fc0513e57bb1400047b3dd10f
E094,104818,slice_069.png,64181,83824d99c9304d616e4152532f511816c233c4b3080094f95f60298a038fb074
E094,104818,slice_070.png,64797,783abe5d640597664215cdb20e279e6726fe3070cfb442929c47ef3383125ec8
E094,104818,slice_071.png,65373,17afa251fc54318b0d94b4b9770f215531cc2f973cced1add87111e3577949dd
E094,104818,slice_072.png,65937,a56e79988926e1246776ff5fc5ffce30c440c77934a21ec9c1e79e51ccdf18c4
E094,104818,slice_073.png,66048,c842f0f53c900d60c85d56e7011ba7c6aa50d8621ec6177539a2f2c73086f754
E094,104818,slice_074.png,66512,beec744e5e374ed6649baa50b7a1721519eafc289dc98638812bc8938b8b4d5b
E094,104818,slice_075.png,67580,8546ae2bd3187efd55806c81d878a9fb99f1c59b08e1482715e09690322fe505
E094,104818,slice_076.png,68694,9501d14cdd2932ccaa07aa4f3f162f420cb9d5376a95ce4e76d701c7c047ba7c
E095,112031,slice_000.png,123062,2b382b8c9ec382f7c3bd8f2b6f9fc53ee8ee726576ba540c2cd5bea1eeced65a
E095,112031,slice_001.png,119157,5b029fcdb72f1c9b01271c7a8bbfc4ceb18dbacd359fbc7ee480b079c0314552
E095,112031,slice_002.png,114154,d474a893236b3afd652679793fedea39ca95cb20f0bb6ebc503cc8475c980021
E095,112031,slice_003.png,111884,e150746c0a6f2d0a6c67fa2cfd716b02278fd14815add5031703b9c5f3da3acb
E095,112031,slice_004.png,108828,0562083c36b41cd726f115363999d12dabe3c540b0e832ca1787105e27450b24
E095,112031,slice_005.png,105284,7a3e673079e2e57ce95a493587744624bc312e31ef0337d261d0e3fc6eae00c6
E095,112031,slice_006.png,105827,0f2a0af5dfc13c58ef2602c7c74767b72dffbaa6f60c341b9b30d68c1626d8ee
E095,112031,slice_007.png,106710,b57e22a498340c9f108a43848b17c89aef566d141e50bfd26ec5adf2131d8bc3
E095,112031,slice_008.png,106309,b7672d5527964ce95e47c0b741f801d69110d60d6c113911d28c8ff76fa3974e
E095,112031,slice_009.png,103829,1883e905632c8af0999a25df427de08f3aa9b5686b81969ac872d8713b4b8ea3
E095,112031,slice_010.png,103752,a42b5459d2c736edc40028d8fc121a31bb8d1443ccfe386ccb53e6323b28670e
E095,112031,slice_011.png,105059,90447399e7d6e5593bbbb5d1c80278b969cf04f43dc7d10a2cf3948bd8e0619f
E095,112031,slice_012.png,104915,508ec1f88f7dd2bd4f27f6d9e0e06c300096ca19f990f4c2c7d9158521d174dd
E095,112031,slice_013.png,104783,a4eac1c1387f20c9ed6fdc2a183049537a67c14c0a3361033fa643f116624662
E095,112031,slice_014.png,103608,095463b7fdb9e82bf33e3812baac613042afcf117498c8226030f7420a63a458
E095,112031,slice_015.png,104019,9a1a4c10e92404173b0b8fb582a602e27389126cfd1057e29a6e852c7bb06d97
E095,112031,slice_016.png,104642,fbadfe696dc01530ae2b10c18abd4c2e4a3679e454ada51593c9fdfcbb78b59c
E095,112031,slice_017.png,103780,717f7456f8aa8c4126f609d461ca8a625e24270e14173a22147b991dede07b06
E095,112031,slice_018.png,102797,e40c06ce3171fb37a3f1fa20a2ec0fe65ea7d13026ecbc0fc563d8a38c206206
E095,112031,slice_019.png,103106,f5e1c79f78afa9e9bfb99df385ffd6d8bef84a003517f254532b15e18150d8be
E095,112031,slice_020.png,102175,9bae281e401e90647b10dd7bbf44f96ffbdb6bea579358d0d4062fac408a7465
E095,112031,slice_021.png,100980,c0195985afcc30f63b8a04f9415b2d0a9ed96b6ee8070a60effce700612ae62c
E095,112031,slice_022.png,100752,8372b636c0d2c7425b5085a305c420e961c2d819adbe56cc92700162a0cdcb93
E095,112031,slice_023.png,102571,033b028f46b3ef224f296b53f75b7aee86d7d715126837753aeb1ceef25d9d28
E095,112031,slice_024.png,101034,954129b763242f10b6eed7043a12cfcc3f95ed12167481f1cd7be1b1e5b3224c
E095,112031,slice_025.png,99802,f24844db041c0abee08c3073ad09aec3f4304486ea2d4635b16d97ed8d1950d6
E095,112031,slice_026.png,100920,ddb0c1281fb4871c76c423f80e59ad4ad03cc9e5f2bbc83b00d25447dbfc5cc9
E095,112031,slice_027.png,102872,3385897ec40a0af09c55b17903f80b112e8691acb3864818be32aa2a92de1aed
E095,112031,slice_028.png,101984,d18e1cfbc542ab50ec0573ce103eee1d7fff557b25f25f52dfaa888619c947fe
E095,112031,slice_029.png,100063,fad3f039039f9de6e715bd6d27606af584b2f61569a9dd023c2b64267420ce24
E095,112031,slice_030.png,99269,458308951628af194f81d987c4d97f4df06eb4dd92b79efcfa7f742c990d16a1
E095,112031,slice_031.png,99914,6b586f0e90296642ee03eb0fd69ec9c41e81a55058a809704bb557966655ebce
E095,112031,slice_032.png,100186,f9ddb13f8671b99e5fad387fbdf49934fcd8d2e078abdeef7ab6fb55c0c5311e
E095,112031,slice_033.png,99213,1cc152c4b0bfcd7cd65ae14e8a0791b3d0c8a1c0c9c9c776d36a702c88c0d250
E095,112031,slice_034.png,99154,b3cd62970cfb10aa73547ed71766db8e8b6ead3331076b420466affe9cceef26
E095,112031,slice_035.png,100160,4982ac0231f9bfc7a895303f613d44c4ff7518ca6cf43de2d759ad200184a037
E095,112031,slice_036.png,100580,439c9f6e8c693c5bc9eaff5ec53df6df57fcaf1e4e25225564b8a07d2530b848
E095,112031,slice_037.png,98780,cf08cd9340b8a24590737bef66d4ae2ac6a1395b12e5801f768bd20085adf842
E095,112031,slice_038.png,97435,c9fa8328587f6840d0bd4f27200fe036efbf532dd1c7a2fe8faf0cac71d648c9
E095,112031,slice_039.png,97621,d4316521d3542e954d8596c0264ef1545b79dfd7f18a393a29d19b54310f8a86
E095,112031,slice_040.png,97211,842eda44a67a6d2fc6820cb097f35eb7b67fa772ff0caa4cadbbead7d29b3f30
E095,112031,slice_041.png,95842,70afa8c1fa0c013f0fd2a8187a447ea758dcab74a6cd6607a21555ed7c363e96
E095,112031,slice_042.png,95519,432f1e919a82bd4332facf822f5dd3a09a3e24e1101ce0bd37b36fa86cfe2fe5
E095,112031,slice_043.png,95995,78b597dfa8c013849d534fc0761b64ef41891074146d7b0a76fa3a830d29cc55
E095,112031,slice_044.png,96804,a9280727bd1e61d2c5d6764d5be1fd8243e5d9510fce76c97ac6944132d03d66
E095,112031,slice_045.png,96514,e992d265699043ab65ff161251baa6ff5a2b25acb12180252decdf197ba07786
E095,112031,slice_046.png,97032,c7b7bed96c3613a789f99764f9319a8adb48af4b6131ee23ffeac58e39f52e8e
E095,112031,slice_047.png,98104,d906e3560bc429993e72f0b22dad8226518d9674a39c8ad656f8e5c619a3bcfe
E095,112031,slice_048.png,97370,d0ba81eb5fdbfc17262d04efad75138d657f4027a5a2586c6f1221f80b2d7a41
E095,112031,slice_049.png,95771,a3f68fcb19bddecfadfbe6a8435e8b66c4db8b0f69839769136546c096fe2fc1
E095,112031,slice_050.png,95876,e11df90922765768ba36db408aabc1d49f4074cc372efd60b8ddaa321d148ab6
E095,112031,slice_051.png,96491,212f7535b567db5a6662dbdd87a260be2540915c35b3312a330ffe91777a9caa
E095,112031,slice_052.png,97376,8b909e17d9539b8afe65a9f71f5b6263e544279d2a408edd52030e973191f951
E095,112031,slice_053.png,97322,30843bf29bf93bf778efee393390e26dde677edd8f1a759724a39c45fd072483
E095,112031,slice_054.png,96620,fad00a2069a839a9a5879fa9b30b030ad5df50f024a18779795900c10b785f47
E095,112031,slice_055.png,97200,b102e32cf61d64f5bedcf8a4137e9623374c9823e9b1a77495f9433eba34d837
E095,112031,slice_056.png,96427,eb9caf90607932ccac720ff207bb1925cf5b7fa4f7e7bf223d0e0f4e2e6211ff
E095,112031,slice_057.png,94539,e2010c8d3aacca72abfbb37aaa31bb737fbcc6512e323410a40a2d1ba2f31dca
E095,112031,slice_058.png,93270,0d202487e925fe415319a73fe548d4d1398bd5113593d0fd1bce35e1a2662e02
E095,112031,slice_059.png,95011,b7d9e97fbf10beedcb8ee4672ae444a9ae5eb8636780e3f8614b2f01760db274
E095,112031,slice_060.png,96974,b21bc1922869b68c3a3669fa3a56be7e6f3ede15240649e11cd17dbe70cd06ee
E095,112031,slice_061.png,97846,31cf1f9aa64b17795f7ed050f7d4988a08b7495b9f2dba33e1c4fd33ab2223f3
E095,112031,slice_062.png,98234,a837ff8aa8ce239a2a76ac0e0dbe71d9e230367f5a7fa76a9afc6b328b5059ce
E095,112031,slice_063.png,98771,22cd4ed00d3c70a766f34ef521f198c4c812665418fc557d7329d741628e1a7b
E095,112031,slice_064.png,99933,11623e850f04bfac063c2d753cdf83f2150e87577c1f10e6380d96c069e1e0a8
E095,112031,slice_065.png,98778,32d6f850927a1d5f1366b17a3b1146e3211bb151fa6fd817abaf78a2f83489c0
E095,112031,slice_066.png,98862,692f9540958d79d037b42c024c35a69f75991de55536af250b0c084442095d55
E095,112031,slice_067.png,99892,5bab81d889224f20f211124e89c4a94257906169d2626613f184e19231c5762f
E095,112031,slice_068.png,97542,fb16f794225f3c720023f665e4323129894ab6c0fe3c1a2e175f2577f379f502
E096,114097,slice_000.png,87407,2ee9a296599f3fd17cca4a8d96bd416203f73c434232f427955118a3f18e34e0
E096,114097,slice_001.png,85386,654b557574c726605927aacd98ab7a2ee75556b023e2feb657435f18c6ff2dc1
E096,114097,slice_002.png,85059,102c658ef09b5aaae663c3c54a72b85b1d57d5f4040b24c92f607f529603a84d
E096,114097,slice_003.png,86473,de22af15aef6586984fcd88138be0910cffef336afec183f3fd575845c41170c
E096,114097,slice_004.png,86659,42d2fd8f39a1aa5813efee02d3f0782974469d23e394e621f1d482009bb6bbbf
E096,114097,slice_005.png,85457,82bbd7dd405d99e794b15c7424f1a5b03df46939ea905acc10e2c9016a9805ee
E096,114097,slice_006.png,85266,6c63b8edfa14553cf43a57e1ba22987218cf9f16e7e3949b7d60c0e382a3e310
E096,114097,slice_007.png,88285,aff7145c38585e3c2d017a8903c26483b5b742c4a01c822ffcbfa7964b6715aa
E096,114097,slice_008.png,87244,4e8f934c1e78bf4e9d5a4ed5208bae49cec6ff36966c280efef9724a72a198d0
E096,114097,slice_009.png,86555,86dd13d5e18208aa3f6a243e0880ca8ef1dccea821ba1542d519cb851fd224fc
E096,114097,slice_010.png,87024,7c04ac0bfadfd087608986491783fcce497704071dd370542dc7fa07eca4a95f
E096,114097,slice_011.png,89834,ac7ac1f0478152189b4d5ea36567655f94c04c0fa5e9ad7f1eb6d7a9387bd6b5
E096,114097,slice_012.png,88217,166ef1253fcc3c4c05394b6b12c49524abd573f760072a20b9804f1572262213
E096,114097,slice_013.png,87019,c3f6e29190a5270d1a9a7fd630bd06c0b0e93be5d9343248449fc001ac96ea5d
E096,114097,slice_014.png,86784,03042839d496a63bdc952d267905a47b2ab5b9fb366ff89489407c6bd900a35f
E096,114097,slice_015.png,88626,c7fa470929140da35ed38fb055529866bc272f336bf1c3dd1d1ae0576cfb2554
E096,114097,slice_016.png,89305,7486cb1c2b8b9b4b6d14ebd95e833008414ca70a3887993d661b7f4a1ed476c2
E096,114097,slice_017.png,87894,0946932301bf390a3b241a84e9d13af3f7cbb87528d3746bda11865b25d5e8f3
E096,114097,slice_018.png,89107,4b92aa7c7f2ced9ad55d83211135901636838c64f7ed7aad1dd11f9ed980077f
E096,114097,slice_019.png,89757,b7d6ed562c2759fb4a0e9fcfde655c49ce5b21646179dfc103e1c487861e48c8
E096,114097,slice_020.png,90988,0d1eb10daad92125595ed3dac8257095f8d54934c6276bf327675807d8fd0997
E096,114097,slice_021.png,88805,72ec1c0833544359bd12241bbdf4114524a75b2c0abef7cdf315c049aa90b14c
E096,114097,slice_022.png,88885,82d40acabe78d0d9ef3787b02cf1d8f1a5b005a4b0ac95eece60460d079c5730
E096,114097,slice_023.png,90875,1cc29d47f08bc5c8edf039f541ffe850e19455bc78ec2191b348563f3ef179ca
E096,114097,slice_024.png,91067,85fdaf27c351016123dedaa42840081fe0e7679ac5254e2b640a2eedb7c45dcc
E096,114097,slice_025.png,88579,70704555e7ac2fdd67a5a7cc7377cc6c9b78a91d87fbdd1922c880b69d269ce6
E096,114097,slice_026.png,90481,9c784d8091be4be54156a1c86b31aa4394686a7a825bd2fa8b9e2e6d6850502a
E096,114097,slice_027.png,91728,813d836ea21f053541efa158920f33a37beebd8188232f2fbb75801e5bca1302
E096,114097,slice_028.png,92757,02e53a1067c1ccd582b603d260558998367c43d97c7bccab4af8120db3f0e53d
E096,114097,slice_029.png,90359,52a5f25c1a95dcdb9cd48b02fa7154113dc525669366df7d7c2c336d803561df
E096,114097,slice_030.png,89875,16880916e72ceeb65f694e5e48e380312513eacd0b2422bc28fefb67a36ba77f
E096,114097,slice_031.png,92674,3d92e4d709d72ba62a98c71edad7d1394705cb2800b52559a7273ff1fcfeed10
E096,114097,slice_032.png,92172,b35cffb528f17630800fd277e201aa45ddd447b2e7c4b7d2b13dbfa1ec94dc0a
E096,114097,slice_033.png,90663,b71c0ba95b2d70a18b8ae13daf7c0bd53afc6013f383076348a4b4d4a08d5f0c
E096,114097,slice_034.png,91081,e781465a10ffd661142574aec65a9bcbf3f9eb0d4445d9ce6c6e0c2634584ed5
E096,114097,slice_035.png,92668,4530f321b67b7662bd744bea90312e29330fbec6c8d5998d02187ed76020c06d
E096,114097,slice_036.png,92724,cceda308233ef9c573ed182c60c7dd0fe127280b0b150017783df157af8ade3e
E096,114097,slice_037.png,91437,514afd6397aa9f8ae53a62931b10e3f0226de9c0634df5c5fe9c08b4c86e96aa
E096,114097,slice_038.png,91009,8318a9a8adf3ce266a63addadf305425bc131964ce1f2ea70ea8606d4ac3e546
E096,114097,slice_039.png,92822,8a2a002281b7decd47008b8a61d618356b8bcfe5160885a012d0e8777ac55c2c
E096,114097,slice_040.png,93678,5b8558108599f353c433203df8f94eb22f668502ecdf51c1738f9a087e2c3cb6
E096,114097,slice_041.png,92091,4d7c5431100cdd39f8a389016f642082d779f3281a12e46c2632046dadeb25ee
E096,114097,slice_042.png,91294,47a9459e6fc81932ffddd2388ed51cb116c2a0c53ca5898e2ed0c9c9c5aa3fbe
E096,114097,slice_043.png,91856,ae4f243ca49ee26e81a32929f57822544cef22f58be83cb5e9593aeb0ec4c6c4
E096,114097,slice_044.png,92841,b107a3b7481efcab059f923a1671f45404347a53bd72df572ecbab1fa2ccd707
E096,114097,slice_045.png,91382,3e9b3b0f03a4072b4bb6e69834662490aac53e23413b9191b88bd95271c4605c
E096,114097,slice_046.png,92229,680f0acb9c2c39c6de1e226b550c3d84fa172ac7abfba7e249bee1dd0e12ee4d
E096,114097,slice_047.png,92388,e00282f850140f9349af5e1f01dbcf5b773637bce101c96706ba6da14ffba3d0
E096,114097,slice_048.png,94083,0dc9691d5f063db0368732b158823ab961251d805fe6f49e353544027e2c82eb
E096,114097,slice_049.png,92289,c931ddbf61483bf3748444344e1efeb521f5f81c7878d584136b32017f4fea43
E096,114097,slice_050.png,92323,026b17bb70b97ebf7e33bfa9836b79c8b6e3297c6da4398bede1b267fc7e29c4
E096,114097,slice_051.png,94584,6e09a76d27f53bc864495f4d78c0f271be5bc4008663b988f6ddc5c5d4293a9d
E096,114097,slice_052.png,95751,14295696f3dff5d54511c2c2ecd92ae1a421d4157db9c21440dbc15673c3f7c3
E096,114097,slice_053.png,93122,3fb2bb8da0e304a57a1f1e695d4fb48fbddd795013857ced5a6be76e6db66017
E096,114097,slice_054.png,93281,a6d80f6723f48d7d892fbb00cb8b2da02b793bae7100daf8177f93ee9f09731b
E096,114097,slice_055.png,95416,8ff054f465eeee1755aa19ac73f2a7cef2c778f095753d79cde6f36c619e38bf
E096,114097,slice_056.png,95800,d968440e25bd76788edea54017db3c1b5b2f80445b922a31f83ad9356b49c061
E096,114097,slice_057.png,94673,d95051023f02586b04ba60f0119b1a0b287c98daea278f56a22c4cf5a488a0e3
E096,114097,slice_058.png,95168,cda154c90f6fabafc442057f5f7d29fb32e5b9332f998a74f676bce3560bbc16
E096,114097,slice_059.png,98721,3914d8cdd71a8c651ef95807711f9b07e8a3a0548683291c3938e46c85afbe39
E096,114097,slice_060.png,97584,429eea8185a737d7b9aba99434f4d866581174417359fe5608ce11af2bc07f0d
E096,114097,slice_061.png,97406,1aa6f543c23b6d6687df58c8a67c523edc3bff1ae65b3bd10b781395c2e67f3f
E096,114097,slice_062.png,98149,21ce74ab3df5b723298f8c74ba0757224f91fc05a6b5c05cf58f5b43e9f28eb1
E096,114097,slice_063.png,99957,e36f51ccca6a952956b27b2d7b5f181f8dcb9fb7c400ae9918ff9df80979e943
E096,114097,slice_064.png,98458,6cc4492bc5883231e5bc16cf8f82765e255c874fd0c755026133a0b85f68537f
E096,114097,slice_065.png,96705,43c79fc7413b565ad222a50903b3215fb5259a0a70a50849614d4621c3341bfb
E096,114097,slice_066.png,96939,db3a0294d11c27d752da10ec8ca48d6f7c159ba097d34dddab34ac829ba7c84e
E096,114097,slice_067.png,98451,7dd31eb41ff1673d9add764a1abbf5b2a63b2b2c0fa3f1de04a6bc4ba09a36e1
E096,114097,slice_068.png,98842,97016b0c1eabf112aa205b991a75c9c6a178763c9398b96d26e5ed0c13ac787d
E096,114097,slice_069.png,96764,2b48a94a230dd67d433aa766b10ffe79eab02c8ed77143e039029c39b6c697ee
E096,114097,slice_070.png,97177,0a98f88dd138bbec8b30c6d5acb73d57d2ab137e5c5b233abc2681c5590dcaa7
E096,114097,slice_071.png,97772,bdc30742d8c3b4b86be35ccff9801724d6a99a5ca35e5d863eecf9d36d889e8c
E096,114097,slice_072.png,99140,b703f8c2759a83a9449020f48080e69a0ef061f989367d4a2e9baad7cab2c776
E096,114097,slice_073.png,98230,5fc9e838e919b94e2cbc7d183a8755e29447c132a568709e286e811e2d4a8a81
E097,100730,slice_000.png,134275,c7f6383c612b23c3cfaae5aaa59539001fdff24da2a6ad6946ddc004e523d534
E097,100730,slice_001.png,126539,aadc7f284606b7ddae4a12a2b0644a6d40bf0171507c22fe502900c30b03287f
E097,100730,slice_002.png,126321,b4b6dc418a0fb5e848f976b548961d5b6503075e024f6386d3bfa8fae2f1e691
E097,100730,slice_003.png,125571,fa74bf9ad44e58381db217ee4490a78a30998a803eec8c499ce708d8f1a8de22
E097,100730,slice_004.png,122660,bb6f8ead5d00aa9d6b68aeafc14a49470e9ff5f865af38a8cb36d4490a581fd5
E097,100730,slice_005.png,121092,ef3b90efe330adaefcd49ca384ffb2d9e6975330d8b32932eb1be0d208093943
E097,100730,slice_006.png,121138,cfa649d4cfcc8e2f058fb05fa64c99d8fa04fda9a9d999d8da1e721845646fdd
E097,100730,slice_007.png,120053,91a55f58c5eb69bbf0b81a4b059746528569ec86e95b1c5725682a66f38757fb
E097,100730,slice_008.png,120962,139090ed5e00fe7eb105ff4d9a1d422c9d457539efaccf21b07aefccdffbfa8e
E097,100730,slice_009.png,119138,cf0a92b3c6918f8227e94279d16d51f5109e2bb47ec8c5a7e2eb733d1760c078
E097,100730,slice_010.png,116728,62f46bf977a62043e7e846a885a9752812a61a9056e0396f99119e9cbbfec80c
E097,100730,slice_011.png,117380,dcbf6af09b48584b7df96eb2d83124135611cf5f7d1ef4ca1f1e9648b0fb6955
E097,100730,slice_012.png,117413,379f39e8a7db9c13f636851878d3e046f314da5ec350329f5b52e9fce288c795
E097,100730,slice_013.png,113958,0ac9ac8fe5732d748c827ea5093d032a0af0a07330c72c39637110e9626a8c50
E097,100730,slice_014.png,112458,7f9995500d81f329ea943b6ed2a797023897954389024277d33c5961a66797ed
E097,100730,slice_015.png,114195,6facd6162afa4c29b745b30bf24ba5f5dba96487c4e995474121b91394ef0f5b
E097,100730,slice_016.png,113054,e97c8d624d7757fded4765c397b023482ca2948678d46883ff3134f1c34139e1
E097,100730,slice_017.png,107590,4f1c22fa66a5c2c23c041c42b047bf0ccbc1177f89ebf934477d091289fd8bbb
E097,100730,slice_018.png,108544,3d25aecbb3d4511bea488d37a7922e83f4514ef3c796b3eccf9d4ab838bb2907
E097,100730,slice_019.png,109348,3c9738555f57355ab4715605ba108e4fc9739c4bc3e6b23ef951e87fe80ab687
E097,100730,slice_020.png,106495,96baef2c49836ef085529b38b795845080a4181bd9dce185507cd9a22c8605bc
E097,100730,slice_021.png,106660,7fd2457899f3c328ba97193e47f2476c6d7ced1a61b441d5a950ed82b0afcb77
E097,100730,slice_022.png,104940,56c98af21e15f7df49f1c97134b7f5de71d900973b70822b05982f6f4be256c4
E097,100730,slice_023.png,103068,493cfafc74403d07fb7f4c59cdbb6d06c096814f60166482e7b9880244e12494
E097,100730,slice_024.png,105241,c016a967249daeb489c6d65bdd2a8642481be4fd50ccae0abca6030ace7460de
E097,100730,slice_025.png,103825,059ecec94b2fc3ee78f446958c67f292a13b02be37e22afa81d8c74041728eed
E097,100730,slice_026.png,100792,d04b37d224f64d01750df1edbe3fd50d28b3c9d7bbf28b70c71e3511b2b153df
E097,100730,slice_027.png,102829,2d805c69d87b823231fcb4af80bf956b050a95dc8da34e841056ec4dbedd2fb0
E097,100730,slice_028.png,103552,d7202b0f7451d385b8b970ad12bfa736daa3d311ed18c877661f2f0b09411c52
E097,100730,slice_029.png,98128,63c54b5cc22c639ddb35d6debfe1c3df6b6e0e892f6e3bce5352bff49a953527
E097,100730,slice_030.png,96689,16900ed819eff43ecd9d5a73fcedf8590d8ccc4ba754d4623515ca97d973716f
E097,100730,slice_031.png,100397,cca859850d7128fc76c650c967efbb404b64579f47559eca6c52954918620cca
E097,100730,slice_032.png,97691,71a26aefb76ceca97f7947af53f0eeb0873eb9c161c30f300e294ae7b37d92cb
E097,100730,slice_033.png,93982,128cbe16c45169613e664a7f6052e7c7e9b4242966cda52ac9174b1116ba1165
E097,100730,slice_034.png,96305,8265886b5f24f5f1ce9ed74b641edf4d8ba9ae923702d1484b5b6c73e34221cc
E097,100730,slice_035.png,97357,369ebf60d860a2236bb8779cba05bce70cc462d703c03a6c74ec1669c423de0c
E097,100730,slice_036.png,94959,d8a4b31610a799ae25961908a067b396f8b508eabad644a63c4d6feaf5e548d9
E097,100730,slice_037.png,96478,f7707c3caadf5c7849ebfea2ad5c124d6b9a2351f1466474ed5d31c18c79dcfd
E097,100730,slice_038.png,97852,424f551dc89b13e01ceb1e183f7931ef490cca6ba0cb37c12d3299af572cccf0
E097,100730,slice_039.png,95276,a9b485162e2dace7836e3f4a495aa099f3dff59783aecf4210e9893a82896c33
E097,100730,slice_040.png,96715,61d51f9aedb37af5e01d728b9448aba27d69a0e54a56b9c8933784687f6fc86d
E097,100730,slice_041.png,96857,b745950ee5660c81e536147dd24821bd9fef4d5e307af7858735825122051de9
E097,100730,slice_042.png,92508,3dfacc382c0c4ace7851a28e1f084b65ec0a736d8b6af74faa4b881613e05893
E097,100730,slice_043.png,93718,cac92640f1d0566ab5f950c1e0911ae9cbbbf4d8a0fbfa41e3e43ce56e301600
E097,100730,slice_044.png,96611,ce59729dbaba16cff0488b4901905de2269c4fc5791a9b4053a078bbed66a169
E097,100730,slice_045.png,91954,de290509a7b6d9e0aac486d0149e09a7cf3608ad4475a3831191aadc529a8a9f
E097,100730,slice_046.png,90769,1c57419c70e0a511d11fd8f301b8e94b2c308d32cdb1f10bb91773f3b8afb544
E097,100730,slice_047.png,94971,6b0c96c92c706b5552bfcdea321db1cf321aacebd585ee3a5841850a1e683189
E097,100730,slice_048.png,92792,a8f5ce0b5d37f13634e20fda3d63fcd64f1fd48d9db2a892a87fed9d57df788d
E097,100730,slice_049.png,89631,9aba2662ff5c1dbcf1cef67ce5a4a2973e1d5d9f82e5c208e171b4b57119838c
E097,100730,slice_050.png,91590,5ba5074759ceeab782476be8492128988f4efee4ec01d7be00fb3a586801a9b2
E097,100730,slice_051.png,91523,64702bfb74814590817f30e64faa34e49b11f032ebd07c68927b37c6a77194b4
E097,100730,slice_052.png,88310,3a9695e18f64d14e52874b5146278ca8881eccaa8182b1d481c3ec80a0f97c8a
E097,100730,slice_053.png,89548,6cd06f276907b8f49f3173a3acf28f7e3659fc63967035cdde32b690daa82c45
E097,100730,slice_054.png,90651,20ec1ad4ad3be5c87ffa3f99628e5e7aaa9e81fb06f794d23550d1724ff8fe37
E097,100730,slice_055.png,87226,67a2612dc3cd6f077847a658c31b9805a0629f72210d42516288aa428bf20eae
E097,100730,slice_056.png,89172,307a23477d657f95534709978a06f262de101f38770e2aa82037b9f6fb9b93c3
E097,100730,slice_057.png,91333,2fe4c04c681d49e847d83c720034c81b98dd60c9e4aec2de85d52d13d23f84e4
E097,100730,slice_058.png,87169,033ddb4167d1441fabd55793a56b14f2cd9ce25833f190df9c94c2cda5377083
E097,100730,slice_059.png,88411,5f53ee437b6a0b3ff8e5ce43e912b78fc3e65d30ac145ca8d4943ab730500333
E097,100730,slice_060.png,92531,7cd5b9510cefb051c59cb996a926dab68c699e3166dbe91e96b3378dae04539d
E097,100730,slice_061.png,87752,39e719cd8ff5fffa5c90e7fff00ab3d736cc7f41627209a57ed12700166fe684
E097,100730,slice_062.png,87070,33b523cfe92655f4579e0083f83b4c67c4824858e9a84421aa3c9fadd0b562e1
E097,100730,slice_063.png,91973,aad408f2415c80e6482ea380ec4326f0ba557dcf786329354bf21ab9aecb15ef
E097,100730,slice_064.png,89609,bae6ca3d5f653531e97889bbadfe09e89ef46a71e338ab34931f04ec2c32338d
E097,100730,slice_065.png,87013,5a1e0d8c0df5abd72eb7b19dd211f80182600fe782769abf3a28de2b73f6821c
E098,134385,slice_000.png,80556,b916c2024d019b12f7794f1efa01655e00a40eafce752b33889924169fd1e5cc
E098,134385,slice_001.png,79330,6192822bcafb4cbec84abdd48d8ee8ad7eeed918eeaf4fdef15e1b7c70fc68df
E098,134385,slice_002.png,78906,a4286046c431d90d0344acef61c55ae5fa2ccb32b744b8775c18144204f8315d
E098,134385,slice_003.png,78142,e9c5eb94529b0a244ee5b95d53af1c4c559eda11b40c57f5abb742777ee815dc
E098,134385,slice_004.png,78085,4585931564f556e96688c7363f6094a36de147f82e6277ef892cd8267452fcbb
E098,134385,slice_005.png,78212,5c79178d32b73f3ac9b2f634964c50922a0508b078d5973b05e9c750caefc2af
E098,134385,slice_006.png,76279,bc478bf10d45ad9cbe1443ba37fe41d56703484b63ec33554841e4abb5911f6e
E098,134385,slice_007.png,76120,ba9f9ef96aead58a9909babdf14a5f35b3fc430f66cda17d511cd369e1418143
E098,134385,slice_008.png,75370,ffdf165cc70785ec00ba07392ffe28cc10f93e3abd8a760fbf31d8614d398667
E098,134385,slice_009.png,75511,0ca02c274ef61369673dd356e4b8cedea394c90643ba7d0ec869656af703c407
E098,134385,slice_010.png,76527,43cfcb2aa04af45672cfad0236fd3866bb1e416c26e1583f8a1eeeaa989f9f3c
E098,134385,slice_011.png,77359,a106e9a8ad80c4f7862ca252ef45f7d5e6a8a05f55bda25a4f6d3135ef2a7b49
E098,134385,slice_012.png,77175,edb9698e84b893a2de6c6e3d8d9ccde856cefbe140292472beb3ebc5614a7f92
E098,134385,slice_013.png,77170,9a2740aa5eb1e27eec335ccc53e1ffb26d617dbd1d6026965cb4ff4b81bddd0a
E098,134385,slice_014.png,75996,fee8b0c4d646cd46a7522c4e114de0816d0067269b5ce85db3849f1454da9e0c
E098,134385,slice_015.png,74887,112027ecf90880b4a3951fd8dcfb72a95b07ab85a5a5d57566e08f05a51a77c6
E098,134385,slice_016.png,74650,ae8fd4426b314c6f369643ecafc5d5cf22d0a972f776c9aee6d8ae1512843d13
E098,134385,slice_017.png,74710,af78795865e246584f7390ed0a72c1aa78f911dfaf53906689dc54bd15323290
E098,134385,slice_018.png,73921,e4a73ef3c93e6e04dd3dcf9fda776ec15f527b32e5b120d8b41bd1d3ac2a78a5
E098,134385,slice_019.png,74516,2647096504b3e67a43b22e0593328a8eec08233ff0e0c643ad222643546f6e80
E098,134385,slice_020.png,74150,08d8aedb863e4336fb6e2add0a7649713f1b7783f6e74dd5edd56d0190b458ce
E098,134385,slice_021.png,73129,865a3fd8d571426731e999b94079e5b722169d815f3196329ef3bc7264050f71
E098,134385,slice_022.png,72962,985da7ed4cb6ebbf2c655bc992e1e84c1d65f4afbcb4f27e47a215db4a8f4bd2
E098,134385,slice_023.png,73326,381c93c27b6b722c6eb181f882446f368651ffe9ff04043fd0b6f32748d1ccad
E098,134385,slice_024.png,73672,bf1d80f14fefe265cc3fec9f10306a17ed01c6486417e382b33dbe10fa916fef
E098,134385,slice_025.png,74121,c143b8dbdb51aca1fbe06ccfc70d7191a01d278a42dc967c3f8d9cbb05655b3d
E098,134385,slice_026.png,72996,b24988144e4b11bf74c123d25623e7295bc55b07732286fb865aaa02a01da4b2
E098,134385,slice_027.png,72288,a29ccffbaabaae425275310db7f68f07c64d2eade46d4ce05d0fbf9fed880d1b
E098,134385,slice_028.png,72109,60b7092b21eba87de66915f70ff297ab462b48641d3c4028566adf84f482f98e
E098,134385,slice_029.png,72450,681403a4dff1b413b4bbecb231ba7faa4bfadcc22183cd9a6612ac9570bade69
E098,134385,slice_030.png,73182,441e1c40066093665a7e7082e89056aa3419a4fcff4386eb10228c79c2701bb0
E098,134385,slice_031.png,72574,7a5f7b2636907eed5d1c4775711b9f284d79fc7ea3b47194d94a103d832b8e49
E098,134385,slice_032.png,73026,e9c3d854fb8a41b7e1899f8c3e2ae43257361ac3f31db4067d741c3e74c6f150
E098,134385,slice_033.png,72744,50231f4873b6541e4dfe2c57994ad1135f71b2423a9e1f12998c92b201380863
E098,134385,slice_034.png,72103,92d386208e27c1c1d9f6f927daf059dfeb1e0963542145398e7503380fcc3a4e
E098,134385,slice_035.png,72445,9625482c94cde4a0acb567a376cf21fab093bc613ed4d03cd7200ec308f89398
E098,134385,slice_036.png,73200,0d4a4f3cb818cb67f13ea86b22a5a03caceb4a5889c5b6a52cf18436fba21e05
E098,134385,slice_037.png,74082,dc1569eff76b3a34cbe97bf726ef1e4d1a16aaa411032c85fa3826676c26b021
E098,134385,slice_038.png,73642,328f828051bc5880d9573c9bb90fe898d6ef3f38b7889d14f2371279418aaf8c
E098,134385,slice_039.png,72893,6b69107f32a4cc9c0e94c809c5d11d88c9a7054de82016e8ca51fec371c75db3
E098,134385,slice_040.png,72768,e69efcfb71de27d89bee468e0312a83f8248ec69bbbb7cc4e371d979e33f2418
E098,134385,slice_041.png,72966,5b70548a34823576f42ad471162b3e33972bfea8f1dc27fabeba3f6d00ab00b2
E098,134385,slice_042.png,73048,2dfddc52c60dcc2cc586dfdc58fb8bbe00297c5f34b9500e3bbb6a3b923768bc
E098,134385,slice_043.png,73555,a4e0bea6d9426145fc13919e78ac4538bc6696de82481a2423aac9b982d39656
E098,134385,slice_044.png,73464,e4e2a4faf615c2629e8e69733d03931c4b44f033df019e8637b37e46e3cb02b7
E098,134385,slice_045.png,73048,cecfc6ba5b34a52e3a3a358ab5fbe8072351596271844aad61b74d02f621e690
E098,134385,slice_046.png,72415,6b7477eb0e9aad7f5798484c716f9808575a2d09a85333e23f4be80f1b6bc063
E098,134385,slice_047.png,72907,dbb98616bc4bbb998b379ac64883814f82fa4f8e651d4906711564c7c3d3f5f0
E098,134385,slice_048.png,74104,872421403f566a7c9b87c20819a90c7158b7628ca9f995382496c680f2a93250
E098,134385,slice_049.png,74828,85358ab413f136074b3739d7c6ada8957eb7145920c77c3eead078756c1880e2
E098,134385,slice_050.png,74377,ecda8f9fd810103dab13c7b0ed04a49c9301aa1cff903b827a9f65e8a90d5278
E098,134385,slice_051.png,74531,fea73fe19818300b5faf00f025ec6b3db937f62147c6f064820a2c30a1eaf7e7
E098,134385,slice_052.png,74088,c0509dfe7cf6e1a4f568bd56ab09bfe117f70fe1566189b102e05f2bc74e5ef0
E098,134385,slice_053.png,74407,3237a0f27f25e42d3ac407864322557411e90a0f1787403532141ec9e803cade
E098,134385,slice_054.png,75727,ccee0349c85a444de778188fe929b8406ae9b59cdc812fd6f7d5159619104862
E098,134385,slice_055.png,76977,374ab6637885a8d2208facdeb20ebc4e3048132447fa4f7182dbcd1bf11365e7
E098,134385,slice_056.png,77967,c46031e75e4c1132a8c80cfa03ed871d4edce554aa81e6b3afcd891a41a8676c
E098,134385,slice_057.png,78452,cc5009638a49e90f621b5e8af51d32df2dc76f4392820ea3f72ee1c7214a7286
E098,134385,slice_058.png,79354,57fa2bda15954456b45d30f554bbcca8143354e641f4ecca06a8911a702fa68b
E098,134385,slice_059.png,80025,51b60749d8f5cadb1b059eb7c0e0fa3c01fb51e4181d7d674ae3f2421a52b4ea
E098,134385,slice_060.png,81556,2f64b3d5322107b66a1f912557e39af227d54f306988d4780e9f379c3bf3a0be
E098,134385,slice_061.png,83356,92d3752e3545a02c4d7f51ac9c4f36dab585d5ca58633034f1d74a28994cfaa3
E098,134385,slice_062.png,83825,b2e03cacb886b01e1785b1317c362c7ac392efb7c549df5f6b70617dbf775292
E099,110452,slice_000.png,86928,717ce545126b52c589c4d04f324d3da31724e5d9bbeb1a7560c876ca42913ccd
E099,110452,slice_001.png,84064,6354baf7dd60629ea9cc71bcd232a3a6ce65d1461ac054fb282d8f6b7464bb07
E099,110452,slice_002.png,81307,8de0567be6427d87c1ba1cf8b5512c836269635fcef743b4f7d808bf9224d5b4
E099,110452,slice_003.png,79502,2209e622b1dd8c227b7141afa2aa1004965cd1f3aa893cf1762012ed7e87b933
E099,110452,slice_004.png,78936,45dbf660933ac520c0954eaba9687a30f3a435307bcf2767071753bc9d56339c
E099,110452,slice_005.png,78197,b5b4c5ba9b767e949144180a50d8887b13043eedbf675d4c0fdd5cdc98858684
E099,110452,slice_006.png,77769,fd8ad8371181607a1a4df86f88e887c9a9793ffde1d166a52d3aa2fab47654ce
E099,110452,slice_007.png,78008,71360047bbf0675c60baa5a863916fc492c7d5c0fa4b36fe23109454e561b483
E099,110452,slice_008.png,79492,908eb74714c78b5a071d9bf1268181881fa4024eb127b6e210d179b43ac32938
E099,110452,slice_009.png,81246,30be74b19f11ccc0625923ebcc31d04dc1a155eb7b8b02a75323d1fcd12a010e
E099,110452,slice_010.png,82548,9c985e92cb93e7156cb0390ba690ec74f30c480a8c75a9c525b493a998e1b04a
E099,110452,slice_011.png,81739,84aac59201d8fe5b42f0131d459080ff225d575a56865e6c11b0b45433310da2
E099,110452,slice_012.png,81033,ca4ebd77c70fc6ec5cc9f1fcd88de0e966544814ffc16e4b87e7d7939cb6db94
E099,110452,slice_013.png,81150,8e794f3beb2889377afa724b09795a4e916afe9e4a5818111240895f923a961d
E099,110452,slice_014.png,81366,ca94ff378e2145bac699533c1128e4e614c9dce91f933dc8eb276d5967c5baa4
E099,110452,slice_015.png,82622,b7af97c316c43f03718f44dbe6c7adc91fdca250e29dbf7d523cc49e7475f743
E099,110452,slice_016.png,83387,cf20b18627e864195b49c98f9167abc204e337ab72be436d40d661c01a9f3b52
E099,110452,slice_017.png,82647,be3be1f50a580de955261d07cf0311c147fbec149902c5625b59c02f348393ab
E099,110452,slice_018.png,82356,d3886832ae3ab3954e8abfbd4ed2f9568a3d521258918b6b34393bc0bf0e0074
E099,110452,slice_019.png,81844,20b01a03a639f60e9079abc386d71a4995125b1991d1591e1719e4da8e10e3d8
E099,110452,slice_020.png,81805,ec2ebf7d9312587dc55f0bda06ccfecdef10ecd490a945bce00138eaf93998f6
E099,110452,slice_021.png,83113,1e3c0b2de5cb718a2fd570944a7530caa40e61adb6a3c3eca641f48f17c01451
E099,110452,slice_022.png,83382,e1959ee6a4899c9789cb61298cbedb9d358a936a692f0be9be18da7719bff335
E099,110452,slice_023.png,82845,19fb9eadf042041d6c6b2bd88770d200f43c60fd356c471bffed9f0077357380
E099,110452,slice_024.png,82872,471257fc5f97492db130db452c3160c2324ec04605c97bf5ca6fbf1b5ab2d5fe
E099,110452,slice_025.png,82643,c22130588a213678aa548baccd59a3f7f4cf89e917caeb9ced6cb111470425a3
E099,110452,slice_026.png,82827,7ebddcc3fe67e8ad66c821e7ddae64f3776eeaefa7118ecab99198ed27fc8450
E099,110452,slice_027.png,83382,3266847c02a90c75cad654c677bb41cf4743693436c0649e0aa1ccbb359c36c5
E099,110452,slice_028.png,83531,250b14f3cae9f053f236af58ef34dafd7331020d0b1641cdf40990f5ed8ff22a
E099,110452,slice_029.png,83488,ed4d6e313ba31d5c67f71dd8c211a9848c9be18f13f084d1670434dd2f9c8340
E099,110452,slice_030.png,83003,49eccfa21ded06ddb662156997ce3b9ef8baff90f90cfec457763694946fd829
E099,110452,slice_031.png,81765,40eb6517c7f70b8a10852cd1808369f092949c04e24fea4037eb952bf686835a
E099,110452,slice_032.png,81210,4fddfdaf9c76ca11e51faa93be67d371af47d77449d6038925d914718cfd34e4
E099,110452,slice_033.png,81466,0418a766872181656127ccfe0e666ae92970746682cdf1d5cf788d0e219b0225
E099,110452,slice_034.png,81887,05f023ab0935afad6cf86c991ab035f088608102d6f70c29be294bbc27455594
E099,110452,slice_035.png,82448,4b8551424c898b4a5003cdf7ad942628921750ba006d15ee5e75973d28449940
E099,110452,slice_036.png,82498,6648e4f7d5ef203d62b9bcb441abbe0fb444b1c8a6b511f717cdb031dc92ccf6
E099,110452,slice_037.png,81317,19eaf76ab005ecb00f4b137a1d7f3b598bc198d8531cbd76738816d0767de443
E099,110452,slice_038.png,80187,261e0878c161dee897aa92cbaf6ef8215f1f35eed8bec8d399ed64408625fd5f
E099,110452,slice_039.png,79915,f47ee303db7591c2b0d976c854ee06bfc67c7e69e721b599bab746800b2ed377
E099,110452,slice_040.png,80220,aed5650c11a1805ca83633a602be8095a143dac58ceff93cc5140a30474d00a2
E099,110452,slice_041.png,80231,ecce8f705672a8e04d47213540075c38e59e6e7470898a847d01ff0eb0464a74
E099,110452,slice_042.png,80040,4d003275a5bb30fe2fb9e6fc0a33989b3540fbc9cf525d0f66e551aa751ed96c
E099,110452,slice_043.png,80272,f09171a5beda13931bb6e75ca98c6529b54f628bbab230b1cf0e8a2c6b158339
E099,110452,slice_044.png,80293,378d177a9e94957de39e9afce011ee82c5ef12fcc9265c438bc1b2cf85a925dd
E099,110452,slice_045.png,80627,440a1d3749713d2b2c8d99cf741de672aae2349bc5367779560071b99650b13c
E099,110452,slice_046.png,81285,dedcf2e27e9af556f2d6b05f2612efe2fbe620a914bf64b93fc2e73cddc6dd6d
E099,110452,slice_047.png,80712,f871f55835303354f0cbb3f94f8b3fca1532e5a9a263f5d3a9253138d0c02cff
E099,110452,slice_048.png,79937,de76a12ccd57475fc255226f089acbf2ade1e2e0abacd5db44fc12e13f0133af
E099,110452,slice_049.png,78073,46708c0946df86c7371f48cd89b393921185e5c604222851caa555688e9fc8a3
E099,110452,slice_050.png,77816,bacfed5468cc415796eb1b35f81d26e9134a540009423cb1e99d65351ea87da5
E099,110452,slice_051.png,78367,2c5083141ba3204b42e66617bf6a3a24769370979dc59df980fe8025019fd26a
E099,110452,slice_052.png,79117,dfdc53d02852d36c41462a36fdd2c381f136ff3c6567e3d1e09d22a9bc8a2652
E099,110452,slice_053.png,80672,aee545420814740e5ac11283fe8a2c9db846bd3e1402d208ea25074e1db85b65
E099,110452,slice_054.png,80718,3421d1ef3fa949c929ce737db421668963cbab8cbdcf161641c6494f4a54ce63
E099,110452,slice_055.png,79386,b27437f3ee697b5b0dcc63fa859d1e0a508eee716abdda9f0f3e5d55f1281d06
E099,110452,slice_056.png,78595,879157215e6678620591430cfa6af27c6a4bdd678629437676b3a3821c7eb0fe
E099,110452,slice_057.png,78402,b834d06d4b9f49d6bafd1b38320ad510ce3ea3078db0c8ae5c697b291eb5fbf5
E099,110452,slice_058.png,78131,2b49f14ffdf689a6af9e17c1eaa4d526e2f8b1817739fe7736fa59e0cf4f150c
E099,110452,slice_059.png,78473,716ff15619754295f983d9d2d0a8bcf6baf403204e7c9800ffaf8af04100f102
E099,110452,slice_060.png,78907,1d9e7907dc9f0ddac8ed7118548ddcb462759623cfac63c9b22d2ee7c4b89109
E099,110452,slice_061.png,78115,d22779bca188bc5787335d27a5048d303e2e0412ce8a8c1532997a41c7831c63
E099,110452,slice_062.png,77709,ecfa4436dc555e93f5f414f92364585dcf2085b0c4a7d6663cc774e2383bd74c
E099,110452,slice_063.png,77826,7d037fbda8db5336f99d62ceedc6d2045a8c49dcbbaf0d220502eca2f3f3b193
E099,110452,slice_064.png,78778,61a667b60bdf861a47bb2e61d3553fc2f08d3a5f1e31bd64a6f14db5c5fbafa1
E099,110452,slice_065.png,79748,35cacfc747a53a32dbd880b0b7aab5e8a675647041a1c706d055b2fa31aead4b
E099,110452,slice_066.png,80164,36ea3b9849da74dfd0cfcf954533705c91401e1c292ab2f29042110f38ef7a3e
E099,110452,slice_067.png,80025,5723ec18219f3e1bc203f20ef2f5bbdf327955efcea58c1b091c7170e5aa6d4e
E099,110452,slice_068.png,81170,257201243641f4804923a4c7d9ea178f3a62f71f5a778cb4f3e7eaa6ef98c2dc
E099,110452,slice_069.png,82400,8f4fe307d468b6b5181cf50f4ac0be95de5b9a66370806b70714dc8eb2599791
E099,110452,slice_070.png,84269,30e5b3135853ef3176e9967cb5bfec3c1a482565b14e7b718b3f2473843efb8d
E099,110452,slice_071.png,86752,f64a7c4bfd3abc93a7bc31cf904bca98dc07db0a4cb6c80bec649ff4f1eb4237
E100,130419,slice_000.png,114779,c6cf7ed9ce4454ae34e763f563e3d82e59c66515a78d4d5c17873f84fca49a3b
E100,130419,slice_001.png,111522,c59d095ce4cb323142e494f192104b02b76cec4f3348f62c3272cc5bed7c796d
E100,130419,slice_002.png,109481,a175c5afe645993dd20b1771b63f5a2c8c4d1ac4f62004de58b1b27558922dc1
E100,130419,slice_003.png,107733,c34943a8ccfb55f11dc15c5305c2b86ab9684f6955f9d8a60a72d7dfb8045882
E100,130419,slice_004.png,104172,ee98ca5dc94a24e6da1e7eb2185b03a9c3b030e1856cb089b4bfc1a0bf11800a
E100,130419,slice_005.png,100871,755df10f0630e6c81f866186f718f2f5e892366b1f0f60ad151fda9988367c3c
E100,130419,slice_006.png,99189,260986d3d0eb9924cdda53f8016ec92bf3caaf91600b989952bda1f1db09540c
E100,130419,slice_007.png,98622,57e2a14220f024127a49448d49ff7d81a5bb94ccec909da0bca80dad142e012c
E100,130419,slice_008.png,96494,dad5dd7c2f5acb7aa654ad29c746fb3d0a3ecf6f6e506033b4b7e3c1cfe70f3c
E100,130419,slice_009.png,95385,ceda0aa2b04a6560a56ceb75ad1c2ad41f9f18ad8851c533d92a53dbac9d3ec7
E100,130419,slice_010.png,92931,fd1f54cf4c08d3ffb2d07d6a1dfe606a2041737e3ee3f71539e8d5bb1c53b1e8
E100,130419,slice_011.png,91900,df26901c83c2fffaa022338b90d40416dccd5841b7aa40d9f6e539a302e267cf
E100,130419,slice_012.png,89425,9710319f7f87d003bbc458e72524216c5291979d7fd2b305223d5bb4725f78c1
E100,130419,slice_013.png,87716,df10809493e93bafeeb5bfb7af2aef7eea69d31acbc0599f00829e5d76bf3278
E100,130419,slice_014.png,86536,16c9e968268623cdaa477446e616c9d01d95627dbb26a5a5a3bbaf72aa06654c
E100,130419,slice_015.png,87298,e2f37b2ac35d73dbfa5e45eb5c10f78744eedec703b5fec864ac8a92a6db7fbd
E100,130419,slice_016.png,86078,7ba5998e6927060a02ecbe5f756f69ccd2a7a9f16a862b2166dabe80fcb03975
E100,130419,slice_017.png,84635,461806827bd1e4088acb864bef055f8712fc75705700bf322751269ab030b86f
E100,130419,slice_018.png,84266,3e995205d07a2c92dfb9908147c06fb01750da05ab7ecdb8c6cf3594d88a9b00
E100,130419,slice_019.png,84635,b306e4903ef11d1b8a131e357fe46de5fcfae80d6822b26e5ba50014d4fbe9bb
E100,130419,slice_020.png,85435,b72ca97e34b0681f0a9e359c70fed7c20db555a228d9076dbb7a4670cad8f7f8
E100,130419,slice_021.png,87039,dd4afc9e12ec467fe5917b8094df538cf78cae822e199a67abe0cffbb415c53f
E100,130419,slice_022.png,87125,4a80794178680e6662cf0e02c07e8336687995106575947a1d1a312088155787
E100,130419,slice_023.png,87333,16107de3af7d5ee06cbc6e9ed1c32420e27d278fb824987c5104e8335d50ee74
E100,130419,slice_024.png,87299,7b33fb97b6b81cbe87b5e784a0d06da45c34d82bcb8cc8acff7e5b2e44ba0124
E100,130419,slice_025.png,87267,3c54222177cd46b99bf7944ad9752d1f2abb35bfc2090f3c8c4826acce06e2ab
E100,130419,slice_026.png,86884,416014e3fcc85b6b6bac35a233f521cad132ca2873419627cc57584688fd3a5b
E100,130419,slice_027.png,86247,7837c2400dc5ce62364ddd7a9d1ee1b0f6b0514b47c0ab8c23386399b7471e1a
E100,130419,slice_028.png,84777,d3a981a3a37c2d3749bb197fa5ee2d06df399c79bd8985672528c0dd48b5bb77
E100,130419,slice_029.png,84087,6f661c5cfbbf75f6d4767b70e4ced0e96ce58f37d55a39c78c8d4c408ba74cbc
E100,130419,slice_030.png,83520,0db20777c644fc8c6263a6498198ef168694c2ab378422fb5857f8f810bb8861
E100,130419,slice_031.png,84193,11c767ae585baaf4c27cfc92426145bccd200edcbf1e4bbcca5809bac3455c4e
E100,130419,slice_032.png,85260,02b6c0543036396e053c1ece322c16cf4f31294ad65bb15a29a01d3338be6b99
E100,130419,slice_033.png,85580,75d2303278dbaea7928fb2eae9c3074d0efe2772193032a43fb562a783da6522
E100,130419,slice_034.png,85050,63d9e6fd7ab2fc3af129c3f45826ce879123c4a269fe1450d3ebd7551dc79b26
E100,130419,slice_035.png,85476,ef4efa909004acac5a28526a5623ff6ec56000c7a887c9b33f0cb1addf94d7eb
E100,130419,slice_036.png,85297,adeb41ce95ca0183feedb424cd32a60c6d6877434a21fdfed6fce2589e1787fa
E100,130419,slice_037.png,85754,adb2bbad2e93fe3e7309e092707cd5864e25fa6601b977c9b901df94d0432170
E100,130419,slice_038.png,85642,55dcd4d7c2ad20a0970c968afee0fffcdbe2abb663d5935e4c8b69c992aad8e2
E100,130419,slice_039.png,86412,88905611ac1121f9b2dc39c6c52c8f9de97d2764f805ef1038cbdd4e8f66e9f0
E100,130419,slice_040.png,86227,1c032ee00671be25d2c4080d98bb27821ee50a7553e40b34a29d7717ccd6451d
E100,130419,slice_041.png,85997,c9ee5790c65fa4120016aba245842d4fcd12acd194bfd1c91788703e99b38bfb
E100,130419,slice_042.png,85818,b956a585bcbb9e132aaabddb44cbb62ec38834514aaccd2d989518694515e5dc
E100,130419,slice_043.png,86397,1f3111fd4ffd8c25fe6f8c579fb23387371f7ff16942e9a8bdf6275e9670945f
E100,130419,slice_044.png,86299,5e6266ac82077f9b8cc1b295707448a2f692bd933b9e8cd66554949e13395960
E100,130419,slice_045.png,86810,7c61cd32cade771336953ece9934aea3f6cd55f9578e79dd51c0ed18b4e17de6
E100,130419,slice_046.png,86778,62892fd4b6be09617d86e7080ea40cd40d7ce2c040c828f944ed2c0c74669076
E100,130419,slice_047.png,87443,06ddbc7b4319571df25dc87f122b1b14562c2232c14b9e6186555122ee9c70b1
E100,130419,slice_048.png,87125,46c1ac5c5c85957c329842e17a9f50257cba0ef8524ad5be5d1bbfb754234d8d
E100,130419,slice_049.png,87243,4f896f51879c68da327f4bfcd5c808a5efc0645aa002767fdcdd1a7027addb6a
E100,130419,slice_050.png,87931,d0ca55a65bcf5ea10e1bdf0d2cf15ae8ededdfe908033c06cb366c6aec0470ca
E100,130419,slice_051.png,88953,fa3ee735126387b94e5c8d74ba346a5af08d836c12936be360c4e1e8e23aa81d
E100,130419,slice_052.png,88974,56fd31400757cd086715d600b886c65123d3acc889e33b93afef6f4c449a47f9
E100,130419,slice_053.png,89891,d0a0b173837ee5d473a1bbc14d920958a43a5df9b0a7d9a9d64d3cda92917e9e
E100,130419,slice_054.png,90592,f4953057e87e6d5aceb46344b1859d47fec749ac26ef8231eb053056c54dafe1
E100,130419,slice_055.png,91411,9fc5437fbde43f5c7c4282960646caa40cbe328c0c66ce64e071d0017030a8d9
E100,130419,slice_056.png,91828,1fa34b1060bc28ab3419058150744a4fbd5bd6b21174a7c9253d424ba4ac1490
E100,130419,slice_057.png,93186,e8c73429ccc10a93a92e5589c7bf18d27102686b457db0180a2732f692dbb7a6
E100,130419,slice_058.png,93620,eb352dafbdf643682f64ca77392a1c6ab294c00968470a89ac78bc2cb77607f1
E100,130419,slice_059.png,95023,243d2ad0217d407cfb3a0caa020ef1df871a1d1cb8ee4fcced6807037817d4cd
E100,130419,slice_060.png,95433,c53f85408a18c0fbd63d3fe228c42ed8a4e6d34e0037a94539fc1036c77554bc
E100,130419,slice_061.png,96077,1567c9a409c907b0cd33cd2ec9e2251f437bb73b43fd85fc75df1b23ceabc3a5
E100,130419,slice_062.png,96593,aa3f9cb1e2bcd1b71637c92292f3e1576c2bfb6d5cac728b5aaa8f452a9e9777
E100,130419,slice_063.png,98919,1d5738ea59fa5ce3e9dc1e975c40cf60f8aa8a44027f2448460225d7fbdd7037
E100,130419,slice_064.png,100208,71698f83277b6f7c043879e06d0f4e15383c61d25455365b5a6fb0e63e4c838e
